EMAIL,NAME,CONTACT_NAME,HANDLE,PLATFORM,PILLAR,SUBCATEGORY,TIER,REGION,COUNTRY,FRAMEWORK,SCORE,BIO_HOOK,DELTA_ALIGNMENT,PROFILE_URL,LEAD_ID
enquiries@guardian.edu.au,Guardian Childcare & Education,Head of Early Learning & Curriculum,@guardianchildcare,Instagram,Pillar III: Child Development,Major Early Learning Network (170+ Centres),Tier 1 (Macro / Institutional),Australia,Australia,EYLF,98,Leading 170+ custom-designed early learning centres across Australia; focused on natural environments and rich play-based transitions.,Screen vs. Sensory; Testing vs. Arts; Institution vs. Sanctuary,https://www.guardian.edu.au,lead-aus-026
info@oac.edu.au,Only About Children (OAC),Director of Education & Wellbeing,@onlyaboutchildren,Instagram,Pillar III: Child Development,Holistic Early Learning Campuses (80+ Campuses),Tier 1 (Macro / Institutional),Australia,"Australia (NSW, VIC, QLD)",EYLF,97,"Pioneering holistic early learning through the Grow curriculum; integrating speech pathology, occupational therapy, and rhythm.",Screen vs. Sensory; Algorithm vs. Handcrafted,https://www.oac.edu.au,lead-aus-027
info@candk.asn.au,C&K (Creche & Kindergarten Association),Chief Early Learning Officer,@candkchildcare,Facebook,Pillar I: Children's Music & Arts,Historic Not-for-Profit Kindergarten Network (320+ Centres),Tier 1 (Macro / Institutional),Australia,Australia (Queensland),EYLF,99,Over 116 years of play-based community kindergarten excellence; nurturing curiosity and oral language without digital overstimulation.,Screen vs. Sensory; Testing vs. Arts; Algorithm vs. Handcrafted,https://www.candk.asn.au,lead-aus-028
eca@earlychildhood.org.au,Early Childhood Australia (ECA),Publications & Professional Learning Committee,@earlychildhoodaustralia,Twitter/X,Pillar III: Child Development,National Peak Advocacy & Early Years Voice,Tier 1 (Macro / Institutional),Australia,Australia,EYLF,98,"The peak early childhood advocacy body in Australia since 1938; promoting high quality, screen-conscious practice across all services.",Institution vs. Sanctuary; Screen vs. Sensory,https://www.earlychildhoodaustralia.org.au,lead-aus-029
enquiries@busybees.com,Busy Bees Childcare UK,Head of Early Years Quality & Practice,@busybeeschildcare,Instagram,Pillar III: Child Development,UK's Largest Early Years Provider (390+ Nurseries),Tier 1 (Macro / Institutional),Europe,United Kingdom,EYFS,99,"Educating over 35,000 children across 390 nurseries in the UK; delivering world-class EYFS foundational education from birth to age 5.",Screen vs. Sensory; Testing vs. Arts,https://www.busybeeschildcare.co.uk,lead-europe-030
headoffice@kidsplanetdaynurseries.co.uk,Kids Planet Day Nurseries,Early Years Director of Learning,@kidsplanetdaynurseries,Instagram,Pillar I: Children's Music & Arts,Award-Winning National Nursery Group (240+ Nurseries),Tier 1 (Macro / Institutional),Europe,United Kingdom,EYFS,97,"Family-owned group operating 240+ high-quality nurseries; dedicated to holistic child development, living arts, and creative play.",Screen vs. Sensory; Algorithm vs. Handcrafted,https://www.kidsplanetdaynurseries.co.uk,lead-europe-031
info@childbase.com,Childbase Partnership,Director of Early Years Pedagogy,@childbasepartnership,Instagram,Pillar III: Child Development,Employee-Owned Premier Nursery Group (44 Nurseries),Tier 1 (Macro / Institutional),Europe,United Kingdom,EYFS,98,"Award-winning employee-owned nursery group; setting standard-of-excellence benchmarks for calm, sensory-rich early childhood environments.",Institution vs. Sanctuary; Screen vs. Sensory; Algorithm vs. Handcrafted,https://www.childbasepartnership.com,lead-europe-032
enquiries@earlyexcellence.com,Early Excellence UK,Curriculum & Training Advisory Board,@earlyexcellence,Twitter/X,Pillar I: Children's Music & Arts,National Early Childhood Resource & Pedagogy Leader,Tier 1 (Macro / Institutional),Europe,United Kingdom,EYFS,96,"The UK's premier provider of inspirational learning environments, pedagogy training, and continuous provision for ages 2–7.",Screen vs. Sensory; Testing vs. Arts,https://earlyexcellence.com,lead-europe-033
office@froebel.org.uk,Froebel Trust (UK & International),Head of Research & Education Grants,@froebeltrust,Twitter/X,Pillar IV: Holistic Family Lifestyle & Nature,Foundational Early Play & Nature Institute,Tier 2 (Community Connector),Europe,United Kingdom,Montessori / Waldorf,97,"Championing Friedrich Froebel's timeless early childhood philosophy: purposeful play, unity with nature, rhythm, and handcrafts.",Screen vs. Sensory; Algorithm vs. Handcrafted; Consumption vs. Quest,https://www.froebel.org.uk,lead-europe-034
info@cefa.org,CEFA Early Learning (Core Education & Fine Arts),VP of Curriculum & Academics,@cefa_schools,Instagram,Pillar I: Children's Music & Arts,Fine Arts & Academics Early Childhood Network (30+ Campuses),Tier 1 (Macro / Institutional),North America,Canada (BC & Alberta),Proprietary Early Learning,98,"Canada's premier junior kindergarten network blending fine arts, drama, classical rhythm, and foundational STEM for ages 1 to 5.",Testing vs. Arts; Screen vs. Sensory,https://cefa.org,lead-canada-035
info@brightpathkids.com,BrightPath Early Learning Canada,National Early Childhood Director,@brightpathkids,Instagram,Pillar III: Child Development,Major Canadian Early Care & Learning Network (100+ Centres),Tier 1 (Macro / Institutional),North America,"Canada (ON, AB, BC)",Play-Based & Inclusive Early Years,96,"Operating over 100 licensed early learning centres across Canada; delivering innovative, warm, and developmental child care.",Screen vs. Sensory; Institution vs. Sanctuary,https://brightpathkids.com,lead-canada-036
childcare@ymcagta.org,YMCA Child Care Canada (GTA & Regional),General Manager of Early Childhood Pedagogy,@ymcagta,Instagram,Pillar III: Child Development,Canada's Largest Non-Profit Licensed Child Care,Tier 1 (Macro / Institutional),North America,Canada,Play-Based & Inclusive Early Years,97,Canada's largest licensed child care provider; operating the renowned YMCA Playing to Learn™ play-based curriculum.,Institution vs. Sanctuary; Screen vs. Sensory; Testing vs. Arts,https://www.ymcagta.org/child-care,lead-canada-037
info@afeseo.ca,AFÉSEO (Services à l'Enfance Francophone),Direction Générale,@afeseo,Website,Pillar V: Multicultural & Bilingual Education,Peak Francophone Early Childhood Association,Tier 1 (Macro / Institutional),North America,Canada (Ontario),French Immersion / Maternelle,99,Leading provincial French-language early childhood organization in Ontario; dedicated to francophone linguistic identity and early arts.,Algorithm vs. Handcrafted; Screen vs. Sensory,https://afeseo.ca,lead-canada-038
info@britishorchardnursery.com,British Orchard Nursery (UAE & Middle East),Curriculum Director & Quality Assurance,@britishorchardnursery,Instagram,Pillar III: Child Development,Largest & Most Awarded Nursery Chain in UAE (25+ Campuses),Tier 1 (Macro / Institutional),Asia,"UAE (Dubai, Abu Dhabi, Sharjah)",EYFS,98,The Middle East's largest certified British EYFS nursery chain; pioneering holistic early years development and sensory-rich learning environments.,Screen vs. Sensory; Testing vs. Arts; Algorithm vs. Handcrafted,https://www.britishorchardnursery.com,lead-asia-039
enquiry@mulberrylearning.com,Mulberry Learning Singapore,Head of Academic Pedagogy,@mulberrylearning,Instagram,Pillar I: Children's Music & Arts,Habits of Mind Certified Preschool Chain (18+ Centres),Tier 1 (Macro / Institutional),Asia,Singapore,IB PYP / Reggio Emilia,97,Award-winning Singapore preschool brand; first in the world certified for Habits of Mind alongside Reggio-inspired inquiry.,Screen vs. Sensory; Algorithm vs. Handcrafted,https://mulberrylearning.com,lead-asia-040
contact@theodyssey.sg,Odyssey The Global Preschool,Director of Early Years Atelier & Music,@theodyssey_preschool,Instagram,Pillar I: Children's Music & Arts,Flagship Reggio Emilia Early Learning Campus,Tier 2 (Community Connector),Asia,Singapore & Regional,IB PYP / Reggio Emilia,96,Renowned luxury early childhood campus featuring dedicated music and art Ateliers inspired by the Reggio Emilia approach.,Screen vs. Sensory; Testing vs. Arts,https://theodyssey.sg,lead-asia-041
enrol@theblossomnursery.com,The Blossom Nursery (Babilou UAE),Area Education Manager,@theblossomnursery,Instagram,Pillar III: Child Development,Eco-Friendly Early Years Nursery Network (15+ Locations),Tier 1 (Macro / Institutional),Asia,UAE (Dubai),EYFS,95,Premier eco-friendly nursery group across Dubai; combining the British EYFS curriculum with modern sensory wellbeing and acoustic calming.,Screen vs. Sensory; Institution vs. Sanctuary,https://theblossomnursery.com,lead-asia-042
info@reddamhouse.com,Reddam House Early Learning Schools (ELS),Head of Early Learning School,@reddamhouse_sa,Instagram,Pillar III: Child Development,Premier Early Learning Campuses (Inspired Education),Tier 1 (Macro / Institutional),Africa,"South Africa (Cape Town, Gauteng, KZN)",Play-Based & Sensory Rhythm,98,Flagship Reggio Emilia-inspired early learning schools across South Africa; honoring the child as an active researcher through natural rhythm.,Screen vs. Sensory; Algorithm vs. Handcrafted,https://www.reddamhouse.com,lead-africa-043
info@crawfordinternational.co.za,Crawford International Pre-Primary,Director of Pre-Primary Academics,@crawfordinternational,Instagram,Pillar III: Child Development,Prestigious Pre-Primary Campus Network,Tier 1 (Macro / Institutional),Africa,South Africa,Play-Based & Sensory Rhythm,96,"Leading independent pre-primary schools focusing on purposeful play, confidence, and foundational motor development for ages 2–6.",Testing vs. Arts; Screen vs. Sensory,https://www.crawfordinternational.co.za,lead-africa-044
admissions@novapioneer.com,Nova Pioneer Early Years (East & South Africa),Head of Pre-Primary Academics,@novapioneer,Instagram,Pillar V: Multicultural & Bilingual Education,Pan-African Innovation Early School Network (16 Campuses),Tier 1 (Macro / Institutional),Africa,Kenya & South Africa,Competency-Based Early Years,97,"Developing 21st-century leaders through joyful, inquiry-based early childhood education across Nairobi and Johannesburg.",Institution vs. Sanctuary; Algorithm vs. Handcrafted,https://www.novapioneer.com,lead-africa-045
info@greenspringsschool.com,Greensprings School Pre-School Lagos,Head of Pre-School Education,@greenspringsschool,Instagram,Pillar I: Children's Music & Arts,Premier British & Montessori Early Foundation (3 Campuses),Tier 1 (Macro / Institutional),Africa,Nigeria,Montessori / Waldorf,96,"Pioneering Montessori early childhood in West Africa since 1985; developing sensory coordination, phonics, and early rhythm.",Testing vs. Arts; Screen vs. Sensory; Algorithm vs. Handcrafted,https://www.greenspringsschool.com,lead-africa-046
info@werockthespectrumkidsgym.com,We Rock the Spectrum Kid's Gym (National),National Franchise Development & Therapy Director,@werockthespectrumkidsgym,Instagram,Pillar III: Child Development,Sensory-Safe Pediatric Play & Therapy Network (140+ Gyms),Tier 1 (Macro / Institutional),North America,United States,Head Start / NAEYC,99,"Over 140 inclusive sensory gyms nationwide providing sensory-safe play, occupational motor development, and calm environments for ages 2–7.",Screen vs. Sensory; Algorithm vs. Handcrafted; Institution vs. Sanctuary,https://www.werockthespectrumkidsgym.com,lead-us-047
info@ctckids.org,Children's Therapy Center (CTC Early Intervention),Director of Early Childhood Therapy Services,@childrenstherapycenter,Instagram,Pillar III: Child Development,Pediatric Therapy & Early Intervention Network,Tier 1 (Macro / Institutional),North America,United States (Pacific NW),Head Start / NAEYC,97,Dedicated pediatric therapy provider maximizing potential for children ages 0–7 with developmental delays through sensory and speech therapy.,Screen vs. Sensory; Testing vs. Arts,https://www.ctckids.org,lead-us-048
ams@amshq.org,American Montessori Society (Early Childhood),Director of Early Childhood Accreditation,@americanmontessorisociety,Instagram,Pillar II: Homeschool Families,"National Montessori Peak Organization (1,200+ Schools)",Tier 1 (Macro / Institutional),North America,United States,Montessori / Waldorf,99,"The world's foremost Montessori organization; advocating for authentic child-centered, tactile, and screen-free discovery for ages 2–6.",Screen vs. Sensory; Algorithm vs. Handcrafted; Consumption vs. Quest,https://amshq.org,lead-us-049
info@nhsa.org,National Head Start Association (NHSA Innovation Hub),Director of Early Learning Innovation & Grants,@natlheadstart,Twitter/X,Pillar III: Child Development,National Head Start Peak Voice (1M+ Children),Tier 1 (Macro / Institutional),North America,United States,Head Start / NAEYC,99,"The unwavering voice for 1 million vulnerable children across 1,600 community agencies; safeguarding high-quality early childhood development.",Screen vs. Sensory; Testing vs. Arts; Institution vs. Sanctuary,https://nhsa.org,lead-us-050
info@afecn.org,African Early Childhood Network (AfECN),Executive Secretariat,@afecn_org,Website,Pillar V: Multicultural & Bilingual Education,Pan-African Early Childhood Peak Body,Tier 1 (Macro / Institutional),Africa,Kenya / Pan-African,Pan-African Foundational Early Years,97,"Championing early childhood policy and standards across 45+ African nations; prioritizing culturally rooted, foundational learning.",Institution vs. Sanctuary; Algorithm vs. Handcrafted; Screen vs. Sensory,https://afecn.org,lead-africa-001
engage@curro.co.za,Curro Early Childhood Education,Head of Early Childhood,@curro_holdings,Instagram,Pillar III: Child Development,Private Pre-K & Nursery Network (70+ Centers),Tier 1 (Macro / Institutional),Africa,South Africa,Play-Based & Sensory Rhythm,95,South Africa's leading private preschool network (Curro Castles); nurturing early sensory-motor development for ages 2–6.,Screen vs. Sensory; Testing vs. Arts,https://www.curro.co.za/schools/curro-castles/,lead-africa-002
info@coronaschools.org,Corona Schools' Trust Council,Director of Early Years Education,@coronaschoolstrust,Instagram,Pillar V: Multicultural & Bilingual Education,Premier Early Foundation Trust,Tier 1 (Macro / Institutional),Africa,Nigeria,British Early Years / Foundation,94,Over 65 years delivering world-class foundational early education in West Africa; focusing on phonemic mastery and rhythmic arts.,Testing vs. Arts; Algorithm vs. Handcrafted,https://coronaschools.org,lead-africa-003
info@makinischool.com,Makini Early Years Academy,Head of Pre-School,@makinischools,Instagram,Pillar I: Children's Music & Arts,East African Foundational Academy,Tier 2 (Community Connector),Africa,Kenya,Competency-Based Early Years,92,"Renowned East African early childhood campus integrating music, expressive storytelling, and hands-on tactile discovery.",Screen vs. Sensory; Consumption vs. Quest,https://makinischool.com,lead-africa-004
contact@efs.sn,École Franco-Sénégalaise (Early Years),Directrice de l'École Maternelle,@efs_dakar,Website,Pillar V: Multicultural & Bilingual Education,French Immersion & Bilingual Maternelle,Tier 2 (Community Connector),Africa,Senegal,French Immersion / Maternelle,96,Excellence in French-language early childhood immersion for ages 2–6 in Dakar; blending living French with African cultural warmth.,Algorithm vs. Handcrafted; Screen vs. Sensory,https://www.efs-dakar.com,lead-africa-005
enquiry@etonhouse.edu.sg,EtonHouse International Education Group,Director of Early Childhood Curriculum,@etonhouse_intl,Instagram,Pillar III: Child Development,International Pre-School Chain (120+ Campuses),Tier 1 (Macro / Institutional),Asia,Singapore / Regional Asia,IB PYP / Reggio Emilia,98,"Operating 120+ campuses across 11 Asian countries; international leader in inquiry-based, Reggio-inspired early childhood.",Screen vs. Sensory; Algorithm vs. Handcrafted; Consumption vs. Quest,https://www.etonhouse.edu.sg,lead-asia-006
enquiries@mindchamps.org,MindChamps Early Learning,VP of Early Childhood Curriculum,@mindchamps.sg,Instagram,Pillar I: Children's Music & Arts,Neuroscience-Based Pre-School Chain (85+ Centers),Tier 1 (Macro / Institutional),Asia,Singapore & Australia,Neuroscience Early Learning / Music-Powered,97,"Pioneered the 'Champion Mindset' curriculum based on neuroscience research; emphasizing rhythm, phonics, and acoustic memory.",Testing vs. Arts; Screen vs. Sensory,https://www.mindchamps.org,lead-asia-007
info@maplebear.sg,Maple Bear South Asia & Global,Academic Director,@maplebear_global,Instagram,Pillar V: Multicultural & Bilingual Education,Bilingual Canadian Early Education (550+ Centers),Tier 1 (Macro / Institutional),Asia,"Singapore, India, Vietnam, Korea",Canadian Bilingual / Play-Based,96,Bringing Canadian bilingual early childhood immersion to over 550 schools worldwide; grounding literacy in living stories and rhythm.,Screen vs. Sensory; Testing vs. Arts,https://www.maplebear.sg,lead-asia-008
info@gemseducation.com,GEMS Early Years (GEMS Education),Head of Early Years Foundation Stage,@gems_education,Instagram,Pillar III: Child Development,Middle East International School Network,Tier 1 (Macro / Institutional),Asia,UAE (Dubai / Abu Dhabi),EYFS & IB PYP,95,The Middle East's largest network of international schools; pioneering holistic early years foundation stage programs in the GCC.,Institution vs. Sanctuary; Screen vs. Sensory,https://www.gemseducation.com,lead-asia-009
care@zeelearn.com,Kidzee Pre-School Network,National Head of Early Childhood Content,@kidzee_official,Instagram,Pillar I: Children's Music & Arts,"Pan-India Pre-School Network (1,900+ Centers)",Tier 1 (Macro / Institutional),Asia,India,iCare Early Childhood / Multi-Sensory,96,Asia's largest preschool network nurturing over 1 million children through Pentemind and multi-sensory rhythm methodology.,Testing vs. Arts; Screen vs. Sensory; Algorithm vs. Handcrafted,https://www.kidzee.com,lead-asia-010
info@cccf-fcsge.ca,Canadian Child Care Federation (CCCF),National Early Learning Director,@cccf_fcsge,Twitter/X,Pillar III: Child Development,National Early Learning Federation,Tier 1 (Macro / Institutional),North America,Canada,Play-Based & Inclusive Early Years,97,"Canada's largest national early childhood organization; advocating for high-quality, inclusive, play-based early learning for all children.",Institution vs. Sanctuary; Screen vs. Sensory; Algorithm vs. Handcrafted,https://cccf-fcsge.ca,lead-canada-011
info@kidsandcompany.com,Kids & Company Canada,Director of Curriculum & Learning,@kidsandcompany,Instagram,Pillar III: Child Development,National Early Childhood Center Network (120+ Centers),Tier 1 (Macro / Institutional),North America,Canada,Proprietary Early Learning,95,"Providing proprietary developmental early learning across Canada; specializing in emergent literacy, physical movement, and music.",Screen vs. Sensory; Testing vs. Arts,https://kidsandcompany.com,lead-canada-012
info@cepeo.on.ca,CEPEO Écoles Françaises (Maternelle & Jardin),Direction de l'Éducation de la Petite Enfance,@cepeo_ecoles,Website,Pillar V: Multicultural & Bilingual Education,French Language Public School Board,Tier 1 (Macro / Institutional),North America,Canada (Ontario / Quebec),French Immersion / Maternelle,98,"Governing 44 public French-language schools; fostering authentic linguistic culture, phonemic fluency, and joyful arts from age 2.",Algorithm vs. Handcrafted; Screen vs. Sensory,https://cepeo.on.ca,lead-canada-013
admissions@tmsschool.ca,Toronto Montessori Schools (TMS Early Years),Head of Toddler & Children's House,@tmsschool,Instagram,Pillar II: Homeschool Families,Flagship Canadian Montessori Campus,Tier 2 (Community Connector),North America,Canada,Montessori / Waldorf,94,"One of Canada's oldest and most respected Montessori schools; fostering deep concentration, independence, and tactile grace for ages 2–6.",Screen vs. Sensory; Consumption vs. Quest,https://www.tmsschool.ca,lead-canada-014
support@goodstart.org.au,Goodstart Early Learning,National Pedagogy & Practice Leader,@goodstart_early_learning,Instagram,Pillar III: Child Development,Australia's Largest Non-Profit Early Learning (660+ Centers),Tier 1 (Macro / Institutional),Australia,Australia,EYLF,99,"Australia's largest social enterprise in early learning; educating 70,000+ children across 660 centers with play-based acoustic joy.",Screen vs. Sensory; Testing vs. Arts; Institution vs. Sanctuary,https://www.goodstart.org.au,lead-aus-015
admin@childcarealliance.org.au,Australian Childcare Alliance (ACA),National Executive Committee,@childcarealliance_au,Website,Pillar III: Child Development,Peak Early Childhood Industry Body,Tier 1 (Macro / Institutional),Australia,Australia,EYLF,96,"Representing over 2,500 early childhood education and care services across Australia; championing sector quality and educator well-being.",Screen vs. Sensory; Algorithm vs. Handcrafted,https://childcarealliance.org.au,lead-aus-016
info@montessori.org.au,Montessori Australia,Director of Educational Services,@montessori_australia,Instagram,Pillar II: Homeschool Families,National Montessori Peak Organization,Tier 1 (Macro / Institutional),Australia,Australia,Montessori / Waldorf,95,"The peak body for Montessori education in Australia; supporting over 300 member schools with authentic, screen-free pedagogy.",Screen vs. Sensory; Algorithm vs. Handcrafted,https://montessori.org.au,lead-aus-017
info@g8education.edu.au,G8 Education Early Learning,Head of Early Learning Practice,@g8_education,LinkedIn,Pillar III: Child Development,Major Early Childhood Provider (430+ Centers),Tier 1 (Macro / Institutional),Australia,Australia,EYLF,96,Operating 430+ centers across Australia; committed to creating memorable childhood learning foundations rooted in play and music.,Screen vs. Sensory; Testing vs. Arts,https://g8education.edu.au,lead-aus-018
enquiries@beststart.co.nz,BestStart Educare (New Zealand),National Professional Services Manager,@beststart_nz,Instagram,Pillar III: Child Development,NZ's Largest Early Learning Provider (260+ Centers),Tier 1 (Macro / Institutional),Australia,New Zealand,EYLF,94,New Zealand's largest early childhood educator; integrating Te Whāriki early curriculum with joyful expressive music.,Screen vs. Sensory; Institution vs. Sanctuary,https://beststart.co.nz,lead-aus-019
info@ndna.org.uk,National Day Nurseries Association (NDNA UK),Director of Quality & Workforce Development,@ndnatalk,Twitter/X,Pillar III: Child Development,UK National Day Nurseries Association,Tier 1 (Macro / Institutional),Europe,United Kingdom,EYFS,99,The national charity and membership association for day nurseries across the UK; empowering nurseries to deliver high-quality early learning.,Screen vs. Sensory; Testing vs. Arts; Algorithm vs. Handcrafted,https://ndna.org.uk,lead-europe-020
contact@babilou.fr,Babilou Family Europe,Directrice Pédagogique Groupe,@babilou_officiel,Instagram,Pillar III: Child Development,"European Early Learning Network (1,000+ Centers)",Tier 1 (Macro / Institutional),Europe,France & Continental Europe,French Immersion / Maternelle,98,"A European powerhouse with over 1,000 nurseries across France, Germany, and Switzerland; dedicated to children's natural development through rhythm and play.",Screen vs. Sensory; Algorithm vs. Handcrafted; Institution vs. Sanctuary,https://www.babilou-family.com,lead-europe-021
admissions@nordanglia.com,Nord Anglia Education (Early Years),Global Head of Early Childhood,@nordangliaeducation,Instagram,Pillar I: Children's Music & Arts,Elite International School Network (85 Campuses),Tier 1 (Macro / Institutional),Europe,UK & International (33 Countries),EYFS,97,Operating 85 premium international schools globally; partnered with Juilliard for performing arts education from age 2.,Testing vs. Arts; Screen vs. Sensory,https://www.nordangliaeducation.com,lead-europe-022
info@montessori.org.uk,Montessori Centre International (MCI London),Director of Academic Studies,@mci_london,Instagram,Pillar II: Homeschool Families,Global Montessori Training & Quality Centre,Tier 2 (Community Connector),Europe,United Kingdom,Montessori / Waldorf,95,London's leading international centre for Montessori early years teacher education and authentic Montessori child research.,Screen vs. Sensory; Algorithm vs. Handcrafted,https://www.montessori.org.uk,lead-europe-023
communications@cobis.org.uk,Council of British International Schools (COBIS),Early Years Steering Group,@cobisorg,Twitter/X,Pillar III: Child Development,British International Schools Association (450+ Schools),Tier 1 (Macro / Institutional),Europe,Europe & Global (80 Countries),EYFS,96,Representing over 450 British international schools in 80 countries; sharing best practices in British EYFS early childhood development.,Testing vs. Arts; Screen vs. Sensory,https://www.cobis.org.uk,lead-europe-024
reception@isparis.net,International School of Paris (Early Childhood PYP),Early Childhood PYP Coordinator,@isparis_school,Instagram,Pillar V: Multicultural & Bilingual Education,Flagship European IB PYP Early Years,Tier 2 (Community Connector),Europe,France,IB PYP,95,"The only fully accredited IB World School in Paris; providing holistic, multi-lingual early childhood inquiry for ages 3–6.",Screen vs. Sensory; Consumption vs. Quest,https://www.isparis.net,lead-europe-025
info@kindermusik.com,Kindermusik International,Partnership Team,@kindermusik,Instagram,Pillar I: Children's Music & Arts,Music & Movement Curriculum,Tier 1 (Macro / Institutional),North America,United States,,76,Pioneering early childhood music & movement for 40+ years; sharing joyful classroom rhythm for ages 0-7.,Screen vs. Sensory; Testing vs. Arts; Algorithm vs. Handcrafted,https://www.instagram.com/kindermusik,lead-001
management@raffinews.com,Raffi Cavoukian,Raffi / Child Honouring Foundation,@raffikidsclub,Instagram,Pillar I: Children's Music & Arts,Children's Folk & Advocacy,Tier 1 (Macro / Institutional),North America,United States,,64,"Legendary children's troubadour and founder of Child Honouring; advocating for respectful, musical childhood.",Institution vs. Sanctuary; Consumption vs. Quest; Screen vs. Sensory,https://www.instagram.com/raffikidsclub,lead-002
help@theartofeducation.edu,The Art of Education University,Media & Outreach Team,@theartsofeducation,Instagram,Pillar I: Children's Music & Arts,Art Educator Professional Dev,Tier 1 (Macro / Institutional),North America,United States,,77,Leading professional development network for visual arts and performing arts educators.,Testing vs. Arts; Algorithm vs. Handcrafted,https://www.instagram.com/theartsofeducation,lead-003
musicedwithmissy@gmail.com,Missy (Music Ed with Missy),Missy,@musicedwithmissy,Instagram,Pillar I: Children's Music & Arts,Elementary & ECE Music Teacher,Tier 2 (Community Connector),North America,United States,,73,"Classroom music educator sharing Orff/Kodály rhythm games, vocal explorations, and early beat-keeping.",Testing vs. Arts; Screen vs. Sensory,https://www.instagram.com/musicedwithmissy,lead-004
hello@musicforkiddos.com,Stephanie Leavell (Music for Kiddos),"Stephanie Leavell, MT-BC",@music_for_kiddos,Instagram,Pillar I: Children's Music & Arts,Board-Certified Music Therapist,Tier 2 (Community Connector),North America,United States,,69,"Board Certified Music Therapist creating high-quality songs and resources for music therapists, educators & parents.",Screen vs. Sensory; Testing vs. Arts; Algorithm vs. Handcrafted,https://www.instagram.com/music_for_kiddos,lead-005
mollieteachesmusic@gmail.com,Mollie Teaches Music,Mollie,@mollieteachesmusic,Instagram,Pillar I: Children's Music & Arts,Primary Music Educator,Tier 3 (Grassroots Innovator),North America,United States,,71,"Sharing energetic elementary music room routines, call-and-response songs, and rhythm instruments.",Testing vs. Arts; Screen vs. Sensory,https://www.instagram.com/mollieteachesmusic,lead-006
aep@ecs.org,Arts Education Partnership,Advocacy Director,@arts.ed.partnership,Instagram,Pillar I: Children's Music & Arts,Arts Policy & Research,Tier 2 (Community Connector),North America,United States,,61,National coalition advancing arts education through evidence-based research and policy advocacy.,Testing vs. Arts; Institution vs. Sanctuary,https://www.instagram.com/arts.ed.partnership,lead-007
anya@montessorifromtheheart.com,Anya Garcia (Montessori From The Heart),Anya Garcia,@montessorifromtheheart,Instagram,Pillar II: Homeschool Families,Montessori Early Years,Tier 1 (Macro / Institutional),North America,United States,,86,"Ex-lawyer turned Montessori expert; championing screen-free, sensorial hands-on early childhood learning.",Screen vs. Sensory; Algorithm vs. Handcrafted; Consumption vs. Quest,https://www.instagram.com/montessorifromtheheart,lead-008
thatcalteacherlife@gmail.com,Stephanie Cavin (That Cal Teacher Life),Stephanie Cavin,@thatcalteacherlife,Instagram,Pillar II: Homeschool Families,Working Parent Homeschooling,Tier 1 (Macro / Institutional),North America,United States,,79,Certified teacher helping working parents homeschool with efficient 2-hour daily mastery frameworks.,Consumption vs. Quest; Screen vs. Sensory,https://www.instagram.com/thatcalteacherlife,lead-009
hello@wonderledlife.com,Johanna (Wonderled Life),Johanna,@wonderled.life,Instagram,Pillar II: Homeschool Families,Waldorf & Slow Living,Tier 1 (Macro / Institutional),North America,United States,,85,"Learning slowly, simply, fully; nature-inspired seasonal rhythms and storybook living education.",Algorithm vs. Handcrafted; Screen vs. Sensory; Institution vs. Sanctuary,https://www.instagram.com/wonderled.life,lead-010
pepperandpine@gmail.com,Hana (Pepper and Pine),Hana,@pepperandpine,Instagram,Pillar II: Homeschool Families,Waldorf Homeschool & Handwork,Tier 2 (Community Connector),North America,United States,,95,"Waldorf homeschooling in California with seasonal handwork, living books, and slow childhood rhythms.",Algorithm vs. Handcrafted; Screen vs. Sensory; Consumption vs. Quest,https://www.instagram.com/pepperandpine,lead-011
hello@treehouseschoolhouse.com,Lyndsey (Treehouse Schoolhouse),Lyndsey,@treehouse_schoolhouse,Instagram,Pillar II: Homeschool Families,Charlotte Mason & Living Books,Tier 2 (Community Connector),North America,United States,,83,"Curating wonder-filled Charlotte Mason living book studies, seasonal songs, and connected family habits.",Consumption vs. Quest; Algorithm vs. Handcrafted,https://www.instagram.com/treehouse_schoolhouse,lead-012
leah@yournaturallearner.com,Leah McDermott (Your Natural Learner),"Leah McDermott, M.Ed",@yournaturallearner,Instagram,Pillar II: Homeschool Families,Unschooling & Child-Led Learning,Tier 2 (Community Connector),North America,United States,,83,"M.Ed educator advocating for unschooling, natural learning, and neurodivergent-friendly freedom.",Institution vs. Sanctuary; Consumption vs. Quest,https://www.instagram.com/yournaturallearner,lead-013
partnerships@goodinside.com,Dr. Becky Kennedy (Good Inside),Partnerships Team / Dr. Becky,@drbeckyatgoodinside,Instagram,Pillar III: Child Development,Clinical Child Psychology & SEL,Tier 1 (Macro / Institutional),North America,United States,,77,Clinical psychologist & NYT bestselling author; transforming parenting through emotional regulation & sturdy leadership.,Institution vs. Sanctuary; Screen vs. Sensory; Testing vs. Arts,https://www.instagram.com/drbeckyatgoodinside,lead-014
outreach@zerotothree.org,ZERO TO THREE,Early Learning Partnership Group,@zerotothree,Instagram,Pillar III: Child Development,Infant & Toddler Development Advocacy,Tier 1 (Macro / Institutional),North America,United States,,64,Premier national nonprofit dedicated to ensuring all babies and toddlers have a strong start in life.,Screen vs. Sensory; Testing vs. Arts; Institution vs. Sanctuary,https://www.instagram.com/zerotothree,lead-015
playingwithchanel@gmail.com,"Priscila Yu, OTR/L (Playing With Chanel)","Priscila Yu, OTR/L",@playingwithchanel,Instagram,Pillar III: Child Development,Pediatric Occupational Therapy,Tier 2 (Community Connector),North America,United States,,73,"Pediatric OT providing sensory-rich, developmental motor & cognitive play for babies and toddlers.",Screen vs. Sensory; Algorithm vs. Handcrafted,https://www.instagram.com/playingwithchanel,lead-016
communications@childmind.org,Child Mind Institute,Editorial & Partnerships,@childmindinstitute,Instagram,Pillar III: Child Development,Child Mental Health & Neurodiversity,Tier 1 (Macro / Institutional),North America,United States,,71,"Independent nonprofit advancing children's mental health, learning disorder support, and healthy digital habits.",Screen vs. Sensory; Institution vs. Sanctuary,https://www.instagram.com/childmindinstitute,lead-017
partners@biglittlefeelings.com,Big Little Feelings,Deena Margolin & Kristin Gallant,@biglittlefeelings,Instagram,Pillar III: Child Development,Toddler SEL & Emotional Scripts,Tier 1 (Macro / Institutional),North America,United States,,72,"Child therapist & toddler parent duo sharing real scripts for tantrums, big feelings, and gentle boundaries.",Institution vs. Sanctuary; Screen vs. Sensory,https://www.instagram.com/biglittlefeelings,lead-018
ginny@1000hoursoutside.com,Ginny Yurich (1000 Hours Outside),Ginny Yurich,@1000hoursoutside,Instagram,Pillar IV: Holistic Family Lifestyle,Nature Play & Anti-Screen Movement,Tier 1 (Macro / Institutional),North America,United States,,72,Global movement reclaiming outdoor childhood; matching screen time with green time for healthy brains.,Screen vs. Sensory; Algorithm vs. Handcrafted; Institution vs. Sanctuary; Consumption vs. Quest,https://www.instagram.com/1000hoursoutside,lead-019
susie@busytoddler.com,Susie Allison (Busy Toddler),"Susie Allison, M.Ed",@busytoddler,Instagram,Pillar IV: Holistic Family Lifestyle,Play-Based Learning & Playing Preschool,Tier 1 (Macro / Institutional),North America,United States,,74,Former kindergarten teacher & creator of Playing Preschool; bringing sanity back to parenting with simple play.,Screen vs. Sensory; Testing vs. Arts; Algorithm vs. Handcrafted,https://www.instagram.com/busytoddler,lead-020
contact@gentleparentingcollective.com,Gentle Parenting Collective,Editorial Curators,@gentleparenting.collective,Instagram,Pillar IV: Holistic Family Lifestyle,Conscious Discipline & Gentle Mama,Tier 2 (Community Connector),North America,United States,,66,Community of conscious parents and therapists rewriting generational patterns through connection over coercion.,Institution vs. Sanctuary; Screen vs. Sensory,https://www.instagram.com/gentleparenting.collective,lead-021
tara@littlepinelearners.com,Tara Rondinelli (Little Pine Learners),Tara Rondinelli,@littlepinelearners,Instagram,Pillar IV: Holistic Family Lifestyle,Nature Crafts & Seasonal Rhythms,Tier 2 (Community Connector),North America,United States,,90,"Nature-infused early learning, seasonal sensory crafts, and intentional slow living for homeschoolers.",Algorithm vs. Handcrafted; Screen vs. Sensory; Consumption vs. Quest,https://www.instagram.com/littlepinelearners,lead-022
learningbilingually@gmail.com,Laura (Learning Bilingually),Laura,@learningbilingually,Instagram,Pillar V: Multicultural & Bilingual Education,Spanish-English Bilingual Literacy,Tier 2 (Community Connector),North America,United States,,77,Bilingual educator creating Spanish-English early reading and writing scaffolds for home and classroom.,Algorithm vs. Handcrafted; Testing vs. Arts; Screen vs. Sensory,https://www.instagram.com/learningbilingually,lead-023
support@theculturedkid.com,Shannon (The Cultured Kid),Shannon,@theculturedkid,Instagram,Pillar V: Multicultural & Bilingual Education,Global Citizenship & World Languages,Tier 2 (Community Connector),North America,United States,,74,"Teaching kids French, Spanish, Italian, and Mandarin through immersive music, culture, and games.",Consumption vs. Quest; Screen vs. Sensory,https://www.instagram.com/theculturedkid,lead-024
ninosandnature@gmail.com,Naomi (Niños and Nature),Naomi,@ninos.and.nature,Instagram,Pillar V: Multicultural & Bilingual Education,Spanish Immersion Through Nature,Tier 3 (Grassroots Innovator),North America,United States,,78,"Raising bilingual kids without perfection; teaching Spanish through nature exploration, songs, and sensory play.",Screen vs. Sensory; Algorithm vs. Handcrafted,https://www.instagram.com/ninos.and.nature,lead-025
jose@josemedina1000.com,Dr. José Medina,Dr. José Medina,@jose.medina,TikTok,Pillar V: Multicultural & Bilingual Education,Dual Language & Translanguaging Advocacy,Tier 1 (Macro / Institutional),North America,United States,,77,Global dual language consultant and translanguaging champion; advocating for identity-centered multicultural education.,Institution vs. Sanctuary; Testing vs. Arts,https://www.tiktok.com/@jose.medina,lead-026
multiculturalkidblogs@gmail.com,Multicultural Kid Blogs,Editorial Board,@multiculturalkidblogs,Instagram,Pillar V: Multicultural & Bilingual Education,Global Diversity & Multilingual Parenting,Tier 2 (Community Connector),North America,United States,,64,"Global collaborative network of bloggers, authors, and educators raising world-aware, multilingual children.",Consumption vs. Quest; Institution vs. Sanctuary,https://www.instagram.com/multiculturalkidblogs,lead-027
sajonesceramic@gmail.com,Sarah Mundy (Ceramics & Classroom Arts),Sarah Mundy,@sajonesceramic,TikTok,Pillar I: Children's Music & Arts,Sensory & Tactile Art Education,Tier 3 (Grassroots Innovator),North America,United States,,64,"Early years ceramics and tactile arts educator making creative mud, clay, and sensory sculpting accessible.",Algorithm vs. Handcrafted; Screen vs. Sensory,https://www.tiktok.com/@sajonesceramic,lead-028
elementaryartscontact@gmail.com,Andrew Kiczek (Elementary Arts),Andrew Kiczek,@elementaryarts,TikTok,Pillar I: Children's Music & Arts,Primary Visual Arts Educator,Tier 2 (Community Connector),North America,United States,,61,Primary arts educator inspiring imagination with high-energy classroom demonstrations and project guides.,Testing vs. Arts; Algorithm vs. Handcrafted,https://www.tiktok.com/@elementaryarts,lead-029
lila.montessori.edu@gmail.com,Lila Montessori,Lila,@lilamontessori,Instagram,Pillar II: Homeschool Families,Montessori Practical Life & Materials,Tier 2 (Community Connector),North America,United States,,73,"Curating authentic Montessori prepared environments, sensory trays, and language nomenclature cards for ages 3-7.",Screen vs. Sensory; Algorithm vs. Handcrafted,https://www.instagram.com/lilamontessori,lead-030
hello@raisingwildflowers.co,Raising Wildflowers Homeschool,Elena Vance,@raisingwildflowers.co,Instagram,Pillar II: Homeschool Families,Nature-Based Charlotte Mason,Tier 3 (Grassroots Innovator),North America,United States,,85,"Wildschooling mama sharing nature journaling, poetry teatimes, and acoustic folk rhymes.",Screen vs. Sensory; Consumption vs. Quest,https://www.instagram.com/raisingwildflowers.co,lead-031
collabs@sensoryplaydays.com,Sensory Play Days,Claire Morgan,@sensoryplaydays,Instagram,Pillar III: Child Development,Sensory Processing & Regulation,Tier 2 (Community Connector),North America,United States,,61,"Sensory play ideas and regulating routines for neurodivergent, SPD, and highly sensitive little ones.",Screen vs. Sensory; Institution vs. Sanctuary,https://www.instagram.com/sensoryplaydays,lead-032
hola@bilingualbuds.com,Bilingual Buds Co.,Marisol Diaz,@bilingualbuds,Instagram,Pillar V: Multicultural & Bilingual Education,Dual Language Preschool Co-op,Tier 3 (Grassroots Innovator),North America,United States,,73,"Dual immersion playgroups, Spanish nursery rhymes, and multicultural picture books for early language builders.",Testing vs. Arts; Screen vs. Sensory,https://www.instagram.com/bilingualbuds,lead-033
community@bewildandfree.org,Wild & Free Homeschool Co-op Network,Community Directors,@wildandfree.groups,Instagram,Pillar IV: Holistic Family Lifestyle,Nature-Centered Homeschool Community,Tier 1 (Macro / Institutional),North America,United States,,81,"A global community of mothers pursuing nature, literature, and adventure-rich wonder in family education.",Screen vs. Sensory; Algorithm vs. Handcrafted; Institution vs. Sanctuary; Consumption vs. Quest,https://www.instagram.com/wildandfree.groups,lead-034
hayley@thegentlemama.com,The Gentle Mama,Hayley,@thegentle_mama,Instagram,Pillar IV: Holistic Family Lifestyle,"Calm, Connected Early Childhood",Tier 3 (Grassroots Innovator),North America,United States,,57,"Sharing calm, connected, respectful parenting moments and quiet home rhythms.",Institution vs. Sanctuary; Screen vs. Sensory,https://www.instagram.com/thegentle_mama,lead-035
en@creator.placeholder,En,En,@en,Web / Platform,Pillar I: Children's Music & Arts,Live Discovered Creator,Tier 2 (Community Connector),North America,United States,,66,"Music is the arrangement of sound to create some combination of form, harmony, melody, rhythm, or otherwise expressive content. …",Testing vs. Arts,https://en.wikipedia.org/wiki/Music,lead-live-55716
music@creator.placeholder,Music,Music,@music,Web / Platform,Pillar I: Children's Music & Arts,Live Discovered Creator,Tier 2 (Community Connector),North America,United States,,61,"Listen to millions of songs, watch music videos, and experience live performances all on Apple Music. Play on web, in app, or on …",Testing vs. Arts,https://music.apple.com/us/new,lead-live-39012
youtube@creator.placeholder,Youtube,Youtube,@youtube,Web / Platform,Pillar I: Children's Music & Arts,Live Discovered Creator,Tier 2 (Community Connector),North America,United States,,61,"Visit the YouTube Music Channel to find today’s top talent, featured artists, and playlists. Subscribe to see the latest in the music …",Testing vs. Arts,https://www.youtube.com/channel/UC-9-kyTW8ZkZNDHQJ6FgpwQ,lead-live-90591
allmusic@creator.placeholder,AllMusic,AllMusic,@allmusic,Web / Platform,Pillar I: Children's Music & Arts,Live Discovered Creator,Tier 2 (Community Connector),North America,United States,,61,5 days ago · AllMusic provides comprehensive music info including reviews and biographies. Get recommendations for new music to …,Testing vs. Arts,https://www.allmusic.com/,lead-live-54370
open@creator.placeholder,Open,Open,@open,Web / Platform,Pillar I: Children's Music & Arts,Live Discovered Creator,Tier 2 (Community Connector),North America,United States,,61,Spotify is a digital music service that gives you access to millions of songs.,Testing vs. Arts,https://open.spotify.com/,lead-live-46025
visitlasvegas@creator.placeholder,Visitlasvegas,Visitlasvegas,@visitlasvegas,Web / Platform,Pillar I: Children's Music & Arts,Live Discovered Creator,Tier 2 (Community Connector),North America,United States,,61,"The only official website of Las Vegas. Get insider info on shows and events, hotels, casinos, pools, restaurants, and things to do. …",Testing vs. Arts,https://www.visitlasvegas.com/,lead-live-58107
tripadvisor@creator.placeholder,Tripadvisor,Tripadvisor,@tripadvisor,Web / Platform,Pillar I: Children's Music & Arts,Live Discovered Creator,Tier 2 (Community Connector),North America,United States,,61,"Things to Do in Las Vegas, Nevada: See Tripadvisor's 2,959,945 traveler reviews and photos of Las Vegas tourist attractions. Find …",Testing vs. Arts,https://www.tripadvisor.com/Attractions-g45963-Activities-Las_Vegas_Nevada.html,lead-live-74139
timeout@creator.placeholder,Timeout,Timeout,@timeout,Web / Platform,Pillar I: Children's Music & Arts,Live Discovered Creator,Tier 2 (Community Connector),North America,United States,,61,"Jan 15, 2026 · Whether you’re here for a wild weekend or to catch a game or a concert, we’ve got you covered with the best things to …",Testing vs. Arts,https://www.timeout.com/las-vegas/things-to-do/best-things-to-do-in-las-vegas,lead-live-23915
traveltourister@creator.placeholder,Traveltourister,Traveltourister,@traveltourister,Web / Platform,Pillar I: Children's Music & Arts,Live Discovered Creator,Tier 2 (Community Connector),North America,United States,,61,"Mar 16, 2026 · Discover the 50 best things to do in Las Vegas 2026 — from Cirque du Soleil and MSG Sphere to Grand Canyon day …",Testing vs. Arts,https://www.traveltourister.com/articles/things-to-do-in-las-vegas/,lead-live-36323
amshq@creator.placeholder,What Is Montessori?,What,@amshq,Web / Platform,Pillar II: Homeschool Families,Live Discovered Creator,Tier 2 (Community Connector),North America,United States,,78,"Learn what Montessori education is, how it works, and why families and educators around the world choose the Montessori approach.",Algorithm vs. Handcrafted; Institution vs. Sanctuary,https://amshq.org/about-montessori/press-kit/what-is-montessori/,lead-live-40849
simplypsychology@creator.placeholder,Simplypsychology,Simplypsychology,@simplypsychology,Web / Platform,Pillar II: Homeschool Families,Live Discovered Creator,Tier 2 (Community Connector),North America,United States,,92,"Feb 2, 2024 · Montessori education is a child-centered approach that encourages self-directed learning through hands-on activities …",Screen vs. Sensory; Algorithm vs. Handcrafted; Institution vs. Sanctuary; Consumption vs. Quest,https://www.simplypsychology.org/montessori-method-of-education.html,lead-live-50446
britannica@creator.placeholder,Maria Montessori,Maria,@britannica,Web / Platform,Pillar II: Homeschool Families,Live Discovered Creator,Tier 2 (Community Connector),North America,United States,,78,"6 days ago · Maria Montessori, Italian educator and originator of the educational system that bears her name. The Montessori …",Algorithm vs. Handcrafted; Institution vs. Sanctuary,https://www.britannica.com/biography/Maria-Montessori,lead-live-63941
montessoriup@creator.placeholder,Montessoriup,Montessoriup,@montessoriup,Web / Platform,Pillar II: Homeschool Families,Live Discovered Creator,Tier 2 (Community Connector),North America,United States,,78,"Sep 24, 2021 · What is Montessori? The Montessori method is an educational approach developed by Italian physician Maria …",Algorithm vs. Handcrafted; Institution vs. Sanctuary,https://www.montessoriup.com/what-is-montessori/,lead-live-20348
montessoriguide@creator.placeholder,Montessoriguide,Montessoriguide,@montessoriguide,Web / Platform,Pillar II: Homeschool Families,Live Discovered Creator,Tier 2 (Community Connector),North America,United States,,78,"An online Montessori resource tool for teachers and parents, with videos and articles that illustrate Montessori classrooms and best …",Algorithm vs. Handcrafted; Institution vs. Sanctuary,https://montessoriguide.org/,lead-live-15766
montessori@creator.placeholder,Montessori,Montessori,@montessori,Web / Platform,Pillar II: Homeschool Families,Live Discovered Creator,Tier 2 (Community Connector),North America,United States,,85,Montessori 101 This 80-page full-color illustrated publication is a wonderful resource for anyone seeking to demystify Montessori. It …,Algorithm vs. Handcrafted; Institution vs. Sanctuary; Consumption vs. Quest,https://www.montessori.org/about-montessori/,lead-live-77047
homeschool@creator.placeholder,Homeschool,Homeschool,@homeschool,Web / Platform,Pillar II: Homeschool Families,Live Discovered Creator,Tier 2 (Community Connector),North America,United States,,66,The homeschooling community helping families for over 25 years with homeschool tools for success!,Institution vs. Sanctuary,https://www.homeschool.com/,lead-live-60052
allinonehomeschool@creator.placeholder,Allinonehomeschool,Allinonehomeschool,@allinonehomeschool,Web / Platform,Pillar II: Homeschool Families,Live Discovered Creator,Tier 2 (Community Connector),North America,United States,,66,"Easy Peasy helps enable families to homeschool who thought they couldn’t because of a lack of time, money, or know-how. Others …",Institution vs. Sanctuary,https://allinonehomeschool.com/,lead-live-97043
brighterly@creator.placeholder,Brighterly,Brighterly,@brighterly,Web / Platform,Pillar II: Homeschool Families,Live Discovered Creator,Tier 2 (Community Connector),North America,United States,,66,"Sep 1, 2025 · The best homeschool program is one that covers core K-12 subjects and meets nationwide standards and …",Institution vs. Sanctuary,https://brighterly.com/blog/best-homeschool-programs/,lead-live-23678
waldorf@creator.placeholder,Waldorf,Waldorf,@waldorf,Web / Platform,Pillar II: Homeschool Families,Live Discovered Creator,Tier 2 (Community Connector),North America,United States,,78,"Jul 6, 2011 · At Waldorf, we believe a truly well-rounded education not only involves academic studies, but also participation in the …",Algorithm vs. Handcrafted; Institution vs. Sanctuary,https://www.waldorf.edu/,lead-live-35589
waldorfeducation@creator.placeholder,Waldorfeducation,Waldorfeducation,@waldorfeducation,Web / Platform,Pillar II: Homeschool Families,Live Discovered Creator,Tier 2 (Community Connector),North America,United States,,78,"Mar 16, 2026 · Experience the legacy of Waldorf education, spanning over 100 years with 25,000+ independent students across …",Algorithm vs. Handcrafted; Institution vs. Sanctuary,https://www.waldorfeducation.org/,lead-live-71401
mywaldorf@creator.placeholder,Mywaldorf,Mywaldorf,@mywaldorf,Web / Platform,Pillar II: Homeschool Families,Live Discovered Creator,Tier 2 (Community Connector),North America,United States,,78,"1 day ago · Welcome to myWaldorf, your online student portal! Filled with tools for managing your student experience, some of the …",Algorithm vs. Handcrafted; Institution vs. Sanctuary,https://mywaldorf.waldorf.edu/,lead-live-94107
waldorfsandiego@creator.placeholder,The Waldorf School of San Diego,The,@waldorfsandiego,Web / Platform,Pillar II: Homeschool Families,Live Discovered Creator,Tier 2 (Community Connector),North America,United States,,78,The Waldorf School of San Diego offers Pre-K through 12th grade Waldorf education in the heart of an innovative city and beautiful …,Algorithm vs. Handcrafted; Institution vs. Sanctuary,https://waldorfsandiego.org/,lead-live-12471
phoenixchildrens@creator.placeholder,Phoenixchildrens,Phoenixchildrens,@phoenixchildrens,Web / Platform,Pillar III: Child Development,Live Discovered Creator,Tier 2 (Community Connector),North America,United States,,69,"Oct 23, 2023 · From first checkups to sports injuries and teen growth milestones, Phoenix Children’s Pediatrics is here for every …",Screen vs. Sensory,https://www.phoenixchildrens.org/specialties-conditions/phoenix-childrens-pediatrics,lead-live-45879
pedassocaz@creator.placeholder,Pediatrician,Pediatrician,@pedassocaz,Web / Platform,Pillar III: Child Development,Live Discovered Creator,Tier 2 (Community Connector),North America,United States,,64,"We offer a wide range of services, including well-child visits, immunizations, diagnosis and treatment of childhood illnesses, and …",Screen vs. Sensory,https://www.pedassocaz.com/,lead-live-66658
myarborpediatrics@creator.placeholder,Myarborpediatrics,Myarborpediatrics,@myarborpediatrics,Web / Platform,Pillar III: Child Development,Live Discovered Creator,Tier 2 (Community Connector),North America,United States,,64,We support kids’ futures using evidence-based practices and the latest technologies to provide the highest quality of care. Whether …,Screen vs. Sensory,https://www.myarborpediatrics.com/,lead-live-49869
hkpeds@creator.placeholder,Hkpeds,Hkpeds,@hkpeds,Web / Platform,Pillar III: Child Development,Live Discovered Creator,Tier 2 (Community Connector),North America,United States,,69,"Happy Kids Pediatrics is a family-run business whose mission is to serve, educate, and be involved in the community. Dr. Carrazco …",Screen vs. Sensory,https://hkpeds.com/,lead-live-75015
speech@creator.placeholder,Speech,Speech,@speech,Web / Platform,Pillar III: Child Development,Live Discovered Creator,Tier 2 (Community Connector),North America,United States,,64,"Understand the details of how to recognize speech, synthesize speech, get real-time translations, transcribe conversations, or …",Screen vs. Sensory,https://speech.microsoft.com/,lead-live-45421
massculturalcouncil@concord.prospect,Massculturalcouncil,Massculturalcouncil,@massculturalcouncil,Educational Portal,Pillar I: Children's Music & Arts,Educational Portal Professional / Creator,Tier 2 (Community Connector),North America,United States,,64,What is the Billerica Cultural Council and its purpose? We are a group of interested residents whose purpose is to support …,Testing vs. Arts,https://massculturalcouncil.org/local-council/billerica/,lead-live-00822
goldfinchartstudio@concord.prospect,Goldfinchartstudio,Goldfinchartstudio,@goldfinchartstudio,Educational Portal,Pillar I: Children's Music & Arts,Educational Portal Professional / Creator,Tier 2 (Community Connector),North America,United States,,64,"New services are coming soon! I believe that everyone has an ARTIST inside them, all you need is a bit of help from the right …",Testing vs. Arts,https://goldfinchartstudio.com/,lead-live-33339
nonprofitlist@concord.prospect,Hearts for Arts,Hearts,@nonprofitlist,Educational Portal,Pillar I: Children's Music & Arts,Educational Portal Professional / Creator,Tier 2 (Community Connector),North America,United States,,71,The goal of those opportunities is to foster Billericas residents exploration of the arts.,Testing vs. Arts; Consumption vs. Quest,https://www.nonprofitlist.org/det/50389_hearts-for-arts,lead-live-84256
montessori-theory@concord.prospect,Montessori Theory,Montessori,@montessori-theory,Educational Portal,Pillar II: Homeschool Families,Educational Portal Professional / Creator,Tier 2 (Community Connector),North America,United States,,81,"Apr 9, 2026 · Montessori isn't beige shelves and wooden toys. It's 8 specific principles about how children actually learn. Here's what …",Algorithm vs. Handcrafted; Institution vs. Sanctuary,https://www.montessori-theory.com/montessori-method-guide/,lead-live-44266
hslda@concord.prospect,HSLDA,HSLDA,@hslda,Educational Portal,Pillar II: Homeschool Families,Educational Portal Professional / Creator,Tier 2 (Community Connector),North America,United States,,69,"We advocate for homeschooling on many levels: for individual families, in the state legislatures, in the media— so that you can …",Institution vs. Sanctuary,https://hslda.org/,lead-live-84612
homeschoolhub@concord.prospect,Homeschoolhub,Homeschoolhub,@homeschoolhub,Educational Portal,Pillar II: Homeschool Families,Educational Portal Professional / Creator,Tier 2 (Community Connector),North America,United States,,69,"Don't have an account? Get started! Painless Planning, Happy Homeschooling!",Institution vs. Sanctuary,https://homeschoolhub.com/,lead-live-03948
pleasantpediatrics@concord.prospect,Pleasant Pediatrics,Pleasant,@pleasantpediatrics,Educational Portal,Pillar III: Child Development,Educational Portal Professional / Creator,Tier 2 (Community Connector),North America,United States,,72,Looking for a pediatrician near me? Pleasant Pediatrics offers expert pediatric and family healthcare at 9 convenient Arizona …,Screen vs. Sensory,https://pleasantpediatrics.com/,lead-live-57559
test.customer.1788361255299@parentmail.org,Jessica Alvarez,Jessica,@test.customer.1788361255299,Website Inbound,Pillar IV: Holistic Family Lifestyle,Inbound Parent,Tier 2 (Community Connector),North America,United States,,67,Submitted opt-in on 2026-09-02 15:00:56.186859+00. Org: Private.,Screen vs. Sensory; Consumption vs. Quest,mailto:test.customer.1788361255299@parentmail.org,inbound-0328310e-9f2e-41e8-a284-90e94c8eb55c
kristen.munoz@linkedin.contact,Kristen Munoz,Kristen,in/kristen-munoz,LinkedIn,Pillar IV: Holistic Family Lifestyle,Preschool Leadership & Administration,Tier 1 (Macro / Institutional),North America,United States,,70,Preschool Director at Early Childhood Institution.,Screen vs. Sensory; Institution vs. Sanctuary; Consumption vs. Quest,https://www.linkedin.com/in/kristen-munoz,li-kristen-munoz
déborah.bellec.933468155@linkedin.contact,Déborah Bellec,Déborah,in/déborah-bellec-933468155,LinkedIn,Pillar IV: Holistic Family Lifestyle,Preschool Leadership & Administration,Tier 1 (Macro / Institutional),North America,United States,,70,Preschool Director at Early Childhood Institution.,Screen vs. Sensory; Institution vs. Sanctuary; Consumption vs. Quest,https://www.linkedin.com/in/déborah-bellec-933468155,li-déborah-bellec-933468155
erin.holmquist.1a52b864@linkedin.contact,Erin Holmquist,Erin,in/erin-holmquist-1a52b864,LinkedIn,Pillar IV: Holistic Family Lifestyle,Preschool Leadership & Administration,Tier 1 (Macro / Institutional),North America,United States,,70,Preschool Director at Gloria Dei Lutheran.,Screen vs. Sensory; Institution vs. Sanctuary; Consumption vs. Quest,https://www.linkedin.com/in/erin-holmquist-1a52b864,li-erin-holmquist-1a52b864
childrenspsychological@linkedin.contact,Gilbert W. Kliman MD,Gilbert,in/childrenspsychological,LinkedIn,Pillar IV: Holistic Family Lifestyle,Preschool Leadership & Administration,Tier 1 (Macro / Institutional),North America,United States,,70,Consultant and Expert Psychiatric at Early Childhood Institution.,Screen vs. Sensory; Institution vs. Sanctuary; Consumption vs. Quest,https://www.linkedin.com/in/childrenspsychological,li-childrenspsychological
stephanie.gill.a0919b152@linkedin.contact,Stephanie Gill,Stephanie,in/stephanie-gill-a0919b152,LinkedIn,Pillar IV: Holistic Family Lifestyle,Preschool Leadership & Administration,Tier 1 (Macro / Institutional),North America,United States,,70,Preschool Director at Early Childhood Institution.,Screen vs. Sensory; Institution vs. Sanctuary; Consumption vs. Quest,https://www.linkedin.com/in/stephanie-gill-a0919b152,li-stephanie-gill-a0919b152
deborah.paselk.724461a1@linkedin.contact,Deborah Paselk,Deborah,in/deborah-paselk-724461a1,LinkedIn,Pillar IV: Holistic Family Lifestyle,Preschool Leadership & Administration,Tier 1 (Macro / Institutional),North America,United States,,70,Preschool Director at Cornerstone.,Screen vs. Sensory; Institution vs. Sanctuary; Consumption vs. Quest,https://www.linkedin.com/in/deborah-paselk-724461a1,li-deborah-paselk-724461a1
shannon.blankenship.5a0a203a@linkedin.contact,Shannon Blankenship,Shannon,in/shannon-blankenship-5a0a203a,LinkedIn,Pillar IV: Holistic Family Lifestyle,Preschool Leadership & Administration,Tier 1 (Macro / Institutional),North America,United States,,70,School Director at Cadence Academy.,Screen vs. Sensory; Institution vs. Sanctuary; Consumption vs. Quest,https://www.linkedin.com/in/shannon-blankenship-5a0a203a,li-shannon-blankenship-5a0a
christina.rodriguez.a1478322@linkedin.contact,Christina Rodriguez,Christina,in/christina-rodriguez-a1478322,LinkedIn,Pillar IV: Holistic Family Lifestyle,Preschool Leadership & Administration,Tier 1 (Macro / Institutional),North America,United States,,67,FPC Preschool Director · Experience: First Presbyterian Church & Preschool · Education: Liberty University · Location: West Palm Beach · 48 connections on LinkedIn. View Ashley Joy Lugo’s ...,Screen vs. Sensory; Institution vs. Sanctuary; Consumption vs. Quest,https://www.linkedin.com/in/christina-rodriguez-a1478322,li-christina-rodriguez-a147
lorie.rudolph.073aa348@linkedin.contact,Lorie Rudolph,Lorie,in/lorie-rudolph-073aa348,LinkedIn,Pillar IV: Holistic Family Lifestyle,Preschool Leadership & Administration,Tier 1 (Macro / Institutional),North America,United States,,70,Preschool Director at First Presbyterian.,Screen vs. Sensory; Institution vs. Sanctuary; Consumption vs. Quest,https://www.linkedin.com/in/lorie-rudolph-073aa348,li-lorie-rudolph-073aa348
liz.chieffalo.7799031b8@linkedin.contact,liz chieffalo,liz,in/liz-chieffalo-7799031b8,LinkedIn,Pillar IV: Holistic Family Lifestyle,Preschool Leadership & Administration,Tier 1 (Macro / Institutional),North America,United States,,70,Preschool Director at HAPPY TIME NURSERY.,Screen vs. Sensory; Institution vs. Sanctuary; Consumption vs. Quest,https://www.linkedin.com/in/liz-chieffalo-7799031b8,li-liz-chieffalo-7799031b8
chloe.gottlieb.806146149@linkedin.contact,Chloe Gottlieb,Chloe,in/chloe-gottlieb-806146149,LinkedIn,Pillar IV: Holistic Family Lifestyle,Preschool Leadership & Administration,Tier 1 (Macro / Institutional),North America,United States,,67,Preschool Director at Preschool of the Arts.,Screen vs. Sensory; Institution vs. Sanctuary; Consumption vs. Quest,https://www.linkedin.com/in/chloe-gottlieb-806146149,li-chloe-gottlieb-806146149
tonya.rivera.b6639b2b@linkedin.contact,Tonya Rivera,Tonya,in/tonya-rivera-b6639b2b,LinkedIn,Pillar IV: Holistic Family Lifestyle,Preschool Leadership & Administration,Tier 1 (Macro / Institutional),North America,United States,,70,Executive Director at Campus Pre-School and.,Screen vs. Sensory; Institution vs. Sanctuary; Consumption vs. Quest,https://www.linkedin.com/in/tonya-rivera-b6639b2b,li-tonya-rivera-b6639b2b
alice.seher.31252658@linkedin.contact,Alice Seher,Alice,in/alice-seher-31252658,LinkedIn,Pillar IV: Holistic Family Lifestyle,Preschool Leadership & Administration,Tier 1 (Macro / Institutional),North America,United States,,70,Preschool Director at Holy Name Preschool.,Screen vs. Sensory; Institution vs. Sanctuary; Consumption vs. Quest,https://www.linkedin.com/in/alice-seher-31252658,li-alice-seher-31252658
arlene.ambriz.73306324@linkedin.contact,Arlene Ambriz,Arlene,in/arlene-ambriz-73306324,LinkedIn,Pillar IV: Holistic Family Lifestyle,Preschool Leadership & Administration,Tier 1 (Macro / Institutional),North America,United States,,70,Preschool Director at New Horizons Academy.,Screen vs. Sensory; Institution vs. Sanctuary; Consumption vs. Quest,https://www.linkedin.com/in/arlene-ambriz-73306324,li-arlene-ambriz-73306324
ashlea.may.45a1aa98@linkedin.contact,Ashlea May,Ashlea,in/ashlea-may-45a1aa98,LinkedIn,Pillar IV: Holistic Family Lifestyle,Preschool Leadership & Administration,Tier 1 (Macro / Institutional),North America,United States,,70,Director at Apple Tree Preschool.,Screen vs. Sensory; Institution vs. Sanctuary; Consumption vs. Quest,https://www.linkedin.com/in/ashlea-may-45a1aa98,li-ashlea-may-45a1aa98
sarah.davis.83963222a@linkedin.contact,Sarah Davis,Sarah,in/sarah-davis-83963222a,LinkedIn,Pillar IV: Holistic Family Lifestyle,Preschool Leadership & Administration,Tier 1 (Macro / Institutional),North America,United States,,70,Childcare Center Director at KinderCare.,Screen vs. Sensory; Institution vs. Sanctuary; Consumption vs. Quest,https://www.linkedin.com/in/sarah-davis-83963222a,li-sarah-davis-83963222a
swalker92@linkedin.contact,Sarah Miles,Sarah,in/swalker92,LinkedIn,Pillar IV: Holistic Family Lifestyle,Preschool Leadership & Administration,Tier 1 (Macro / Institutional),North America,United States,,70,Childcare Director - Learning Care at Early Childhood Institution.,Screen vs. Sensory; Institution vs. Sanctuary; Consumption vs. Quest,https://www.linkedin.com/in/swalker92,li-swalker92
carol.livingston.kuusisto.94251a1a@linkedin.contact,Carol Livingston-Kuusisto,Carol,in/carol-livingston-kuusisto-94251a1a,LinkedIn,Pillar IV: Holistic Family Lifestyle,Preschool Leadership & Administration,Tier 1 (Macro / Institutional),North America,United States,,70,KidKare Child Care Center at Early Childhood Institution.,Screen vs. Sensory; Institution vs. Sanctuary; Consumption vs. Quest,https://www.linkedin.com/in/carol-livingston-kuusisto-94251a1a,li-carol-livingston-kuusist
shilpa.jain.55129b327@linkedin.contact,Shilpa Jain,Shilpa,in/shilpa-jain-55129b327,LinkedIn,Pillar IV: Holistic Family Lifestyle,Preschool Leadership & Administration,Tier 1 (Macro / Institutional),North America,United States,,70,Child Care Center Director | Experienced in at Early Childhood Institution.,Screen vs. Sensory; Institution vs. Sanctuary; Consumption vs. Quest,https://www.linkedin.com/in/shilpa-jain-55129b327,li-shilpa-jain-55129b327
sarah.watson.752b3122@linkedin.contact,Sarah Watson,Sarah,in/sarah-watson-752b3122,LinkedIn,Pillar IV: Holistic Family Lifestyle,Preschool Leadership & Administration,Tier 1 (Macro / Institutional),North America,United States,,70,Center Director Bright Horizons at Early Childhood Institution.,Screen vs. Sensory; Institution vs. Sanctuary; Consumption vs. Quest,https://www.linkedin.com/in/sarah-watson-752b3122,li-sarah-watson-752b3122
tathathany.hanesana.06a150a1@linkedin.contact,Tathathany Hanesana,Tathathany,in/tathathany-hanesana-06a150a1,LinkedIn,Pillar IV: Holistic Family Lifestyle,Preschool Leadership & Administration,Tier 1 (Macro / Institutional),North America,United States,,70,Childcare Center Director who creates at Early Childhood Institution.,Screen vs. Sensory; Institution vs. Sanctuary; Consumption vs. Quest,https://www.linkedin.com/in/tathathany-hanesana-06a150a1,li-tathathany-hanesana-06a1
annieka.longacre.7502b4133@linkedin.contact,Annieka Longacre,Annieka,in/annieka-longacre-7502b4133,LinkedIn,Pillar IV: Holistic Family Lifestyle,Preschool Leadership & Administration,Tier 1 (Macro / Institutional),North America,United States,,70,Lead Preschool Teacher at Early Childhood Institution.,Screen vs. Sensory; Institution vs. Sanctuary; Consumption vs. Quest,https://www.linkedin.com/in/annieka-longacre-7502b4133,li-annieka-longacre-7502b41
nikki.chrupcala.b12888130@linkedin.contact,Nikki Chrupcala,Nikki,in/nikki-chrupcala-b12888130,LinkedIn,Pillar IV: Holistic Family Lifestyle,Preschool Leadership & Administration,Tier 1 (Macro / Institutional),North America,United States,,67,"Executive Director at Child Care Resource Center · Experience: Child Care Resource Center - Lorain, Ohio · Location: Lorain · 500+ connections on LinkedIn. View Jennifer Dodge’s profile on ...",Screen vs. Sensory; Institution vs. Sanctuary; Consumption vs. Quest,https://www.linkedin.com/in/nikki-chrupcala-b12888130,li-nikki-chrupcala-b1288813
amy.peltz.991b7361@linkedin.contact,Amy Peltz,Amy,in/amy-peltz-991b7361,LinkedIn,Pillar IV: Holistic Family Lifestyle,Preschool Leadership & Administration,Tier 1 (Macro / Institutional),North America,United States,,67,Director at University Childcare Center · Experience: University Childcare Center · Education: Piedmont College · Location: Nicholson · 231 connections on LinkedIn. View Ashley Hopkins Stough ...,Screen vs. Sensory; Institution vs. Sanctuary; Consumption vs. Quest,https://www.linkedin.com/in/amy-peltz-991b7361,li-amy-peltz-991b7361
sarah.balkind.adler.1769241a@linkedin.contact,Sarah Balkind Adler,Sarah,in/sarah-balkind-adler-1769241a,LinkedIn,Pillar IV: Holistic Family Lifestyle,Preschool Leadership & Administration,Tier 1 (Macro / Institutional),North America,United States,,70,"Dec 15, 2022 · Experience Head of Early Childhood Care & Education - Global Program Vitol Foundation Feb 2026 - Present 8 months London Area, United Kingdom",Screen vs. Sensory; Institution vs. Sanctuary; Consumption vs. Quest,https://www.linkedin.com/in/sarah-balkind-adler-1769241a,li-sarah-balkind-adler-1769
karlene.d.aa9b49240@linkedin.contact,Karlene D.,Karlene,in/karlene-d-aa9b49240,LinkedIn,Pillar IV: Holistic Family Lifestyle,Preschool Leadership & Administration,Tier 1 (Macro / Institutional),North America,United States,,67,"Department Head, Education at Wake Technical Community College · I have been in the early childhood field for over 20 years in various jobs. I have been an instructor at JCC for the last ten ...",Screen vs. Sensory; Institution vs. Sanctuary; Consumption vs. Quest,https://www.linkedin.com/in/karlene-d-aa9b49240,li-karlene-d-aa9b49240
godfrey.ejuu.3902788a@linkedin.contact,Godfrey Ejuu,Godfrey,in/godfrey-ejuu-3902788a,LinkedIn,Pillar IV: Holistic Family Lifestyle,Preschool Leadership & Administration,Tier 1 (Macro / Institutional),North America,United States,,74,Head of Early Childhood and Director of Math Enrichment · 2023 marks the start of my 36th year in education and I have been privileged to work with an amazing collection of innovative and ...,Screen vs. Sensory; Institution vs. Sanctuary; Consumption vs. Quest,https://www.linkedin.com/in/godfrey-ejuu-3902788a,li-godfrey-ejuu-3902788a
daelynn.fife.960936129@linkedin.contact,Daelynn Fife,Daelynn,in/daelynn-fife-960936129,LinkedIn,Pillar IV: Holistic Family Lifestyle,Preschool Leadership & Administration,Tier 1 (Macro / Institutional),North America,United States,,67,"Owner at Clever Cubs Early Learning Centre · Actively seeking new childcare lease opportunities! 🌟 After splitting from the corporate world, I've been busy establishing and building Clever...",Screen vs. Sensory; Institution vs. Sanctuary; Consumption vs. Quest,https://www.linkedin.com/in/daelynn-fife-960936129,li-daelynn-fife-960936129
alice.allan.023a8325@linkedin.contact,Alice Allan,Alice,in/alice-allan-023a8325,LinkedIn,Pillar IV: Holistic Family Lifestyle,Preschool Leadership & Administration,Tier 1 (Macro / Institutional),North America,United States,,70,"Owner at Mother’s Love Child Care &amp; Learning Center · For over 20 years, Mother’s Love Child Care & Learning Center has been committed to providing exceptional child care and learning ...",Screen vs. Sensory; Institution vs. Sanctuary; Consumption vs. Quest,https://www.linkedin.com/in/alice-allan-023a8325,li-alice-allan-023a8325
stephanie.edic.b399b250@linkedin.contact,Stephanie Edic,Stephanie,in/stephanie-edic-b399b250,LinkedIn,Pillar IV: Holistic Family Lifestyle,Preschool Leadership & Administration,Tier 1 (Macro / Institutional),North America,United States,,70,Very driven hospitality professional. By always bringing a hard working and positive… · Experience: Owings Mills Child Care and Early Learning Center · Education: ALMAMER Szkoła Wyższa ...,Screen vs. Sensory; Institution vs. Sanctuary; Consumption vs. Quest,https://www.linkedin.com/in/stephanie-edic-b399b250,li-stephanie-edic-b399b250
evelyn.dorosh.a0b87196@linkedin.contact,Evelyn Dorosh,Evelyn,in/evelyn-dorosh-a0b87196,LinkedIn,Pillar IV: Holistic Family Lifestyle,Preschool Leadership & Administration,Tier 1 (Macro / Institutional),North America,United States,,67,"Dr. S. K. Rathor Founder, Chairman & Managing Director | TEDx Speaker | Expanding SANFORT Preschool Network | Early Childhood Education Noida, Uttar Pradesh, India 7K followers 500+ connections...",Screen vs. Sensory; Institution vs. Sanctuary; Consumption vs. Quest,https://www.linkedin.com/in/evelyn-dorosh-a0b87196,li-evelyn-dorosh-a0b87196
dr.sheetal.jethy.02947015@linkedin.contact,Dr. Sheetal jethy,Dr.,in/dr-sheetal-jethy-02947015,LinkedIn,Pillar IV: Holistic Family Lifestyle,Preschool Leadership & Administration,Tier 1 (Macro / Institutional),North America,United States,,70,"I serve as the CEO & Co-Founder of Junior Toes International Preschool, India’s first entrepreneurial preschool, reimagining early childhood education by nurturing confidence, creativity, and an entrepreneurial mindset from the formative ye",Screen vs. Sensory; Institution vs. Sanctuary; Consumption vs. Quest,https://www.linkedin.com/in/dr-sheetal-jethy-02947015,li-dr-sheetal-jethy-0294701
francine.clay.edwards.b56718120@linkedin.contact,Francine Clay Edwards,Francine,in/francine-clay-edwards-b56718120,LinkedIn,Pillar IV: Holistic Family Lifestyle,Preschool Leadership & Administration,Tier 1 (Macro / Institutional),North America,United States,,67,"Founder of First + Final • Preschool Business Advisor Helping clients buy, start, or sell their preschool · Experience: First + Final · Education: Nova Southeastern University · Location ...",Screen vs. Sensory; Institution vs. Sanctuary; Consumption vs. Quest,https://www.linkedin.com/in/francine-clay-edwards-b56718120,li-francine-clay-edwards-b5
jenn.starr.550bb015@linkedin.contact,Jenn Starr,Jenn,in/jenn-starr-550bb015,LinkedIn,Pillar IV: Holistic Family Lifestyle,Preschool Leadership & Administration,Tier 1 (Macro / Institutional),North America,United States,,67,Nature Preschool Director at Early Childhood Institution.,Screen vs. Sensory; Institution vs. Sanctuary; Consumption vs. Quest,https://www.linkedin.com/in/jenn-starr-550bb015,li-jenn-starr-550bb015
sarah.watrud.3aa86691@linkedin.contact,Sarah Watrud,Sarah,in/sarah-watrud-3aa86691,LinkedIn,Pillar IV: Holistic Family Lifestyle,Preschool Leadership & Administration,Tier 1 (Macro / Institutional),North America,United States,,70,Director of Early Childhood Education at Early Childhood Institution.,Screen vs. Sensory; Institution vs. Sanctuary; Consumption vs. Quest,https://www.linkedin.com/in/sarah-watrud-3aa86691,li-sarah-watrud-3aa86691
ann.halley.b7b22b199@linkedin.contact,Ann Halley,Ann,in/ann-halley-b7b22b199,LinkedIn,Pillar IV: Holistic Family Lifestyle,Preschool Leadership & Administration,Tier 1 (Macro / Institutional),North America,United States,,67,Director of Early Childhood Programs and Nature at Early Childhood Institution.,Screen vs. Sensory; Institution vs. Sanctuary; Consumption vs. Quest,https://www.linkedin.com/in/ann-halley-b7b22b199,li-ann-halley-b7b22b199
sarah.besse.b7318824@linkedin.contact,Sarah Besse,Sarah,in/sarah-besse-b7318824,LinkedIn,Pillar IV: Holistic Family Lifestyle,Preschool Leadership & Administration,Tier 1 (Macro / Institutional),North America,United States,,67,Founder of Every Child Outdoors (ECO) at Early Childhood Institution.,Screen vs. Sensory; Institution vs. Sanctuary; Consumption vs. Quest,https://www.linkedin.com/in/sarah-besse-b7318824,li-sarah-besse-b7318824
amy.warzybok.81004859@linkedin.contact,Amy Warzybok,Amy,in/amy-warzybok-81004859,LinkedIn,Pillar IV: Holistic Family Lifestyle,Preschool Leadership & Administration,Tier 1 (Macro / Institutional),North America,United States,,67,Nature Preschool Director at Dodge.,Screen vs. Sensory; Institution vs. Sanctuary; Consumption vs. Quest,https://www.linkedin.com/in/amy-warzybok-81004859,li-amy-warzybok-81004859
xonessie@linkedin.contact,Vanessa S.,Vanessa,in/xonessie,LinkedIn,Pillar IV: Holistic Family Lifestyle,Preschool Leadership & Administration,Tier 1 (Macro / Institutional),North America,United States,,70,Preschool Director at Early Childhood Institution.,Screen vs. Sensory; Institution vs. Sanctuary; Consumption vs. Quest,https://www.linkedin.com/in/xonessie,li-xonessie
cassiefox1@linkedin.contact,"Cassie Fox, MT-BC",Cassie,in/cassiefox1,LinkedIn,Pillar I: Children's Music & Arts,Early Childhood Music & Movement,Tier 2 (Community Connector),North America,United States,,86,Early Childhood Music teacher at ShooBeeLoo Music and Movement · Experience: ShooBeeLoo Music and Movement · Location: United States · 58 connections on LinkedIn.,Screen vs. Sensory; Institution vs. Sanctuary; Consumption vs. Quest,https://www.linkedin.com/in/cassiefox1,li-cassiefox1
john.ashfield.52a9628@linkedin.contact,John Ashfield,John,in/john-ashfield-52a9628,LinkedIn,Pillar I: Children's Music & Arts,Early Childhood Music & Movement,Tier 2 (Community Connector),North America,United States,,79,Orff Schulwerk music teacher in the Menlo at Early Childhood Institution.,Screen vs. Sensory; Institution vs. Sanctuary; Consumption vs. Quest,https://www.linkedin.com/in/john-ashfield-52a9628,li-john-ashfield-52a9628
mattbcarlson88@linkedin.contact,Matthew Carlson,Matthew,in/mattbcarlson88,LinkedIn,Pillar I: Children's Music & Arts,Early Childhood Music & Movement,Tier 2 (Community Connector),North America,United States,,79,Certified Orff Schulwerk Elementary Music at Early Childhood Institution.,Screen vs. Sensory; Institution vs. Sanctuary; Consumption vs. Quest,https://www.linkedin.com/in/mattbcarlson88,li-mattbcarlson88
anahita.majidi.388125326@linkedin.contact,‏Anahita Majidi‏,‏Anahita,in/anahita-majidi-388125326,LinkedIn,Pillar I: Children's Music & Arts,Early Childhood Music & Movement,Tier 2 (Community Connector),North America,United States,,84,| ‏Elementary Music Teacher with Orff at Early Childhood Institution.,Screen vs. Sensory; Institution vs. Sanctuary; Consumption vs. Quest,https://www.linkedin.com/in/anahita-majidi-388125326,li-anahita-majidi-388125326
melis.milli.13122a170@linkedin.contact,Melis Milli,Melis,in/melis-milli-13122a170,LinkedIn,Pillar I: Children's Music & Arts,Early Childhood Music & Movement,Tier 2 (Community Connector),North America,United States,,79,Orff Schulwerk /Elementer Music Teacher at Early Childhood Institution.,Screen vs. Sensory; Institution vs. Sanctuary; Consumption vs. Quest,https://www.linkedin.com/in/melis-milli-13122a170,li-melis-milli-13122a170
silvija.sarapa.a1bb721b1@linkedin.contact,Silvija Sarapa,Silvija,in/silvija-sarapa-a1bb721b1,LinkedIn,Pillar I: Children's Music & Arts,Early Childhood Music & Movement,Tier 2 (Community Connector),North America,United States,,74,Music Educator | Orff Schulwerk Practitioner at Early Childhood Institution.,Screen vs. Sensory; Institution vs. Sanctuary; Consumption vs. Quest,https://www.linkedin.com/in/silvija-sarapa-a1bb721b1,li-silvija-sarapa-a1bb721b1
bernadette.chamberlain.b84b23255@linkedin.contact,Bernadette Chamberlain,Bernadette,in/bernadette-chamberlain-b84b23255,LinkedIn,Pillar I: Children's Music & Arts,Early Childhood Music & Movement,Tier 2 (Community Connector),North America,United States,,79,Orff Music Teacher | Music Therapy at Early Childhood Institution.,Screen vs. Sensory; Institution vs. Sanctuary; Consumption vs. Quest,https://www.linkedin.com/in/bernadette-chamberlain-b84b23255,li-bernadette-chamberlain-b
praveen.sundar.08133ab8@linkedin.contact,Praveen Sundar,Praveen,in/praveen-sundar-08133ab8,LinkedIn,Pillar I: Children's Music & Arts,Early Childhood Music & Movement,Tier 2 (Community Connector),North America,United States,,74,PYP Music Facilitator | Curriculum at Early Childhood Institution.,Screen vs. Sensory; Institution vs. Sanctuary; Consumption vs. Quest,https://www.linkedin.com/in/praveen-sundar-08133ab8,li-praveen-sundar-08133ab8
matthewstensrud@linkedin.contact,Matthew Stensrud,Matthew,in/matthewstensrud,LinkedIn,Pillar I: Children's Music & Arts,Early Childhood Music & Movement,Tier 2 (Community Connector),North America,United States,,79,Orff-Schulwerk Elementary Music and at Early Childhood Institution.,Screen vs. Sensory; Institution vs. Sanctuary; Consumption vs. Quest,https://www.linkedin.com/in/matthewstensrud,li-matthewstensrud
kristen.faust.0177a649@linkedin.contact,Kristen Faust,Kristen,in/kristen-faust-0177a649,LinkedIn,Pillar I: Children's Music & Arts,Early Childhood Music & Movement,Tier 2 (Community Connector),North America,United States,,84,Elementary Music Teacher | Orff Schulwerk at Early Childhood Institution.,Screen vs. Sensory; Institution vs. Sanctuary; Consumption vs. Quest,https://www.linkedin.com/in/kristen-faust-0177a649,li-kristen-faust-0177a649
beth.ann.smoot.5468374@linkedin.contact,Beth Ann Smoot,Beth,in/beth-ann-smoot-5468374,LinkedIn,Pillar I: Children's Music & Arts,Early Childhood Music & Movement,Tier 2 (Community Connector),North America,United States,,79,"Music Teacher, Orff Schulwerk Specialist at Early Childhood Institution.",Screen vs. Sensory; Institution vs. Sanctuary; Consumption vs. Quest,https://www.linkedin.com/in/beth-ann-smoot-5468374,li-beth-ann-smoot-5468374
richard.lawton.25100724@linkedin.contact,Richard Lawton,Richard,in/richard-lawton-25100724,LinkedIn,Pillar I: Children's Music & Arts,Early Childhood Music & Movement,Tier 2 (Community Connector),North America,United States,,79,Music Teacher - LAUSD/Professional at Early Childhood Institution.,Screen vs. Sensory; Institution vs. Sanctuary; Consumption vs. Quest,https://www.linkedin.com/in/richard-lawton-25100724,li-richard-lawton-25100724
betsy.tavit.779032318@linkedin.contact,Betsy Tavit,Betsy,in/betsy-tavit-779032318,LinkedIn,Pillar I: Children's Music & Arts,Early Childhood Music & Movement,Tier 2 (Community Connector),North America,United States,,84,Elementary Music Teacher | Orff-Schulwerk at Early Childhood Institution.,Screen vs. Sensory; Institution vs. Sanctuary; Consumption vs. Quest,https://www.linkedin.com/in/betsy-tavit-779032318,li-betsy-tavit-779032318
lissa.ray.76571825@linkedin.contact,Lissa Ray,Lissa,in/lissa-ray-76571825,LinkedIn,Pillar I: Children's Music & Arts,Early Childhood Music & Movement,Tier 2 (Community Connector),North America,United States,,74,Orff Schulwerk Teacher at Mercy.,Screen vs. Sensory; Institution vs. Sanctuary; Consumption vs. Quest,https://www.linkedin.com/in/lissa-ray-76571825,li-lissa-ray-76571825
kristina.bishop.9a20a912@linkedin.contact,Kristina Bishop,Kristina,in/kristina-bishop-9a20a912,LinkedIn,Pillar I: Children's Music & Arts,Early Childhood Music & Movement,Tier 2 (Community Connector),North America,United States,,74,Music Educator specializing in Orff at Early Childhood Institution.,Screen vs. Sensory; Institution vs. Sanctuary; Consumption vs. Quest,https://www.linkedin.com/in/kristina-bishop-9a20a912,li-kristina-bishop-9a20a912
cathleen.wolff@linkedin.contact,Cathleen Wolff,Cathleen,in/cathleen-wolff,LinkedIn,Pillar I: Children's Music & Arts,Early Childhood Music & Movement,Tier 2 (Community Connector),North America,United States,,74,"Orff-Schulwerk Specialist, Arts Education at Early Childhood Institution.",Screen vs. Sensory; Institution vs. Sanctuary; Consumption vs. Quest,https://www.linkedin.com/in/cathleen-wolff,li-cathleen-wolff
lisa.allen.45454420@linkedin.contact,Lisa Allen,Lisa,in/lisa-allen-45454420,LinkedIn,Pillar I: Children's Music & Arts,Early Childhood Music & Movement,Tier 2 (Community Connector),North America,United States,,79,Elementary Music and Mindfulness Specialist in at Early Childhood Institution.,Screen vs. Sensory; Institution vs. Sanctuary; Consumption vs. Quest,https://www.linkedin.com/in/lisa-allen-45454420,li-lisa-allen-45454420
sarah.willner.026302a3@linkedin.contact,Sarah Willner,Sarah,in/sarah-willner-026302a3,LinkedIn,Pillar I: Children's Music & Arts,Early Childhood Music & Movement,Tier 2 (Community Connector),North America,United States,,74,Alameda County Office at Early Childhood Institution.,Screen vs. Sensory; Institution vs. Sanctuary; Consumption vs. Quest,https://www.linkedin.com/in/sarah-willner-026302a3,li-sarah-willner-026302a3
mary.e.jackson.45223517@linkedin.contact,Mary E. Jackson,Mary,in/mary-e-jackson-45223517,LinkedIn,Pillar I: Children's Music & Arts,Early Childhood Music & Movement,Tier 2 (Community Connector),North America,United States,,74,"Orff-Schulwerk Specialist, Choral Music at Early Childhood Institution.",Screen vs. Sensory; Institution vs. Sanctuary; Consumption vs. Quest,https://www.linkedin.com/in/mary-e-jackson-45223517,li-mary-e-jackson-45223517
sue.mueller.04448519@linkedin.contact,Sue Mueller,Sue,in/sue-mueller-04448519,LinkedIn,Pillar I: Children's Music & Arts,Early Childhood Music & Movement,Tier 2 (Community Connector),North America,United States,,74,Orff Schulwerk at Early Childhood Institution.,Screen vs. Sensory; Institution vs. Sanctuary; Consumption vs. Quest,https://www.linkedin.com/in/sue-mueller-04448519,li-sue-mueller-04448519
deborah.smith.a704582a9@linkedin.contact,Deborah Smith,Deborah,in/deborah-smith-a704582a9,LinkedIn,Pillar I: Children's Music & Arts,Early Childhood Music & Movement,Tier 2 (Community Connector),North America,United States,,74,Trauma aware educator and advocate. Primary at Early Childhood Institution.,Screen vs. Sensory; Institution vs. Sanctuary; Consumption vs. Quest,https://www.linkedin.com/in/deborah-smith-a704582a9,li-deborah-smith-a704582a9
lim.lynny.9438b9102@linkedin.contact,Lim Lynny,Lim,in/lim-lynny-9438b9102,LinkedIn,Pillar I: Children's Music & Arts,Early Childhood Music & Movement,Tier 2 (Community Connector),North America,United States,,79,Music Teacher at Orff Schulwerk Kids.,Screen vs. Sensory; Institution vs. Sanctuary; Consumption vs. Quest,https://www.linkedin.com/in/lim-lynny-9438b9102,li-lim-lynny-9438b9102
molly.ziegler.0b456111@linkedin.contact,Molly Ziegler,Molly,in/molly-ziegler-0b456111,LinkedIn,Pillar I: Children's Music & Arts,Early Childhood Music & Movement,Tier 2 (Community Connector),North America,United States,,74,Owner & Kindermusik accredited educator at Early Childhood Institution.,Screen vs. Sensory; Institution vs. Sanctuary; Consumption vs. Quest,https://www.linkedin.com/in/molly-ziegler-0b456111,li-molly-ziegler-0b456111
teresa.strandquist.62840434@linkedin.contact,Teresa Strandquist,Teresa,in/teresa-strandquist-62840434,LinkedIn,Pillar I: Children's Music & Arts,Early Childhood Music & Movement,Tier 2 (Community Connector),North America,United States,,74,Kindermusik Educator at Kindermusik with.,Screen vs. Sensory; Institution vs. Sanctuary; Consumption vs. Quest,https://www.linkedin.com/in/teresa-strandquist-62840434,li-teresa-strandquist-62840
carol.chirinos.43223ab@linkedin.contact,Carol Chirinos,Carol,in/carol-chirinos-43223ab,LinkedIn,Pillar I: Children's Music & Arts,Early Childhood Music & Movement,Tier 2 (Community Connector),North America,United States,,74,KinderMusik educator at KinderMusik.,Screen vs. Sensory; Institution vs. Sanctuary; Consumption vs. Quest,https://www.linkedin.com/in/carol-chirinos-43223ab,li-carol-chirinos-43223ab
dr.farida.peña.727a6424@linkedin.contact,Dr. Farida Peña,Dr.,in/dr-farida-peña-727a6424,LinkedIn,Pillar I: Children's Music & Arts,Early Childhood Music & Movement,Tier 2 (Community Connector),North America,United States,,74,Bilingual Music Educator | Curriculum at Early Childhood Institution.,Screen vs. Sensory; Institution vs. Sanctuary; Consumption vs. Quest,https://www.linkedin.com/in/dr-farida-peña-727a6424,li-dr-farida-peña-727a6424
melanie.kennedy.274b389a@linkedin.contact,Melanie Kennedy,Melanie,in/melanie-kennedy-274b389a,LinkedIn,Pillar I: Children's Music & Arts,Early Childhood Music & Movement,Tier 2 (Community Connector),North America,United States,,74,Director of Partner Solutions & Consultant at Early Childhood Institution.,Screen vs. Sensory; Institution vs. Sanctuary; Consumption vs. Quest,https://www.linkedin.com/in/melanie-kennedy-274b389a,li-melanie-kennedy-274b389a
susane.parsons.0928a787@linkedin.contact,Susane Parsons,Susane,in/susane-parsons-0928a787,LinkedIn,Pillar I: Children's Music & Arts,Early Childhood Music & Movement,Tier 2 (Community Connector),North America,United States,,86,"• Energetic professional with combination of management skills and educational knowledge… · Experience: Odyssey the Global Preschool · Education: National Institute of Education, Singapore · Location: Singapore · 6 connections on LinkedIn.",Screen vs. Sensory; Institution vs. Sanctuary; Consumption vs. Quest,https://www.linkedin.com/in/susane-parsons-0928a787,li-susane-parsons-0928a787
kathryn.kay.8bb7ba59@linkedin.contact,Kathryn Kay,Kathryn,in/kathryn-kay-8bb7ba59,LinkedIn,Pillar I: Children's Music & Arts,Early Childhood Music & Movement,Tier 2 (Community Connector),North America,United States,,79,Educator; Dalcroze Eurhythmics specialist at Early Childhood Institution.,Screen vs. Sensory; Institution vs. Sanctuary; Consumption vs. Quest,https://www.linkedin.com/in/kathryn-kay-8bb7ba59,li-kathryn-kay-8bb7ba59
dawn.pratson.03068b13@linkedin.contact,dawn pratson,dawn,in/dawn-pratson-03068b13,LinkedIn,Pillar I: Children's Music & Arts,Early Childhood Music & Movement,Tier 2 (Community Connector),North America,United States,,74,"Flutist, Dancer/Choreographer, Dalcroze at Early Childhood Institution.",Screen vs. Sensory; Institution vs. Sanctuary; Consumption vs. Quest,https://www.linkedin.com/in/dawn-pratson-03068b13,li-dawn-pratson-03068b13
melody.chan.154251259@linkedin.contact,Melody Chan,Melody,in/melody-chan-154251259,LinkedIn,Pillar I: Children's Music & Arts,Early Childhood Music & Movement,Tier 2 (Community Connector),North America,United States,,79,Suzuki & Dalcroze Eurhythmics Educator at Early Childhood Institution.,Screen vs. Sensory; Institution vs. Sanctuary; Consumption vs. Quest,https://www.linkedin.com/in/melody-chan-154251259,li-melody-chan-154251259
jack.stevenson.623a6417@linkedin.contact,Jack Stevenson,Jack,in/jack-stevenson-623a6417,LinkedIn,Pillar I: Children's Music & Arts,Early Childhood Music & Movement,Tier 2 (Community Connector),North America,United States,,74,"Director-Owner, Institute for Jaques at Early Childhood Institution.",Screen vs. Sensory; Institution vs. Sanctuary; Consumption vs. Quest,https://www.linkedin.com/in/jack-stevenson-623a6417,li-jack-stevenson-623a6417
dr.daniel.rubinoff.3987876@linkedin.contact,Dr. Daniel Rubinoff,Dr.,in/dr-daniel-rubinoff-3987876,LinkedIn,Pillar I: Children's Music & Arts,Early Childhood Music & Movement,Tier 2 (Community Connector),North America,United States,,74,Musician/Educator/Researcher at Early Childhood Institution.,Screen vs. Sensory; Institution vs. Sanctuary; Consumption vs. Quest,https://www.linkedin.com/in/dr-daniel-rubinoff-3987876,li-dr-daniel-rubinoff-39878
jane.djaté.aab1929@linkedin.contact,Jane Djaté,Jane,in/jane-djaté-aab1929,LinkedIn,Pillar I: Children's Music & Arts,Early Childhood Music & Movement,Tier 2 (Community Connector),North America,United States,,74,Givaudan at Early Childhood Institution.,Screen vs. Sensory; Institution vs. Sanctuary; Consumption vs. Quest,https://www.linkedin.com/in/jane-djaté-aab1929,li-jane-djaté-aab1929
dalcroze.uk.a6992a383@linkedin.contact,Dalcroze UK,Dalcroze,in/dalcroze-uk-a6992a383,LinkedIn,Pillar I: Children's Music & Arts,Early Childhood Music & Movement,Tier 2 (Community Connector),North America,United States,,74,Dalcroze UK at Early Childhood Institution.,Screen vs. Sensory; Institution vs. Sanctuary; Consumption vs. Quest,https://www.linkedin.com/in/dalcroze-uk-a6992a383,li-dalcroze-uk-a6992a383
arthursimoesmusic@linkedin.contact,Arthur S.,Arthur,in/arthursimoesmusic,LinkedIn,Pillar I: Children's Music & Arts,Early Childhood Music & Movement,Tier 2 (Community Connector),North America,United States,,74,"Pianist, Composer, Educator at Early Childhood Institution.",Screen vs. Sensory; Institution vs. Sanctuary; Consumption vs. Quest,https://www.linkedin.com/in/arthursimoesmusic,li-arthursimoesmusic
anthony.molinaro.739aa7230@linkedin.contact,Anthony Molinaro,Anthony,in/anthony-molinaro-739aa7230,LinkedIn,Pillar I: Children's Music & Arts,Early Childhood Music & Movement,Tier 2 (Community Connector),North America,United States,,74,Instructional Leader | Elementary Educator at Early Childhood Institution.,Screen vs. Sensory; Institution vs. Sanctuary; Consumption vs. Quest,https://www.linkedin.com/in/anthony-molinaro-739aa7230,li-anthony-molinaro-739aa72
sabine.heubusch.7b217132@linkedin.contact,Sabine Heubusch,Sabine,in/sabine-heubusch-7b217132,LinkedIn,Pillar I: Children's Music & Arts,Early Childhood Music & Movement,Tier 2 (Community Connector),North America,United States,,74,Music and movement teacher at Early Childhood Institution.,Screen vs. Sensory; Institution vs. Sanctuary; Consumption vs. Quest,https://www.linkedin.com/in/sabine-heubusch-7b217132,li-sabine-heubusch-7b217132
clelia.cavallaro.mckeon.ab869a43@linkedin.contact,Clelia Cavallaro-McKeon,Clelia,in/clelia-cavallaro-mckeon-ab869a43,LinkedIn,Pillar I: Children's Music & Arts,Early Childhood Music & Movement,Tier 2 (Community Connector),North America,United States,,74,Musician at Early Childhood Institution.,Screen vs. Sensory; Institution vs. Sanctuary; Consumption vs. Quest,https://www.linkedin.com/in/clelia-cavallaro-mckeon-ab869a43,li-clelia-cavallaro-mckeon-
balewski@linkedin.contact,Weronika Balewski,Weronika,in/balewski,LinkedIn,Pillar I: Children's Music & Arts,Early Childhood Music & Movement,Tier 2 (Community Connector),North America,United States,,74,Flutist | Dalcroze & Integrative Music at Early Childhood Institution.,Screen vs. Sensory; Institution vs. Sanctuary; Consumption vs. Quest,https://www.linkedin.com/in/balewski,li-balewski
dr.dorita.dori.s.berger.phd.b05aba10@linkedin.contact,"Dr. Dorita (Dori) S. Berger, PhD",Dr.,in/dr-dorita-dori-s-berger-phd-b05aba10,LinkedIn,Pillar I: Children's Music & Arts,Early Childhood Music & Movement,Tier 2 (Community Connector),North America,United States,,79,Eurhythmics: Sensorimotor at Early Childhood Institution.,Screen vs. Sensory; Institution vs. Sanctuary; Consumption vs. Quest,https://www.linkedin.com/in/dr-dorita-dori-s-berger-phd-b05aba10,li-dr-dorita-dori-s-berger-
erikacorradiniferrando@linkedin.contact,Erika Corradini Ferrando,Erika,in/erikacorradiniferrando,LinkedIn,Pillar II: Homeschool Families,Montessori & Progressive ECE,Tier 2 (Community Connector),North America,United States,,81,"Throughout my professional journey in early childhood education, I initially worked as an intern and educational assistant, and since 2022, I have been working as a teacher. In this role, I...",Screen vs. Sensory; Institution vs. Sanctuary; Consumption vs. Quest,https://www.linkedin.com/in/erikacorradiniferrando,li-erikacorradiniferrando
peggy.martalock.96319334@linkedin.contact,Peggy Martalock,Peggy,in/peggy-martalock-96319334,LinkedIn,Pillar II: Homeschool Families,Montessori & Progressive ECE,Tier 2 (Community Connector),North America,United States,,72,Early Childhood Education Consultant & Pedagogical Partner | Georgia DECAL -Approved Trainer | Reggio Emilia Inspired Approach | helping schools and educators build classrooms where children ...,Screen vs. Sensory; Institution vs. Sanctuary; Consumption vs. Quest,https://www.linkedin.com/in/peggy-martalock-96319334,li-peggy-martalock-96319334
laura.molnar@linkedin.contact,Laura Molnar,Laura,in/laura-molnar,LinkedIn,Pillar II: Homeschool Families,Montessori & Progressive ECE,Tier 2 (Community Connector),North America,United States,,84,"Aug 3, 2023 · If you are new to setting up a homeschool co-op or maybe you just are looking to help it run more efficiently then having job descriptions for those that are part of your co-op will",Screen vs. Sensory; Institution vs. Sanctuary; Consumption vs. Quest,https://www.linkedin.com/in/laura-molnar,li-laura-molnar
griffin.taylor.ms.ccc.slp.74566954@linkedin.contact,"Griffin Taylor, MS, CCC-SLP",Griffin,in/griffin-taylor-ms-ccc-slp-74566954,LinkedIn,Pillar III: Child Development,Pediatric Sensory & Motor Development,Tier 1 (Macro / Institutional),North America,United States,,79,"Facilitated inclusive, communication-rich preschool playgroups and workshops for parents. Collaborated with Audiologists, Occupational Therapists and ENT Specialists for consultative services in...",Screen vs. Sensory; Institution vs. Sanctuary; Consumption vs. Quest,https://www.linkedin.com/in/griffin-taylor-ms-ccc-slp-74566954,li-griffin-taylor-ms-ccc-sl
heather.majtyka.230297204@linkedin.contact,Heather Majtyka,Heather,in/heather-majtyka-230297204,LinkedIn,Pillar III: Child Development,Pediatric Sensory & Motor Development,Tier 1 (Macro / Institutional),North America,United States,,79,"With 1+ year of experience in pediatric rehabilitation and sensory integration, I support children with developmental challenges by creating fun, structured, and meaningful therapy sessions...",Screen vs. Sensory; Institution vs. Sanctuary; Consumption vs. Quest,https://www.linkedin.com/in/heather-majtyka-230297204,li-heather-majtyka-23029720
una.brown.67a125180@linkedin.contact,Una Brown,Una,in/una-brown-67a125180,LinkedIn,Pillar III: Child Development,Pediatric Sensory & Motor Development,Tier 1 (Macro / Institutional),North America,United States,,84,"Owner, Pediatric Sensory Therapy · I am currently the Owner of Pediatric Sensory Therapy, LLC which is a private sensory integration clinic designed to meet the needs of children and families ...",Screen vs. Sensory; Institution vs. Sanctuary; Consumption vs. Quest,https://www.linkedin.com/in/una-brown-67a125180,li-una-brown-67a125180
carolinacalderons@linkedin.contact,Carolina Calderon,Carolina,in/carolinacalderons,LinkedIn,Pillar V: Multicultural & Bilingual Education,Bilingual & Immersion ECE,Tier 2 (Community Connector),North America,United States,,77,Bilingual | Early Childhood Educator Assistant | Sustainability | Social Sciences | Business Management · Experience: Petite Girafe Montessori Academy · Education: Kwantlen Polytechnic...,Screen vs. Sensory; Institution vs. Sanctuary; Consumption vs. Quest,https://www.linkedin.com/in/carolinacalderons,li-carolinacalderons
admissions@clarence-international-school.edu,Clarence International School,Director of Early Years & Admissions,@clarence-international-school,Website,Pillar V: Multicultural & Bilingual Education,International School Early Division (British EYFS),Tier 1 (Macro / Institutional),Asia,Japan (Tokyo),British EYFS,94,"Established international school in Tokyo, Japan; seeking sensory and acoustic screen-free companions for early English immersion and kindergarten transitions.",Screen vs. Sensory; Testing vs. Arts; Institution vs. Sanctuary,https://www.google.com/search?q=Clarence+International+School+Tokyo,lead-esl-0001
admissions@aoba-japan-international-schoo.edu,Aoba-Japan International School,Director of Early Years & Admissions,@aoba-japan-international-schoo,Website,Pillar V: Multicultural & Bilingual Education,International School Early Division (IB PYP),Tier 1 (Macro / Institutional),Asia,Japan (Tokyo),IB PYP,94,"Established international school in Tokyo, Japan; seeking sensory and acoustic screen-free companions for early English immersion and kindergarten transitions.",Screen vs. Sensory; Testing vs. Arts; Institution vs. Sanctuary,https://www.google.com/search?q=Aoba-Japan+International+School+Tokyo,lead-esl-0002
admissions@eifj-tokyo.edu,EIFJ Tokyo,Director of Early Years & Admissions,@eifj-tokyo,Website,Pillar V: Multicultural & Bilingual Education,International School Early Division (IB PYP),Tier 2 (Community Connector),Asia,Japan (Tokyo),IB PYP,94,"Established international school in Tokyo, Japan; seeking sensory and acoustic screen-free companions for early English immersion and kindergarten transitions.",Screen vs. Sensory; Testing vs. Arts; Institution vs. Sanctuary,https://www.google.com/search?q=EIFJ+Tokyo+Tokyo,lead-esl-0003
admissions@yokohama-christian-school.edu,Yokohama Christian School,Director of Early Years & Admissions,@yokohama-christian-school,Website,Pillar V: Multicultural & Bilingual Education,International School Early Division (American Early Childhood),Tier 1 (Macro / Institutional),Asia,Japan (Tokyo),American Early Childhood,94,"Established international school in Tokyo, Japan; seeking sensory and acoustic screen-free companions for early English immersion and kindergarten transitions.",Screen vs. Sensory; Testing vs. Arts; Institution vs. Sanctuary,https://www.google.com/search?q=Yokohama+Christian+School+Tokyo,lead-esl-0004
admissions@apple-learning-international-s.edu,Apple Learning International School,Director of Early Years & Admissions,@apple-learning-international-s,Website,Pillar V: Multicultural & Bilingual Education,International School Early Division (Montessori Early Years),Tier 1 (Macro / Institutional),Asia,Japan (Tokyo),Montessori Early Years,94,"Established international school in Tokyo, Japan; seeking sensory and acoustic screen-free companions for early English immersion and kindergarten transitions.",Screen vs. Sensory; Testing vs. Arts; Institution vs. Sanctuary,https://www.google.com/search?q=Apple+Learning+International+School+Tokyo,lead-esl-0005
admissions@chuo-international-school.edu,Chuo International School,Director of Early Years & Admissions,@chuo-international-school,Website,Pillar V: Multicultural & Bilingual Education,International School Early Division (Montessori Early Years),Tier 1 (Macro / Institutional),Asia,Japan (Tokyo),Montessori Early Years,94,"Established international school in Tokyo, Japan; seeking sensory and acoustic screen-free companions for early English immersion and kindergarten transitions.",Screen vs. Sensory; Testing vs. Arts; Institution vs. Sanctuary,https://www.google.com/search?q=Chuo+International+School+Tokyo,lead-esl-0006
admissions@learning-tree-international-sc.edu,Learning Tree International School,Director of Early Years & Admissions,@learning-tree-international-sc,Website,Pillar V: Multicultural & Bilingual Education,International School Early Division (American Early Childhood),Tier 1 (Macro / Institutional),Asia,Japan (Tokyo),American Early Childhood,94,"Established international school in Tokyo, Japan; seeking sensory and acoustic screen-free companions for early English immersion and kindergarten transitions.",Screen vs. Sensory; Testing vs. Arts; Institution vs. Sanctuary,https://www.google.com/search?q=Learning+Tree+International+School+Tokyo,lead-esl-0007
admissions@mees-international-school.edu,MEES International School,Director of Early Years & Admissions,@mees-international-school,Website,Pillar V: Multicultural & Bilingual Education,International School Early Division (International Early Years),Tier 1 (Macro / Institutional),Asia,Japan (Tokyo),International Early Years,94,"Established international school in Tokyo, Japan; seeking sensory and acoustic screen-free companions for early English immersion and kindergarten transitions.",Screen vs. Sensory; Testing vs. Arts; Institution vs. Sanctuary,https://www.google.com/search?q=MEES+International+School+Tokyo,lead-esl-0008
admissions@tokyo-ymca-international-schoo.edu,Tokyo YMCA International School,Director of Early Years & Admissions,@tokyo-ymca-international-schoo,Website,Pillar V: Multicultural & Bilingual Education,International School Early Division (American Early Childhood),Tier 1 (Macro / Institutional),Asia,Japan (Tokyo),American Early Childhood,94,"Established international school in Tokyo, Japan; seeking sensory and acoustic screen-free companions for early English immersion and kindergarten transitions.",Screen vs. Sensory; Testing vs. Arts; Institution vs. Sanctuary,https://www.google.com/search?q=Tokyo+YMCA+International+School+Tokyo,lead-esl-0009
admissions@laurus-international-school-of.edu,Laurus International School of Science,Director of Early Years & Admissions,@laurus-international-school-of,Website,Pillar V: Multicultural & Bilingual Education,International School Early Division (British EYFS),Tier 1 (Macro / Institutional),Asia,Japan (Tokyo),British EYFS,94,"Established international school in Tokyo, Japan; seeking sensory and acoustic screen-free companions for early English immersion and kindergarten transitions.",Screen vs. Sensory; Testing vs. Arts; Institution vs. Sanctuary,https://www.google.com/search?q=Laurus+International+School+of+Science+Tokyo,lead-esl-0010
admissions@gregg-international-school.edu,Gregg International School,Director of Early Years & Admissions,@gregg-international-school,Website,Pillar V: Multicultural & Bilingual Education,International School Early Division (International Early Years),Tier 1 (Macro / Institutional),Asia,Japan (Tokyo),International Early Years,94,"Established international school in Tokyo, Japan; seeking sensory and acoustic screen-free companions for early English immersion and kindergarten transitions.",Screen vs. Sensory; Testing vs. Arts; Institution vs. Sanctuary,https://www.google.com/search?q=Gregg+International+School+Tokyo,lead-esl-0011
admissions@axis-international-school.edu,Axis International School,Director of Early Years & Admissions,@axis-international-school,Website,Pillar V: Multicultural & Bilingual Education,International School Early Division (American Early Childhood),Tier 1 (Macro / Institutional),Asia,Japan (Tokyo),American Early Childhood,94,"Established international school in Tokyo, Japan; seeking sensory and acoustic screen-free companions for early English immersion and kindergarten transitions.",Screen vs. Sensory; Testing vs. Arts; Institution vs. Sanctuary,https://www.google.com/search?q=Axis+International+School+Tokyo,lead-esl-0012
admissions@saint-maur-international-schoo.edu,Saint Maur International School,Director of Early Years & Admissions,@saint-maur-international-schoo,Website,Pillar V: Multicultural & Bilingual Education,International School Early Division (IB PYP),Tier 1 (Macro / Institutional),Asia,Japan (Tokyo),IB PYP,94,"Established international school in Tokyo, Japan; seeking sensory and acoustic screen-free companions for early English immersion and kindergarten transitions.",Screen vs. Sensory; Testing vs. Arts; Institution vs. Sanctuary,https://www.google.com/search?q=Saint+Maur+International+School+Tokyo,lead-esl-0013
admissions@cgk-international-school.edu,CGK International School,Director of Early Years & Admissions,@cgk-international-school,Website,Pillar V: Multicultural & Bilingual Education,International School Early Division (IB PYP),Tier 1 (Macro / Institutional),Asia,Japan (Tokyo),IB PYP,94,"Established international school in Tokyo, Japan; seeking sensory and acoustic screen-free companions for early English immersion and kindergarten transitions.",Screen vs. Sensory; Testing vs. Arts; Institution vs. Sanctuary,https://www.google.com/search?q=CGK+International+School+Tokyo,lead-esl-0014
admissions@tokyo-west-international-schoo.edu,Tokyo West International School,Director of Early Years & Admissions,@tokyo-west-international-schoo,Website,Pillar V: Multicultural & Bilingual Education,International School Early Division (IB PYP),Tier 1 (Macro / Institutional),Asia,Japan (Tokyo),IB PYP,94,"Established international school in Tokyo, Japan; seeking sensory and acoustic screen-free companions for early English immersion and kindergarten transitions.",Screen vs. Sensory; Testing vs. Arts; Institution vs. Sanctuary,https://www.google.com/search?q=Tokyo+West+International+School+Tokyo,lead-esl-0015
admissions@the-montessori-school-of-tokyo.edu,The Montessori School of Tokyo,Director of Early Years & Admissions,@the-montessori-school-of-tokyo,Website,Pillar V: Multicultural & Bilingual Education,Premier Early Childhood Center (Montessori Early Years),Tier 1 (Macro / Institutional),Asia,Japan (Tokyo),Montessori Early Years,98,"Dedicated early learning institution in Tokyo, Japan; prime partner for SOE 90–110 BPM acoustic rhythm, non-American phonemic clarity, and tactile screen-free workbooks.",Screen vs. Sensory; Testing vs. Arts; Institution vs. Sanctuary,https://www.google.com/search?q=The+Montessori+School+of+Tokyo+Tokyo,lead-esl-0016
admissions@global-indian-international-sc.edu,Global Indian International School,Director of Early Years & Admissions,@global-indian-international-sc,Website,Pillar V: Multicultural & Bilingual Education,International School Early Division (IB PYP),Tier 1 (Macro / Institutional),Asia,Japan (Tokyo),IB PYP,94,"Established international school in Tokyo, Japan; seeking sensory and acoustic screen-free companions for early English immersion and kindergarten transitions.",Screen vs. Sensory; Testing vs. Arts; Institution vs. Sanctuary,https://www.google.com/search?q=Global+Indian+International+School+Tokyo,lead-esl-0017
admissions@the-british-school-in-tokyo.edu,The British School in Tokyo,Director of Early Years & Admissions,@the-british-school-in-tokyo,Website,Pillar V: Multicultural & Bilingual Education,International School Early Division (British EYFS),Tier 1 (Macro / Institutional),Asia,Japan (Tokyo),British EYFS,94,"Established international school in Tokyo, Japan; seeking sensory and acoustic screen-free companions for early English immersion and kindergarten transitions.",Screen vs. Sensory; Testing vs. Arts; Institution vs. Sanctuary,https://www.google.com/search?q=The+British+School+in+Tokyo+Tokyo,lead-esl-0018
admissions@seisen-international-school.edu,Seisen International School,Director of Early Years & Admissions,@seisen-international-school,Website,Pillar V: Multicultural & Bilingual Education,International School Early Division (IB PYP),Tier 1 (Macro / Institutional),Asia,Japan (Tokyo),IB PYP,94,"Established international school in Tokyo, Japan; seeking sensory and acoustic screen-free companions for early English immersion and kindergarten transitions.",Screen vs. Sensory; Testing vs. Arts; Institution vs. Sanctuary,https://www.google.com/search?q=Seisen+International+School+Tokyo,lead-esl-0019
admissions@new-international-school-of-ja.edu,New International School of Japan,Director of Early Years & Admissions,@new-international-school-of-ja,Website,Pillar V: Multicultural & Bilingual Education,International School Early Division (American Early Childhood),Tier 1 (Macro / Institutional),Asia,Japan (Tokyo),American Early Childhood,94,"Established international school in Tokyo, Japan; seeking sensory and acoustic screen-free companions for early English immersion and kindergarten transitions.",Screen vs. Sensory; Testing vs. Arts; Institution vs. Sanctuary,https://www.google.com/search?q=New+International+School+of+Japan+Tokyo,lead-esl-0020
admissions@makuhari-international-school.edu,Makuhari International School,Director of Early Years & Admissions,@makuhari-international-school,Website,Pillar V: Multicultural & Bilingual Education,International School Early Division (American Early Childhood),Tier 1 (Macro / Institutional),Asia,Japan (Tokyo),American Early Childhood,94,"Established international school in Tokyo, Japan; seeking sensory and acoustic screen-free companions for early English immersion and kindergarten transitions.",Screen vs. Sensory; Testing vs. Arts; Institution vs. Sanctuary,https://www.google.com/search?q=Makuhari+International+School+Tokyo,lead-esl-0021
admissions@k-international-school-tokyo.edu,K. International School Tokyo,Director of Early Years & Admissions,@k-international-school-tokyo,Website,Pillar V: Multicultural & Bilingual Education,International School Early Division (IB PYP),Tier 1 (Macro / Institutional),Asia,Japan (Tokyo),IB PYP,94,"Established international school in Tokyo, Japan; seeking sensory and acoustic screen-free companions for early English immersion and kindergarten transitions.",Screen vs. Sensory; Testing vs. Arts; Institution vs. Sanctuary,https://www.google.com/search?q=K.+International+School+Tokyo+Tokyo,lead-esl-0022
admissions@united-school-of-tokyo.edu,United School of Tokyo,Director of Early Years & Admissions,@united-school-of-tokyo,Website,Pillar V: Multicultural & Bilingual Education,International School Early Division (American Early Childhood),Tier 1 (Macro / Institutional),Asia,Japan (Tokyo),American Early Childhood,94,"Established international school in Tokyo, Japan; seeking sensory and acoustic screen-free companions for early English immersion and kindergarten transitions.",Screen vs. Sensory; Testing vs. Arts; Institution vs. Sanctuary,https://www.google.com/search?q=United+School+of+Tokyo+Tokyo,lead-esl-0023
admissions@shinagawa-international-school.edu,Shinagawa International School,Director of Early Years & Admissions,@shinagawa-international-school,Website,Pillar V: Multicultural & Bilingual Education,International School Early Division (IB PYP),Tier 1 (Macro / Institutional),Asia,Japan (Tokyo),IB PYP,94,"Established international school in Tokyo, Japan; seeking sensory and acoustic screen-free companions for early English immersion and kindergarten transitions.",Screen vs. Sensory; Testing vs. Arts; Institution vs. Sanctuary,https://www.google.com/search?q=Shinagawa+International+School+Tokyo,lead-esl-0024
admissions@columbia-international-school.edu,Columbia International School,Director of Early Years & Admissions,@columbia-international-school,Website,Pillar V: Multicultural & Bilingual Education,International School Early Division (International Early Years),Tier 1 (Macro / Institutional),Asia,Japan (Tokyo),International Early Years,94,"Established international school in Tokyo, Japan; seeking sensory and acoustic screen-free companions for early English immersion and kindergarten transitions.",Screen vs. Sensory; Testing vs. Arts; Institution vs. Sanctuary,https://www.google.com/search?q=Columbia+International+School+Tokyo,lead-esl-0025
admissions@kais-international-school.edu,KAIS International School,Director of Early Years & Admissions,@kais-international-school,Website,Pillar V: Multicultural & Bilingual Education,International School Early Division (American Early Childhood),Tier 1 (Macro / Institutional),Asia,Japan (Tokyo),American Early Childhood,94,"Established international school in Tokyo, Japan; seeking sensory and acoustic screen-free companions for early English immersion and kindergarten transitions.",Screen vs. Sensory; Testing vs. Arts; Institution vs. Sanctuary,https://www.google.com/search?q=KAIS+International+School+Tokyo,lead-esl-0026
admissions@horizon-japan-international-sc.edu,Horizon Japan International School,Director of Early Years & Admissions,@horizon-japan-international-sc,Website,Pillar V: Multicultural & Bilingual Education,International School Early Division (IB PYP),Tier 1 (Macro / Institutional),Asia,Japan (Tokyo),IB PYP,94,"Established international school in Tokyo, Japan; seeking sensory and acoustic screen-free companions for early English immersion and kindergarten transitions.",Screen vs. Sensory; Testing vs. Arts; Institution vs. Sanctuary,https://www.google.com/search?q=Horizon+Japan+International+School+Tokyo,lead-esl-0027
admissions@pinecrest-international-school.edu,Pinecrest International School,Director of Early Years & Admissions,@pinecrest-international-school,Website,Pillar V: Multicultural & Bilingual Education,International School Early Division (International Early Years),Tier 1 (Macro / Institutional),Latin America,Mexico (Mexico City),International Early Years,94,"Established international school in Mexico City, Mexico; seeking sensory and acoustic screen-free companions for early English immersion and kindergarten transitions.",Screen vs. Sensory; Testing vs. Arts; Institution vs. Sanctuary,https://www.google.com/search?q=Pinecrest+International+School+Mexico+City,lead-esl-0028
admissions@eton-school.edu,Eton School,Director of Early Years & Admissions,@eton-school,Website,Pillar V: Multicultural & Bilingual Education,International School Early Division (IB PYP),Tier 1 (Macro / Institutional),Latin America,Mexico (Mexico City),IB PYP,94,"Established international school in Mexico City, Mexico; seeking sensory and acoustic screen-free companions for early English immersion and kindergarten transitions.",Screen vs. Sensory; Testing vs. Arts; Institution vs. Sanctuary,https://www.google.com/search?q=Eton+School+Mexico+City,lead-esl-0029
admissions@instituto-thomas-jefferson-zon.edu,Instituto Thomas Jefferson - Zona Esmeralda,Director of Early Years & Admissions,@instituto-thomas-jefferson-zon,Website,Pillar V: Multicultural & Bilingual Education,International School Early Division (IB PYP),Tier 2 (Community Connector),Latin America,Mexico (Mexico City),IB PYP,94,"Established international school in Mexico City, Mexico; seeking sensory and acoustic screen-free companions for early English immersion and kindergarten transitions.",Screen vs. Sensory; Testing vs. Arts; Institution vs. Sanctuary,https://www.google.com/search?q=Instituto+Thomas+Jefferson+-+Zona+Esmeralda+Mexico+City,lead-esl-0030
admissions@instituto-thomas-jefferson-san.edu,Instituto Thomas Jefferson - Santa Mónica,Director of Early Years & Admissions,@instituto-thomas-jefferson-san,Website,Pillar V: Multicultural & Bilingual Education,International School Early Division (IB PYP),Tier 2 (Community Connector),Latin America,Mexico (Mexico City),IB PYP,94,"Established international school in Mexico City, Mexico; seeking sensory and acoustic screen-free companions for early English immersion and kindergarten transitions.",Screen vs. Sensory; Testing vs. Arts; Institution vs. Sanctuary,https://www.google.com/search?q=Instituto+Thomas+Jefferson+-+Santa+Mónica+Mexico+City,lead-esl-0031
admissions@peterson-school.edu,Peterson School,Director of Early Years & Admissions,@peterson-school,Website,Pillar V: Multicultural & Bilingual Education,International School Early Division (IB PYP),Tier 1 (Macro / Institutional),Latin America,Mexico (Mexico City),IB PYP,94,"Established international school in Mexico City, Mexico; seeking sensory and acoustic screen-free companions for early English immersion and kindergarten transitions.",Screen vs. Sensory; Testing vs. Arts; Institution vs. Sanctuary,https://www.google.com/search?q=Peterson+School+Mexico+City,lead-esl-0032
admissions@the-edron-academy.edu,The Edron Academy,Director of Early Years & Admissions,@the-edron-academy,Website,Pillar V: Multicultural & Bilingual Education,International School Early Division (IB PYP),Tier 1 (Macro / Institutional),Latin America,Mexico (Mexico City),IB PYP,94,"Established international school in Mexico City, Mexico; seeking sensory and acoustic screen-free companions for early English immersion and kindergarten transitions.",Screen vs. Sensory; Testing vs. Arts; Institution vs. Sanctuary,https://www.google.com/search?q=The+Edron+Academy+Mexico+City,lead-esl-0033
admissions@british-american-school.edu,British American School,Director of Early Years & Admissions,@british-american-school,Website,Pillar V: Multicultural & Bilingual Education,International School Early Division (IB PYP),Tier 1 (Macro / Institutional),Latin America,Mexico (Mexico City),IB PYP,94,"Established international school in Mexico City, Mexico; seeking sensory and acoustic screen-free companions for early English immersion and kindergarten transitions.",Screen vs. Sensory; Testing vs. Arts; Institution vs. Sanctuary,https://www.google.com/search?q=British+American+School+Mexico+City,lead-esl-0034
admissions@escuela-lomas-altas.edu,Escuela Lomas Altas,Director of Early Years & Admissions,@escuela-lomas-altas,Website,Pillar V: Multicultural & Bilingual Education,International School Early Division (IB PYP),Tier 2 (Community Connector),Latin America,Mexico (Mexico City),IB PYP,94,"Established international school in Mexico City, Mexico; seeking sensory and acoustic screen-free companions for early English immersion and kindergarten transitions.",Screen vs. Sensory; Testing vs. Arts; Institution vs. Sanctuary,https://www.google.com/search?q=Escuela+Lomas+Altas+Mexico+City,lead-esl-0035
admissions@olinca-international-school.edu,Olinca International School,Director of Early Years & Admissions,@olinca-international-school,Website,Pillar V: Multicultural & Bilingual Education,International School Early Division (IB PYP),Tier 1 (Macro / Institutional),Latin America,Mexico (Mexico City),IB PYP,94,"Established international school in Mexico City, Mexico; seeking sensory and acoustic screen-free companions for early English immersion and kindergarten transitions.",Screen vs. Sensory; Testing vs. Arts; Institution vs. Sanctuary,https://www.google.com/search?q=Olinca+International+School+Mexico+City,lead-esl-0036
admissions@highlands-international-school.edu,Highlands International School,Director of Early Years & Admissions,@highlands-international-school,Website,Pillar V: Multicultural & Bilingual Education,International School Early Division (American Early Childhood),Tier 1 (Macro / Institutional),Latin America,Mexico (Mexico City),American Early Childhood,94,"Established international school in Mexico City, Mexico; seeking sensory and acoustic screen-free companions for early English immersion and kindergarten transitions.",Screen vs. Sensory; Testing vs. Arts; Institution vs. Sanctuary,https://www.google.com/search?q=Highlands+International+School+Mexico+City,lead-esl-0037
admissions@the-american-school-foundation.edu,The American School Foundation,Director of Early Years & Admissions,@the-american-school-foundation,Website,Pillar V: Multicultural & Bilingual Education,International School Early Division (IB PYP),Tier 1 (Macro / Institutional),Latin America,Mexico (Mexico City),IB PYP,94,"Established international school in Mexico City, Mexico; seeking sensory and acoustic screen-free companions for early English immersion and kindergarten transitions.",Screen vs. Sensory; Testing vs. Arts; Institution vs. Sanctuary,https://www.google.com/search?q=The+American+School+Foundation+Mexico+City,lead-esl-0038
admissions@colegio-lomas-hill.edu,Colegio Lomas Hill,Director of Early Years & Admissions,@colegio-lomas-hill,Website,Pillar V: Multicultural & Bilingual Education,International School Early Division (IB PYP),Tier 2 (Community Connector),Latin America,Mexico (Mexico City),IB PYP,94,"Established international school in Mexico City, Mexico; seeking sensory and acoustic screen-free companions for early English immersion and kindergarten transitions.",Screen vs. Sensory; Testing vs. Arts; Institution vs. Sanctuary,https://www.google.com/search?q=Colegio+Lomas+Hill+Mexico+City,lead-esl-0039
admissions@atid-school.edu,Atid School,Director of Early Years & Admissions,@atid-school,Website,Pillar V: Multicultural & Bilingual Education,International School Early Division (IB PYP),Tier 1 (Macro / Institutional),Latin America,Mexico (Mexico City),IB PYP,94,"Established international school in Mexico City, Mexico; seeking sensory and acoustic screen-free companions for early English immersion and kindergarten transitions.",Screen vs. Sensory; Testing vs. Arts; Institution vs. Sanctuary,https://www.google.com/search?q=Atid+School+Mexico+City,lead-esl-0040
admissions@instituto-cultural-americano-m.edu,Instituto Cultural Americano Mexicano,Director of Early Years & Admissions,@instituto-cultural-americano-m,Website,Pillar V: Multicultural & Bilingual Education,International School Early Division (International Early Years),Tier 2 (Community Connector),Latin America,Mexico (Mexico City),International Early Years,94,"Established international school in Mexico City, Mexico; seeking sensory and acoustic screen-free companions for early English immersion and kindergarten transitions.",Screen vs. Sensory; Testing vs. Arts; Institution vs. Sanctuary,https://www.google.com/search?q=Instituto+Cultural+Americano+Mexicano+Mexico+City,lead-esl-0041
admissions@westhill-institute.edu,Westhill Institute,Director of Early Years & Admissions,@westhill-institute,Website,Pillar V: Multicultural & Bilingual Education,International School Early Division (IB PYP),Tier 2 (Community Connector),Latin America,Mexico (Mexico City),IB PYP,94,"Established international school in Mexico City, Mexico; seeking sensory and acoustic screen-free companions for early English immersion and kindergarten transitions.",Screen vs. Sensory; Testing vs. Arts; Institution vs. Sanctuary,https://www.google.com/search?q=Westhill+Institute+Mexico+City,lead-esl-0042
admissions@irish-institute-mexico.edu,Irish Institute Mexico,Director of Early Years & Admissions,@irish-institute-mexico,Website,Pillar V: Multicultural & Bilingual Education,International School Early Division (American Early Childhood),Tier 2 (Community Connector),Latin America,Mexico (Mexico City),American Early Childhood,94,"Established international school in Mexico City, Mexico; seeking sensory and acoustic screen-free companions for early English immersion and kindergarten transitions.",Screen vs. Sensory; Testing vs. Arts; Institution vs. Sanctuary,https://www.google.com/search?q=Irish+Institute+Mexico+Mexico+City,lead-esl-0043
admissions@modern-american-school.edu,Modern American School,Director of Early Years & Admissions,@modern-american-school,Website,Pillar V: Multicultural & Bilingual Education,International School Early Division (American Early Childhood),Tier 1 (Macro / Institutional),Latin America,Mexico (Mexico City),American Early Childhood,94,"Established international school in Mexico City, Mexico; seeking sensory and acoustic screen-free companions for early English immersion and kindergarten transitions.",Screen vs. Sensory; Testing vs. Arts; Institution vs. Sanctuary,https://www.google.com/search?q=Modern+American+School+Mexico+City,lead-esl-0044
admissions@escuela-tom-s-alva-edison.edu,Escuela Tomás Alva Edison,Director of Early Years & Admissions,@escuela-tom-s-alva-edison,Website,Pillar V: Multicultural & Bilingual Education,International School Early Division (IB PYP),Tier 2 (Community Connector),Latin America,Mexico (Mexico City),IB PYP,94,"Established international school in Mexico City, Mexico; seeking sensory and acoustic screen-free companions for early English immersion and kindergarten transitions.",Screen vs. Sensory; Testing vs. Arts; Institution vs. Sanctuary,https://www.google.com/search?q=Escuela+Tomás+Alva+Edison+Mexico+City,lead-esl-0045
admissions@escuela-sierra-nevada.edu,Escuela Sierra Nevada,Director of Early Years & Admissions,@escuela-sierra-nevada,Website,Pillar V: Multicultural & Bilingual Education,International School Early Division (American Early Childhood),Tier 2 (Community Connector),Latin America,Mexico (Mexico City),American Early Childhood,94,"Established international school in Mexico City, Mexico; seeking sensory and acoustic screen-free companions for early English immersion and kindergarten transitions.",Screen vs. Sensory; Testing vs. Arts; Institution vs. Sanctuary,https://www.google.com/search?q=Escuela+Sierra+Nevada+Mexico+City,lead-esl-0046
admissions@bridgeway-north-american-schoo.edu,BridgeWay North American School,Director of Early Years & Admissions,@bridgeway-north-american-schoo,Website,Pillar V: Multicultural & Bilingual Education,International School Early Division (American Early Childhood),Tier 1 (Macro / Institutional),Latin America,Mexico (Mexico City),American Early Childhood,94,"Established international school in Mexico City, Mexico; seeking sensory and acoustic screen-free companions for early English immersion and kindergarten transitions.",Screen vs. Sensory; Testing vs. Arts; Institution vs. Sanctuary,https://www.google.com/search?q=BridgeWay+North+American+School+Mexico+City,lead-esl-0047
admissions@the-wingate-school.edu,The Wingate School,Director of Early Years & Admissions,@the-wingate-school,Website,Pillar V: Multicultural & Bilingual Education,International School Early Division (British EYFS),Tier 1 (Macro / Institutional),Latin America,Mexico (Mexico City),British EYFS,94,"Established international school in Mexico City, Mexico; seeking sensory and acoustic screen-free companions for early English immersion and kindergarten transitions.",Screen vs. Sensory; Testing vs. Arts; Institution vs. Sanctuary,https://www.google.com/search?q=The+Wingate+School+Mexico+City,lead-esl-0048
admissions@winpenny-school.edu,Winpenny School,Director of Early Years & Admissions,@winpenny-school,Website,Pillar V: Multicultural & Bilingual Education,International School Early Division (IB PYP),Tier 1 (Macro / Institutional),Latin America,Mexico (Mexico City),IB PYP,94,"Established international school in Mexico City, Mexico; seeking sensory and acoustic screen-free companions for early English immersion and kindergarten transitions.",Screen vs. Sensory; Testing vs. Arts; Institution vs. Sanctuary,https://www.google.com/search?q=Winpenny+School+Mexico+City,lead-esl-0049
admissions@greengates-school.edu,Greengates School,Director of Early Years & Admissions,@greengates-school,Website,Pillar V: Multicultural & Bilingual Education,International School Early Division (IB PYP),Tier 1 (Macro / Institutional),Latin America,Mexico (Mexico City),IB PYP,94,"Established international school in Mexico City, Mexico; seeking sensory and acoustic screen-free companions for early English immersion and kindergarten transitions.",Screen vs. Sensory; Testing vs. Arts; Institution vs. Sanctuary,https://www.google.com/search?q=Greengates+School+Mexico+City,lead-esl-0050
admissions@australian-international-schoo.edu,Australian International School Singapore (AISS),Director of Early Years & Admissions,@australian-international-schoo,Website,Pillar V: Multicultural & Bilingual Education,International School Early Division (IB PYP),Tier 1 (Macro / Institutional),Asia,Singapore (Singapore),IB PYP,94,"Established international school in Singapore, Singapore; seeking sensory and acoustic screen-free companions for early English immersion and kindergarten transitions.",Screen vs. Sensory; Testing vs. Arts; Institution vs. Sanctuary,https://www.google.com/search?q=Australian+International+School+Singapore+(AISS)+Singapore,lead-esl-0051
admissions@canadian-international-school-.edu,Canadian International School (Singapore) (CISS),Director of Early Years & Admissions,@canadian-international-school-,Website,Pillar V: Multicultural & Bilingual Education,International School Early Division (IB PYP),Tier 1 (Macro / Institutional),Asia,Singapore (Singapore),IB PYP,94,"Established international school in Singapore, Singapore; seeking sensory and acoustic screen-free companions for early English immersion and kindergarten transitions.",Screen vs. Sensory; Testing vs. Arts; Institution vs. Sanctuary,https://www.google.com/search?q=Canadian+International+School+(Singapore)+(CISS)+Singapore,lead-esl-0052
admissions@chatsworth-international-schoo.edu,Chatsworth International School,Director of Early Years & Admissions,@chatsworth-international-schoo,Website,Pillar V: Multicultural & Bilingual Education,International School Early Division (IB PYP),Tier 1 (Macro / Institutional),Asia,Singapore (Singapore),IB PYP,94,"Established international school in Singapore, Singapore; seeking sensory and acoustic screen-free companions for early English immersion and kindergarten transitions.",Screen vs. Sensory; Testing vs. Arts; Institution vs. Sanctuary,https://www.google.com/search?q=Chatsworth+International+School+Singapore,lead-esl-0053
admissions@dover-court-international-scho.edu,Dover Court International School (DCIS),Director of Early Years & Admissions,@dover-court-international-scho,Website,Pillar V: Multicultural & Bilingual Education,International School Early Division (IB PYP),Tier 1 (Macro / Institutional),Asia,Singapore (Singapore),IB PYP,94,"Established international school in Singapore, Singapore; seeking sensory and acoustic screen-free companions for early English immersion and kindergarten transitions.",Screen vs. Sensory; Testing vs. Arts; Institution vs. Sanctuary,https://www.google.com/search?q=Dover+Court+International+School+(DCIS)+Singapore,lead-esl-0054
admissions@dulwich-college-singapore.edu,Dulwich College Singapore,Director of Early Years & Admissions,@dulwich-college-singapore,Website,Pillar V: Multicultural & Bilingual Education,International School Early Division (IB PYP),Tier 1 (Macro / Institutional),Asia,Singapore (Singapore),IB PYP,94,"Established international school in Singapore, Singapore; seeking sensory and acoustic screen-free companions for early English immersion and kindergarten transitions.",Screen vs. Sensory; Testing vs. Arts; Institution vs. Sanctuary,https://www.google.com/search?q=Dulwich+College+Singapore+Singapore,lead-esl-0055
admissions@etonhouse-international-school.edu,EtonHouse International School,Director of Early Years & Admissions,@etonhouse-international-school,Website,Pillar V: Multicultural & Bilingual Education,International School Early Division (IB PYP),Tier 1 (Macro / Institutional),Asia,Singapore (Singapore),IB PYP,94,"Established international school in Singapore, Singapore; seeking sensory and acoustic screen-free companions for early English immersion and kindergarten transitions.",Screen vs. Sensory; Testing vs. Arts; Institution vs. Sanctuary,https://www.google.com/search?q=EtonHouse+International+School+Singapore,lead-esl-0056
admissions@french-school-of-singapore-lyc.edu,French School of Singapore (Lyc�e Fran�ais de Singapour) (LFS),Director of Early Years & Admissions,@french-school-of-singapore-lyc,Website,Pillar V: Multicultural & Bilingual Education,International School Early Division (French Immersion),Tier 1 (Macro / Institutional),Asia,Singapore (Singapore),French Immersion,94,"Established international school in Singapore, Singapore; seeking sensory and acoustic screen-free companions for early English immersion and kindergarten transitions.",Screen vs. Sensory; Testing vs. Arts; Institution vs. Sanctuary,https://www.google.com/search?q=French+School+of+Singapore+(Lyc�e+Fran�ais+de+Singapour)+(LFS)+Singapore,lead-esl-0057
admissions@german-european-school-singapo.edu,German European School Singapore (GESS),Director of Early Years & Admissions,@german-european-school-singapo,Website,Pillar V: Multicultural & Bilingual Education,International School Early Division (IB PYP),Tier 1 (Macro / Institutional),Asia,Singapore (Singapore),IB PYP,94,"Established international school in Singapore, Singapore; seeking sensory and acoustic screen-free companions for early English immersion and kindergarten transitions.",Screen vs. Sensory; Testing vs. Arts; Institution vs. Sanctuary,https://www.google.com/search?q=German+European+School+Singapore+(GESS)+Singapore,lead-esl-0058
admissions@global-indian-international-sc.edu,Global Indian International School Singapore (GIIS),Director of Early Years & Admissions,@global-indian-international-sc,Website,Pillar V: Multicultural & Bilingual Education,International School Early Division (IB PYP),Tier 1 (Macro / Institutional),Asia,Singapore (Singapore),IB PYP,94,"Established international school in Singapore, Singapore; seeking sensory and acoustic screen-free companions for early English immersion and kindergarten transitions.",Screen vs. Sensory; Testing vs. Arts; Institution vs. Sanctuary,https://www.google.com/search?q=Global+Indian+International+School+Singapore+(GIIS)+Singapore,lead-esl-0059
admissions@hwa-international-school.edu,HWA International School,Director of Early Years & Admissions,@hwa-international-school,Website,Pillar V: Multicultural & Bilingual Education,International School Early Division (IB PYP),Tier 1 (Macro / Institutional),Asia,Singapore (Singapore),IB PYP,94,"Established international school in Singapore, Singapore; seeking sensory and acoustic screen-free companions for early English immersion and kindergarten transitions.",Screen vs. Sensory; Testing vs. Arts; Institution vs. Sanctuary,https://www.google.com/search?q=HWA+International+School+Singapore,lead-esl-0060
admissions@hwa-chong-international-school.edu,Hwa Chong International School (HCIS),Director of Early Years & Admissions,@hwa-chong-international-school,Website,Pillar V: Multicultural & Bilingual Education,International School Early Division (IB PYP),Tier 1 (Macro / Institutional),Asia,Singapore (Singapore),IB PYP,94,"Established international school in Singapore, Singapore; seeking sensory and acoustic screen-free companions for early English immersion and kindergarten transitions.",Screen vs. Sensory; Testing vs. Arts; Institution vs. Sanctuary,https://www.google.com/search?q=Hwa+Chong+International+School+(HCIS)+Singapore,lead-esl-0061
admissions@iss-international-school.edu,ISS International School,Director of Early Years & Admissions,@iss-international-school,Website,Pillar V: Multicultural & Bilingual Education,International School Early Division (IB PYP),Tier 1 (Macro / Institutional),Asia,Singapore (Singapore),IB PYP,94,"Established international school in Singapore, Singapore; seeking sensory and acoustic screen-free companions for early English immersion and kindergarten transitions.",Screen vs. Sensory; Testing vs. Arts; Institution vs. Sanctuary,https://www.google.com/search?q=ISS+International+School+Singapore,lead-esl-0062
admissions@invictus-international-school.edu,Invictus International School,Director of Early Years & Admissions,@invictus-international-school,Website,Pillar V: Multicultural & Bilingual Education,International School Early Division (British EYFS),Tier 1 (Macro / Institutional),Asia,Singapore (Singapore),British EYFS,94,"Established international school in Singapore, Singapore; seeking sensory and acoustic screen-free companions for early English immersion and kindergarten transitions.",Screen vs. Sensory; Testing vs. Arts; Institution vs. Sanctuary,https://www.google.com/search?q=Invictus+International+School+Singapore,lead-esl-0063
admissions@knightsbridge-house-internatio.edu,Knightsbridge House International School,Director of Early Years & Admissions,@knightsbridge-house-internatio,Website,Pillar V: Multicultural & Bilingual Education,International School Early Division (British EYFS),Tier 1 (Macro / Institutional),Asia,Singapore (Singapore),British EYFS,94,"Established international school in Singapore, Singapore; seeking sensory and acoustic screen-free companions for early English immersion and kindergarten transitions.",Screen vs. Sensory; Testing vs. Arts; Institution vs. Sanctuary,https://www.google.com/search?q=Knightsbridge+House+International+School+Singapore,lead-esl-0064
admissions@nexus-international-school-sin.edu,Nexus International School Singapore (NISS),Director of Early Years & Admissions,@nexus-international-school-sin,Website,Pillar V: Multicultural & Bilingual Education,International School Early Division (IB PYP),Tier 1 (Macro / Institutional),Asia,Singapore (Singapore),IB PYP,94,"Established international school in Singapore, Singapore; seeking sensory and acoustic screen-free companions for early English immersion and kindergarten transitions.",Screen vs. Sensory; Testing vs. Arts; Institution vs. Sanctuary,https://www.google.com/search?q=Nexus+International+School+Singapore+(NISS)+Singapore,lead-esl-0065
admissions@north-london-collegiate-school.edu,North London Collegiate School (NLCS),Director of Early Years & Admissions,@north-london-collegiate-school,Website,Pillar V: Multicultural & Bilingual Education,International School Early Division (International Early Years),Tier 1 (Macro / Institutional),Asia,Singapore (Singapore),International Early Years,94,"Established international school in Singapore, Singapore; seeking sensory and acoustic screen-free companions for early English immersion and kindergarten transitions.",Screen vs. Sensory; Testing vs. Arts; Institution vs. Sanctuary,https://www.google.com/search?q=North+London+Collegiate+School+(NLCS)+Singapore,lead-esl-0066
admissions@sji-international-school-sjii.edu,SJI International School (SJII),Director of Early Years & Admissions,@sji-international-school-sjii,Website,Pillar V: Multicultural & Bilingual Education,International School Early Division (IB PYP),Tier 1 (Macro / Institutional),Asia,Singapore (Singapore),IB PYP,94,"Established international school in Singapore, Singapore; seeking sensory and acoustic screen-free companions for early English immersion and kindergarten transitions.",Screen vs. Sensory; Testing vs. Arts; Institution vs. Sanctuary,https://www.google.com/search?q=SJI+International+School+(SJII)+Singapore,lead-esl-0067
admissions@singapore-american-school-sas.edu,Singapore American School (SAS),Director of Early Years & Admissions,@singapore-american-school-sas,Website,Pillar V: Multicultural & Bilingual Education,International School Early Division (American Early Childhood),Tier 1 (Macro / Institutional),Asia,Singapore (Singapore),American Early Childhood,94,"Established international school in Singapore, Singapore; seeking sensory and acoustic screen-free companions for early English immersion and kindergarten transitions.",Screen vs. Sensory; Testing vs. Arts; Institution vs. Sanctuary,https://www.google.com/search?q=Singapore+American+School+(SAS)+Singapore,lead-esl-0068
admissions@singapore-korean-international.edu,Singapore Korean International School (SKIS),Director of Early Years & Admissions,@singapore-korean-international,Website,Pillar V: Multicultural & Bilingual Education,International School Early Division (International Early Years),Tier 1 (Macro / Institutional),Asia,Singapore (Singapore),International Early Years,94,"Established international school in Singapore, Singapore; seeking sensory and acoustic screen-free companions for early English immersion and kindergarten transitions.",Screen vs. Sensory; Testing vs. Arts; Institution vs. Sanctuary,https://www.google.com/search?q=Singapore+Korean+International+School+(SKIS)+Singapore,lead-esl-0069
admissions@sir-manasseh-meyer-internation.edu,Sir Manasseh Meyer International School (SMMIS),Director of Early Years & Admissions,@sir-manasseh-meyer-internation,Website,Pillar V: Multicultural & Bilingual Education,International School Early Division (British EYFS),Tier 1 (Macro / Institutional),Asia,Singapore (Singapore),British EYFS,94,"Established international school in Singapore, Singapore; seeking sensory and acoustic screen-free companions for early English immersion and kindergarten transitions.",Screen vs. Sensory; Testing vs. Arts; Institution vs. Sanctuary,https://www.google.com/search?q=Sir+Manasseh+Meyer+International+School+(SMMIS)+Singapore,lead-esl-0070
admissions@stamford-american-internationa.edu,Stamford American International School,Director of Early Years & Admissions,@stamford-american-internationa,Website,Pillar V: Multicultural & Bilingual Education,International School Early Division (IB PYP),Tier 1 (Macro / Institutional),Asia,Singapore (Singapore),IB PYP,94,"Established international school in Singapore, Singapore; seeking sensory and acoustic screen-free companions for early English immersion and kindergarten transitions.",Screen vs. Sensory; Testing vs. Arts; Institution vs. Sanctuary,https://www.google.com/search?q=Stamford+American+International+School+Singapore,lead-esl-0071
admissions@swiss-school-in-singapore-ssis.edu,Swiss School in Singapore (SSiS),Director of Early Years & Admissions,@swiss-school-in-singapore-ssis,Website,Pillar V: Multicultural & Bilingual Education,International School Early Division (International Early Years),Tier 1 (Macro / Institutional),Asia,Singapore (Singapore),International Early Years,94,"Established international school in Singapore, Singapore; seeking sensory and acoustic screen-free companions for early English immersion and kindergarten transitions.",Screen vs. Sensory; Testing vs. Arts; Institution vs. Sanctuary,https://www.google.com/search?q=Swiss+School+in+Singapore+(SSiS)+Singapore,lead-esl-0072
admissions@tanglin-trust-school-tts.edu,Tanglin Trust School (TTS),Director of Early Years & Admissions,@tanglin-trust-school-tts,Website,Pillar V: Multicultural & Bilingual Education,International School Early Division (IB PYP),Tier 1 (Macro / Institutional),Asia,Singapore (Singapore),IB PYP,94,"Established international school in Singapore, Singapore; seeking sensory and acoustic screen-free companions for early English immersion and kindergarten transitions.",Screen vs. Sensory; Testing vs. Arts; Institution vs. Sanctuary,https://www.google.com/search?q=Tanglin+Trust+School+(TTS)+Singapore,lead-esl-0073
admissions@the-japanese-school-singapore-.edu,The Japanese School Singapore (SJS),Director of Early Years & Admissions,@the-japanese-school-singapore-,Website,Pillar V: Multicultural & Bilingual Education,International School Early Division (International Early Years),Tier 1 (Macro / Institutional),Asia,Singapore (Singapore),International Early Years,94,"Established international school in Singapore, Singapore; seeking sensory and acoustic screen-free companions for early English immersion and kindergarten transitions.",Screen vs. Sensory; Testing vs. Arts; Institution vs. Sanctuary,https://www.google.com/search?q=The+Japanese+School+Singapore+(SJS)+Singapore,lead-esl-0074
admissions@united-world-college-of-south-.edu,United World College of South East Asia (UWCSEA),Director of Early Years & Admissions,@united-world-college-of-south-,Website,Pillar V: Multicultural & Bilingual Education,International School Early Division (IB PYP),Tier 1 (Macro / Institutional),Asia,Singapore (Singapore),IB PYP,94,"Established international school in Singapore, Singapore; seeking sensory and acoustic screen-free companions for early English immersion and kindergarten transitions.",Screen vs. Sensory; Testing vs. Arts; Institution vs. Sanctuary,https://www.google.com/search?q=United+World+College+of+South+East+Asia+(UWCSEA)+Singapore,lead-esl-0075
admissions@waseda-shibuya-senior-high-sch.edu,Waseda Shibuya Senior High School in Singapore,Director of Early Years & Admissions,@waseda-shibuya-senior-high-sch,Website,Pillar V: Multicultural & Bilingual Education,International School Early Division (International Early Years),Tier 1 (Macro / Institutional),Asia,Singapore (Singapore),International Early Years,94,"Established international school in Singapore, Singapore; seeking sensory and acoustic screen-free companions for early English immersion and kindergarten transitions.",Screen vs. Sensory; Testing vs. Arts; Institution vs. Sanctuary,https://www.google.com/search?q=Waseda+Shibuya+Senior+High+School+in+Singapore+Singapore,lead-esl-0076
admissions@abc-pathways-international-kin.edu,ABC Pathways International Kindergarten,Director of Early Years & Admissions,@abc-pathways-international-kin,Website,Pillar V: Multicultural & Bilingual Education,Premier Early Childhood Center (International Early Years),Tier 1 (Macro / Institutional),Asia,"Thailand (Bangkok, Chiang Mai, Phuket)",International Early Years,98,"Dedicated early learning institution in Bangkok, Chiang Mai, Phuket, Thailand; prime partner for SOE 90–110 BPM acoustic rhythm, non-American phonemic clarity, and tactile screen-free workbooks.",Screen vs. Sensory; Testing vs. Arts; Institution vs. Sanctuary,"https://www.google.com/search?q=ABC+Pathways+International+Kindergarten+Bangkok,+Chiang+Mai,+Phuket",lead-esl-0077
admissions@the-american-school-of-bangkok.edu,"The American School of Bangkok, Sukhumvit Campus",Director of Early Years & Admissions,@the-american-school-of-bangkok,Website,Pillar V: Multicultural & Bilingual Education,International School Early Division (American Early Childhood),Tier 1 (Macro / Institutional),Asia,"Thailand (Bangkok, Chiang Mai, Phuket)",American Early Childhood,94,"Established international school in Bangkok, Chiang Mai, Phuket, Thailand; seeking sensory and acoustic screen-free companions for early English immersion and kindergarten transitions.",Screen vs. Sensory; Testing vs. Arts; Institution vs. Sanctuary,"https://www.google.com/search?q=The+American+School+of+Bangkok,+Sukhumvit+Campus+Bangkok,+Chiang+Mai,+Phuket",lead-esl-0078
admissions@anglo-singapore-international-.edu,Anglo Singapore International School,Director of Early Years & Admissions,@anglo-singapore-international-,Website,Pillar V: Multicultural & Bilingual Education,International School Early Division (American Early Childhood),Tier 1 (Macro / Institutional),Asia,"Thailand (Bangkok, Chiang Mai, Phuket)",American Early Childhood,94,"Established international school in Bangkok, Chiang Mai, Phuket, Thailand; seeking sensory and acoustic screen-free companions for early English immersion and kindergarten transitions.",Screen vs. Sensory; Testing vs. Arts; Institution vs. Sanctuary,"https://www.google.com/search?q=Anglo+Singapore+International+School+Bangkok,+Chiang+Mai,+Phuket",lead-esl-0079
admissions@anglo-singapore-international-.edu,Anglo Singapore International School Sukhumvit 31,Director of Early Years & Admissions,@anglo-singapore-international-,Website,Pillar V: Multicultural & Bilingual Education,International School Early Division (American Early Childhood),Tier 1 (Macro / Institutional),Asia,"Thailand (Bangkok, Chiang Mai, Phuket)",American Early Childhood,94,"Established international school in Bangkok, Chiang Mai, Phuket, Thailand; seeking sensory and acoustic screen-free companions for early English immersion and kindergarten transitions.",Screen vs. Sensory; Testing vs. Arts; Institution vs. Sanctuary,"https://www.google.com/search?q=Anglo+Singapore+International+School+Sukhumvit+31+Bangkok,+Chiang+Mai,+Phuket",lead-esl-0080
admissions@annabel-s-early-years-internat.edu,Annabel's Early Years International Kindergarten,Director of Early Years & Admissions,@annabel-s-early-years-internat,Website,Pillar V: Multicultural & Bilingual Education,Premier Early Childhood Center (International Early Years),Tier 1 (Macro / Institutional),Asia,"Thailand (Bangkok, Chiang Mai, Phuket)",International Early Years,98,"Dedicated early learning institution in Bangkok, Chiang Mai, Phuket, Thailand; prime partner for SOE 90–110 BPM acoustic rhythm, non-American phonemic clarity, and tactile screen-free workbooks.",Screen vs. Sensory; Testing vs. Arts; Institution vs. Sanctuary,"https://www.google.com/search?q=Annabel's+Early+Years+International+Kindergarten+Bangkok,+Chiang+Mai,+Phuket",lead-esl-0081
admissions@ascot-international-school.edu,Ascot International School,Director of Early Years & Admissions,@ascot-international-school,Website,Pillar V: Multicultural & Bilingual Education,International School Early Division (International Early Years),Tier 1 (Macro / Institutional),Asia,"Thailand (Bangkok, Chiang Mai, Phuket)",International Early Years,94,"Established international school in Bangkok, Chiang Mai, Phuket, Thailand; seeking sensory and acoustic screen-free companions for early English immersion and kindergarten transitions.",Screen vs. Sensory; Testing vs. Arts; Institution vs. Sanctuary,"https://www.google.com/search?q=Ascot+International+School+Bangkok,+Chiang+Mai,+Phuket",lead-esl-0082
admissions@the-australian-international-s.edu,The Australian International School Bangkok,Director of Early Years & Admissions,@the-australian-international-s,Website,Pillar V: Multicultural & Bilingual Education,International School Early Division (International Early Years),Tier 1 (Macro / Institutional),Asia,"Thailand (Bangkok, Chiang Mai, Phuket)",International Early Years,94,"Established international school in Bangkok, Chiang Mai, Phuket, Thailand; seeking sensory and acoustic screen-free companions for early English immersion and kindergarten transitions.",Screen vs. Sensory; Testing vs. Arts; Institution vs. Sanctuary,"https://www.google.com/search?q=The+Australian+International+School+Bangkok+Bangkok,+Chiang+Mai,+Phuket",lead-esl-0083
admissions@bangkok-advent-school.edu,Bangkok Advent School,Director of Early Years & Admissions,@bangkok-advent-school,Website,Pillar V: Multicultural & Bilingual Education,International School Early Division (International Early Years),Tier 1 (Macro / Institutional),Asia,"Thailand (Bangkok, Chiang Mai, Phuket)",International Early Years,94,"Established international school in Bangkok, Chiang Mai, Phuket, Thailand; seeking sensory and acoustic screen-free companions for early English immersion and kindergarten transitions.",Screen vs. Sensory; Testing vs. Arts; Institution vs. Sanctuary,"https://www.google.com/search?q=Bangkok+Advent+School+Bangkok,+Chiang+Mai,+Phuket",lead-esl-0084
admissions@bangkok-adventist-internationa.edu,Bangkok Adventist International School,Director of Early Years & Admissions,@bangkok-adventist-internationa,Website,Pillar V: Multicultural & Bilingual Education,International School Early Division (International Early Years),Tier 1 (Macro / Institutional),Asia,"Thailand (Bangkok, Chiang Mai, Phuket)",International Early Years,94,"Established international school in Bangkok, Chiang Mai, Phuket, Thailand; seeking sensory and acoustic screen-free companions for early English immersion and kindergarten transitions.",Screen vs. Sensory; Testing vs. Arts; Institution vs. Sanctuary,"https://www.google.com/search?q=Bangkok+Adventist+International+School+Bangkok,+Chiang+Mai,+Phuket",lead-esl-0085
admissions@bangkok-christian-internationa.edu,Bangkok Christian International School,Director of Early Years & Admissions,@bangkok-christian-internationa,Website,Pillar V: Multicultural & Bilingual Education,International School Early Division (International Early Years),Tier 1 (Macro / Institutional),Asia,"Thailand (Bangkok, Chiang Mai, Phuket)",International Early Years,94,"Established international school in Bangkok, Chiang Mai, Phuket, Thailand; seeking sensory and acoustic screen-free companions for early English immersion and kindergarten transitions.",Screen vs. Sensory; Testing vs. Arts; Institution vs. Sanctuary,"https://www.google.com/search?q=Bangkok+Christian+International+School+Bangkok,+Chiang+Mai,+Phuket",lead-esl-0086
admissions@bangkok-grace-international-sc.edu,Bangkok Grace International School,Director of Early Years & Admissions,@bangkok-grace-international-sc,Website,Pillar V: Multicultural & Bilingual Education,International School Early Division (International Early Years),Tier 1 (Macro / Institutional),Asia,"Thailand (Bangkok, Chiang Mai, Phuket)",International Early Years,94,"Established international school in Bangkok, Chiang Mai, Phuket, Thailand; seeking sensory and acoustic screen-free companions for early English immersion and kindergarten transitions.",Screen vs. Sensory; Testing vs. Arts; Institution vs. Sanctuary,"https://www.google.com/search?q=Bangkok+Grace+International+School+Bangkok,+Chiang+Mai,+Phuket",lead-esl-0087
admissions@bangkok-patana-school.edu,Bangkok Patana School,Director of Early Years & Admissions,@bangkok-patana-school,Website,Pillar V: Multicultural & Bilingual Education,International School Early Division (International Early Years),Tier 1 (Macro / Institutional),Asia,"Thailand (Bangkok, Chiang Mai, Phuket)",International Early Years,94,"Established international school in Bangkok, Chiang Mai, Phuket, Thailand; seeking sensory and acoustic screen-free companions for early English immersion and kindergarten transitions.",Screen vs. Sensory; Testing vs. Arts; Institution vs. Sanctuary,"https://www.google.com/search?q=Bangkok+Patana+School+Bangkok,+Chiang+Mai,+Phuket",lead-esl-0088
admissions@bangkok-international-preparat.edu,Bangkok International Preparatory and Secondary School,Director of Early Years & Admissions,@bangkok-international-preparat,Website,Pillar V: Multicultural & Bilingual Education,International School Early Division (International Early Years),Tier 1 (Macro / Institutional),Asia,"Thailand (Bangkok, Chiang Mai, Phuket)",International Early Years,94,"Established international school in Bangkok, Chiang Mai, Phuket, Thailand; seeking sensory and acoustic screen-free companions for early English immersion and kindergarten transitions.",Screen vs. Sensory; Testing vs. Arts; Institution vs. Sanctuary,"https://www.google.com/search?q=Bangkok+International+Preparatory+and+Secondary+School+Bangkok,+Chiang+Mai,+Phuket",lead-esl-0089
admissions@berkeley-international-school.edu,Berkeley International School,Director of Early Years & Admissions,@berkeley-international-school,Website,Pillar V: Multicultural & Bilingual Education,International School Early Division (International Early Years),Tier 1 (Macro / Institutional),Asia,"Thailand (Bangkok, Chiang Mai, Phuket)",International Early Years,94,"Established international school in Bangkok, Chiang Mai, Phuket, Thailand; seeking sensory and acoustic screen-free companions for early English immersion and kindergarten transitions.",Screen vs. Sensory; Testing vs. Arts; Institution vs. Sanctuary,"https://www.google.com/search?q=Berkeley+International+School+Bangkok,+Chiang+Mai,+Phuket",lead-esl-0090
admissions@blooming-buds-international-ki.edu,Blooming Buds International Kindergarten,Director of Early Years & Admissions,@blooming-buds-international-ki,Website,Pillar V: Multicultural & Bilingual Education,Premier Early Childhood Center (International Early Years),Tier 1 (Macro / Institutional),Asia,"Thailand (Bangkok, Chiang Mai, Phuket)",International Early Years,98,"Dedicated early learning institution in Bangkok, Chiang Mai, Phuket, Thailand; prime partner for SOE 90–110 BPM acoustic rhythm, non-American phonemic clarity, and tactile screen-free workbooks.",Screen vs. Sensory; Testing vs. Arts; Institution vs. Sanctuary,"https://www.google.com/search?q=Blooming+Buds+International+Kindergarten+Bangkok,+Chiang+Mai,+Phuket",lead-esl-0091
admissions@british-columbia-international.edu,British Columbia International School Bangkok,Director of Early Years & Admissions,@british-columbia-international,Website,Pillar V: Multicultural & Bilingual Education,International School Early Division (International Early Years),Tier 1 (Macro / Institutional),Asia,"Thailand (Bangkok, Chiang Mai, Phuket)",International Early Years,94,"Established international school in Bangkok, Chiang Mai, Phuket, Thailand; seeking sensory and acoustic screen-free companions for early English immersion and kindergarten transitions.",Screen vs. Sensory; Testing vs. Arts; Institution vs. Sanctuary,"https://www.google.com/search?q=British+Columbia+International+School+Bangkok+Bangkok,+Chiang+Mai,+Phuket",lead-esl-0092
admissions@brighton-college-bangkok.edu,Brighton College Bangkok,Director of Early Years & Admissions,@brighton-college-bangkok,Website,Pillar V: Multicultural & Bilingual Education,International School Early Division (British EYFS),Tier 1 (Macro / Institutional),Asia,"Thailand (Bangkok, Chiang Mai, Phuket)",British EYFS,94,"Established international school in Bangkok, Chiang Mai, Phuket, Thailand; seeking sensory and acoustic screen-free companions for early English immersion and kindergarten transitions.",Screen vs. Sensory; Testing vs. Arts; Institution vs. Sanctuary,"https://www.google.com/search?q=Brighton+College+Bangkok+Bangkok,+Chiang+Mai,+Phuket",lead-esl-0093
admissions@bromsgrove-international-schoo.edu,Bromsgrove International School,Director of Early Years & Admissions,@bromsgrove-international-schoo,Website,Pillar V: Multicultural & Bilingual Education,International School Early Division (International Early Years),Tier 1 (Macro / Institutional),Asia,"Thailand (Bangkok, Chiang Mai, Phuket)",International Early Years,94,"Established international school in Bangkok, Chiang Mai, Phuket, Thailand; seeking sensory and acoustic screen-free companions for early English immersion and kindergarten transitions.",Screen vs. Sensory; Testing vs. Arts; Institution vs. Sanctuary,"https://www.google.com/search?q=Bromsgrove+International+School+Bangkok,+Chiang+Mai,+Phuket",lead-esl-0094
admissions@bromsgrove-international-prima.edu,Bromsgrove International Primary School,Director of Early Years & Admissions,@bromsgrove-international-prima,Website,Pillar V: Multicultural & Bilingual Education,Premier Early Childhood Center (International Early Years),Tier 1 (Macro / Institutional),Asia,"Thailand (Bangkok, Chiang Mai, Phuket)",International Early Years,98,"Dedicated early learning institution in Bangkok, Chiang Mai, Phuket, Thailand; prime partner for SOE 90–110 BPM acoustic rhythm, non-American phonemic clarity, and tactile screen-free workbooks.",Screen vs. Sensory; Testing vs. Arts; Institution vs. Sanctuary,"https://www.google.com/search?q=Bromsgrove+International+Primary+School+Bangkok,+Chiang+Mai,+Phuket",lead-esl-0095
admissions@charter-international-school.edu,Charter International School,Director of Early Years & Admissions,@charter-international-school,Website,Pillar V: Multicultural & Bilingual Education,International School Early Division (International Early Years),Tier 1 (Macro / Institutional),Asia,"Thailand (Bangkok, Chiang Mai, Phuket)",International Early Years,94,"Established international school in Bangkok, Chiang Mai, Phuket, Thailand; seeking sensory and acoustic screen-free companions for early English immersion and kindergarten transitions.",Screen vs. Sensory; Testing vs. Arts; Institution vs. Sanctuary,"https://www.google.com/search?q=Charter+International+School+Bangkok,+Chiang+Mai,+Phuket",lead-esl-0096
admissions@crescent-international-school.edu,Crescent International School,Director of Early Years & Admissions,@crescent-international-school,Website,Pillar V: Multicultural & Bilingual Education,International School Early Division (International Early Years),Tier 1 (Macro / Institutional),Asia,"Thailand (Bangkok, Chiang Mai, Phuket)",International Early Years,94,"Established international school in Bangkok, Chiang Mai, Phuket, Thailand; seeking sensory and acoustic screen-free companions for early English immersion and kindergarten transitions.",Screen vs. Sensory; Testing vs. Arts; Institution vs. Sanctuary,"https://www.google.com/search?q=Crescent+International+School+Bangkok,+Chiang+Mai,+Phuket",lead-esl-0097
admissions@centurion-international-school.edu,Centurion International School Bangkok,Director of Early Years & Admissions,@centurion-international-school,Website,Pillar V: Multicultural & Bilingual Education,International School Early Division (International Early Years),Tier 1 (Macro / Institutional),Asia,"Thailand (Bangkok, Chiang Mai, Phuket)",International Early Years,94,"Established international school in Bangkok, Chiang Mai, Phuket, Thailand; seeking sensory and acoustic screen-free companions for early English immersion and kindergarten transitions.",Screen vs. Sensory; Testing vs. Arts; Institution vs. Sanctuary,"https://www.google.com/search?q=Centurion+International+School+Bangkok+Bangkok,+Chiang+Mai,+Phuket",lead-esl-0098
admissions@the-early-learning-centre-inte.edu,The Early Learning Centre International School,Director of Early Years & Admissions,@the-early-learning-centre-inte,Website,Pillar V: Multicultural & Bilingual Education,Premier Early Childhood Center (International Early Years),Tier 1 (Macro / Institutional),Asia,"Thailand (Bangkok, Chiang Mai, Phuket)",International Early Years,98,"Dedicated early learning institution in Bangkok, Chiang Mai, Phuket, Thailand; prime partner for SOE 90–110 BPM acoustic rhythm, non-American phonemic clarity, and tactile screen-free workbooks.",Screen vs. Sensory; Testing vs. Arts; Institution vs. Sanctuary,"https://www.google.com/search?q=The+Early+Learning+Centre+International+School+Bangkok,+Chiang+Mai,+Phuket",lead-esl-0099
admissions@ekamai-international-school.edu,Ekamai International School,Director of Early Years & Admissions,@ekamai-international-school,Website,Pillar V: Multicultural & Bilingual Education,International School Early Division (International Early Years),Tier 1 (Macro / Institutional),Asia,"Thailand (Bangkok, Chiang Mai, Phuket)",International Early Years,94,"Established international school in Bangkok, Chiang Mai, Phuket, Thailand; seeking sensory and acoustic screen-free companions for early English immersion and kindergarten transitions.",Screen vs. Sensory; Testing vs. Arts; Institution vs. Sanctuary,"https://www.google.com/search?q=Ekamai+International+School+Bangkok,+Chiang+Mai,+Phuket",lead-esl-0100
admissions@the-first-steps-international-.edu,The First Steps International Pre-School,Director of Early Years & Admissions,@the-first-steps-international-,Website,Pillar V: Multicultural & Bilingual Education,International School Early Division (International Early Years),Tier 1 (Macro / Institutional),Asia,"Thailand (Bangkok, Chiang Mai, Phuket)",International Early Years,94,"Established international school in Bangkok, Chiang Mai, Phuket, Thailand; seeking sensory and acoustic screen-free companions for early English immersion and kindergarten transitions.",Screen vs. Sensory; Testing vs. Arts; Institution vs. Sanctuary,"https://www.google.com/search?q=The+First+Steps+International+Pre-School+Bangkok,+Chiang+Mai,+Phuket",lead-esl-0101
admissions@garden-international-school-ba.edu,Garden International School Bangkok,Director of Early Years & Admissions,@garden-international-school-ba,Website,Pillar V: Multicultural & Bilingual Education,International School Early Division (International Early Years),Tier 1 (Macro / Institutional),Asia,"Thailand (Bangkok, Chiang Mai, Phuket)",International Early Years,94,"Established international school in Bangkok, Chiang Mai, Phuket, Thailand; seeking sensory and acoustic screen-free companions for early English immersion and kindergarten transitions.",Screen vs. Sensory; Testing vs. Arts; Institution vs. Sanctuary,"https://www.google.com/search?q=Garden+International+School+Bangkok+Bangkok,+Chiang+Mai,+Phuket",lead-esl-0102
admissions@glory-singapore-international-.edu,Glory Singapore International School,Director of Early Years & Admissions,@glory-singapore-international-,Website,Pillar V: Multicultural & Bilingual Education,International School Early Division (American Early Childhood),Tier 1 (Macro / Institutional),Asia,"Thailand (Bangkok, Chiang Mai, Phuket)",American Early Childhood,94,"Established international school in Bangkok, Chiang Mai, Phuket, Thailand; seeking sensory and acoustic screen-free companions for early English immersion and kindergarten transitions.",Screen vs. Sensory; Testing vs. Arts; Institution vs. Sanctuary,"https://www.google.com/search?q=Glory+Singapore+International+School+Bangkok,+Chiang+Mai,+Phuket",lead-esl-0103
admissions@harrow-international-school-ba.edu,"Harrow International School, Bangkok",Director of Early Years & Admissions,@harrow-international-school-ba,Website,Pillar V: Multicultural & Bilingual Education,International School Early Division (International Early Years),Tier 1 (Macro / Institutional),Asia,"Thailand (Bangkok, Chiang Mai, Phuket)",International Early Years,94,"Established international school in Bangkok, Chiang Mai, Phuket, Thailand; seeking sensory and acoustic screen-free companions for early English immersion and kindergarten transitions.",Screen vs. Sensory; Testing vs. Arts; Institution vs. Sanctuary,"https://www.google.com/search?q=Harrow+International+School,+Bangkok+Bangkok,+Chiang+Mai,+Phuket",lead-esl-0104
admissions@heathfield-international-schoo.edu,Heathfield International School,Director of Early Years & Admissions,@heathfield-international-schoo,Website,Pillar V: Multicultural & Bilingual Education,International School Early Division (International Early Years),Tier 1 (Macro / Institutional),Asia,"Thailand (Bangkok, Chiang Mai, Phuket)",International Early Years,94,"Established international school in Bangkok, Chiang Mai, Phuket, Thailand; seeking sensory and acoustic screen-free companions for early English immersion and kindergarten transitions.",Screen vs. Sensory; Testing vs. Arts; Institution vs. Sanctuary,"https://www.google.com/search?q=Heathfield+International+School+Bangkok,+Chiang+Mai,+Phuket",lead-esl-0105
admissions@international-community-school.edu,International Community School,Director of Early Years & Admissions,@international-community-school,Website,Pillar V: Multicultural & Bilingual Education,International School Early Division (International Early Years),Tier 1 (Macro / Institutional),Asia,"Thailand (Bangkok, Chiang Mai, Phuket)",International Early Years,94,"Established international school in Bangkok, Chiang Mai, Phuket, Thailand; seeking sensory and acoustic screen-free companions for early English immersion and kindergarten transitions.",Screen vs. Sensory; Testing vs. Arts; Institution vs. Sanctuary,"https://www.google.com/search?q=International+Community+School+Bangkok,+Chiang+Mai,+Phuket",lead-esl-0106
admissions@international-montessori-cente.edu,International Montessori Center,Director of Early Years & Admissions,@international-montessori-cente,Website,Pillar V: Multicultural & Bilingual Education,Premier Early Childhood Center (Montessori Early Years),Tier 1 (Macro / Institutional),Asia,"Thailand (Bangkok, Chiang Mai, Phuket)",Montessori Early Years,98,"Dedicated early learning institution in Bangkok, Chiang Mai, Phuket, Thailand; prime partner for SOE 90–110 BPM acoustic rhythm, non-American phonemic clarity, and tactile screen-free workbooks.",Screen vs. Sensory; Testing vs. Arts; Institution vs. Sanctuary,"https://www.google.com/search?q=International+Montessori+Center+Bangkok,+Chiang+Mai,+Phuket",lead-esl-0107
admissions@international-pioneers-school.edu,International Pioneers School,Director of Early Years & Admissions,@international-pioneers-school,Website,Pillar V: Multicultural & Bilingual Education,International School Early Division (International Early Years),Tier 1 (Macro / Institutional),Asia,"Thailand (Bangkok, Chiang Mai, Phuket)",International Early Years,94,"Established international school in Bangkok, Chiang Mai, Phuket, Thailand; seeking sensory and acoustic screen-free companions for early English immersion and kindergarten transitions.",Screen vs. Sensory; Testing vs. Arts; Institution vs. Sanctuary,"https://www.google.com/search?q=International+Pioneers+School+Bangkok,+Chiang+Mai,+Phuket",lead-esl-0108
admissions@ipc-international-kindergarten.edu,IPC International Kindergarten,Director of Early Years & Admissions,@ipc-international-kindergarten,Website,Pillar V: Multicultural & Bilingual Education,Premier Early Childhood Center (International Early Years),Tier 1 (Macro / Institutional),Asia,"Thailand (Bangkok, Chiang Mai, Phuket)",International Early Years,98,"Dedicated early learning institution in Bangkok, Chiang Mai, Phuket, Thailand; prime partner for SOE 90–110 BPM acoustic rhythm, non-American phonemic clarity, and tactile screen-free workbooks.",Screen vs. Sensory; Testing vs. Arts; Institution vs. Sanctuary,"https://www.google.com/search?q=IPC+International+Kindergarten+Bangkok,+Chiang+Mai,+Phuket",lead-esl-0109
admissions@ivy-bound-international-school.edu,Ivy Bound International School,Director of Early Years & Admissions,@ivy-bound-international-school,Website,Pillar V: Multicultural & Bilingual Education,International School Early Division (International Early Years),Tier 1 (Macro / Institutional),Asia,"Thailand (Bangkok, Chiang Mai, Phuket)",International Early Years,94,"Established international school in Bangkok, Chiang Mai, Phuket, Thailand; seeking sensory and acoustic screen-free companions for early English immersion and kindergarten transitions.",Screen vs. Sensory; Testing vs. Arts; Institution vs. Sanctuary,"https://www.google.com/search?q=Ivy+Bound+International+School+Bangkok,+Chiang+Mai,+Phuket",lead-esl-0110
admissions@josuikan-bangkok-international.edu,Josuikan Bangkok International School,Director of Early Years & Admissions,@josuikan-bangkok-international,Website,Pillar V: Multicultural & Bilingual Education,International School Early Division (International Early Years),Tier 1 (Macro / Institutional),Asia,"Thailand (Bangkok, Chiang Mai, Phuket)",International Early Years,94,"Established international school in Bangkok, Chiang Mai, Phuket, Thailand; seeking sensory and acoustic screen-free companions for early English immersion and kindergarten transitions.",Screen vs. Sensory; Testing vs. Arts; Institution vs. Sanctuary,"https://www.google.com/search?q=Josuikan+Bangkok+International+School+Bangkok,+Chiang+Mai,+Phuket",lead-esl-0111
admissions@keerapat-international-school.edu,Keerapat International School,Director of Early Years & Admissions,@keerapat-international-school,Website,Pillar V: Multicultural & Bilingual Education,International School Early Division (International Early Years),Tier 1 (Macro / Institutional),Asia,"Thailand (Bangkok, Chiang Mai, Phuket)",International Early Years,94,"Established international school in Bangkok, Chiang Mai, Phuket, Thailand; seeking sensory and acoustic screen-free companions for early English immersion and kindergarten transitions.",Screen vs. Sensory; Testing vs. Arts; Institution vs. Sanctuary,"https://www.google.com/search?q=Keerapat+International+School+Bangkok,+Chiang+Mai,+Phuket",lead-esl-0112
admissions@kensington-international-kinde.edu,Kensington International Kindergarten,Director of Early Years & Admissions,@kensington-international-kinde,Website,Pillar V: Multicultural & Bilingual Education,Premier Early Childhood Center (International Early Years),Tier 1 (Macro / Institutional),Asia,"Thailand (Bangkok, Chiang Mai, Phuket)",International Early Years,98,"Dedicated early learning institution in Bangkok, Chiang Mai, Phuket, Thailand; prime partner for SOE 90–110 BPM acoustic rhythm, non-American phonemic clarity, and tactile screen-free workbooks.",Screen vs. Sensory; Testing vs. Arts; Institution vs. Sanctuary,"https://www.google.com/search?q=Kensington+International+Kindergarten+Bangkok,+Chiang+Mai,+Phuket",lead-esl-0113
admissions@kevalee-international-school.edu,Kevalee International School,Director of Early Years & Admissions,@kevalee-international-school,Website,Pillar V: Multicultural & Bilingual Education,International School Early Division (International Early Years),Tier 1 (Macro / Institutional),Asia,"Thailand (Bangkok, Chiang Mai, Phuket)",International Early Years,94,"Established international school in Bangkok, Chiang Mai, Phuket, Thailand; seeking sensory and acoustic screen-free companions for early English immersion and kindergarten transitions.",Screen vs. Sensory; Testing vs. Arts; Institution vs. Sanctuary,"https://www.google.com/search?q=Kevalee+International+School+Bangkok,+Chiang+Mai,+Phuket",lead-esl-0114
admissions@kevalee-international-day-scho.edu,Kevalee International Day School,Director of Early Years & Admissions,@kevalee-international-day-scho,Website,Pillar V: Multicultural & Bilingual Education,International School Early Division (International Early Years),Tier 1 (Macro / Institutional),Asia,"Thailand (Bangkok, Chiang Mai, Phuket)",International Early Years,94,"Established international school in Bangkok, Chiang Mai, Phuket, Thailand; seeking sensory and acoustic screen-free companions for early English immersion and kindergarten transitions.",Screen vs. Sensory; Testing vs. Arts; Institution vs. Sanctuary,"https://www.google.com/search?q=Kevalee+International+Day+School+Bangkok,+Chiang+Mai,+Phuket",lead-esl-0115
admissions@kiddykare-international-kinder.edu,KiddyKare International Kindergarten,Director of Early Years & Admissions,@kiddykare-international-kinder,Website,Pillar V: Multicultural & Bilingual Education,Premier Early Childhood Center (International Early Years),Tier 1 (Macro / Institutional),Asia,"Thailand (Bangkok, Chiang Mai, Phuket)",International Early Years,98,"Dedicated early learning institution in Bangkok, Chiang Mai, Phuket, Thailand; prime partner for SOE 90–110 BPM acoustic rhythm, non-American phonemic clarity, and tactile screen-free workbooks.",Screen vs. Sensory; Testing vs. Arts; Institution vs. Sanctuary,"https://www.google.com/search?q=KiddyKare+International+Kindergarten+Bangkok,+Chiang+Mai,+Phuket",lead-esl-0116
admissions@kids-academy-international-pre.edu,Kids' Academy International Pre-School,Director of Early Years & Admissions,@kids-academy-international-pre,Website,Pillar V: Multicultural & Bilingual Education,International School Early Division (International Early Years),Tier 1 (Macro / Institutional),Asia,"Thailand (Bangkok, Chiang Mai, Phuket)",International Early Years,94,"Established international school in Bangkok, Chiang Mai, Phuket, Thailand; seeking sensory and acoustic screen-free companions for early English immersion and kindergarten transitions.",Screen vs. Sensory; Testing vs. Arts; Institution vs. Sanctuary,"https://www.google.com/search?q=Kids'+Academy+International+Pre-School+Bangkok,+Chiang+Mai,+Phuket",lead-esl-0117
admissions@kids-kingdom-international-kin.edu,Kids Kingdom International Kindergarten,Director of Early Years & Admissions,@kids-kingdom-international-kin,Website,Pillar V: Multicultural & Bilingual Education,Premier Early Childhood Center (International Early Years),Tier 1 (Macro / Institutional),Asia,"Thailand (Bangkok, Chiang Mai, Phuket)",International Early Years,98,"Dedicated early learning institution in Bangkok, Chiang Mai, Phuket, Thailand; prime partner for SOE 90–110 BPM acoustic rhythm, non-American phonemic clarity, and tactile screen-free workbooks.",Screen vs. Sensory; Testing vs. Arts; Institution vs. Sanctuary,"https://www.google.com/search?q=Kids+Kingdom+International+Kindergarten+Bangkok,+Chiang+Mai,+Phuket",lead-esl-0118
admissions@kidz-village-international-kin.edu,Kidz Village International Kindergarten,Director of Early Years & Admissions,@kidz-village-international-kin,Website,Pillar V: Multicultural & Bilingual Education,Premier Early Childhood Center (International Early Years),Tier 1 (Macro / Institutional),Asia,"Thailand (Bangkok, Chiang Mai, Phuket)",International Early Years,98,"Dedicated early learning institution in Bangkok, Chiang Mai, Phuket, Thailand; prime partner for SOE 90–110 BPM acoustic rhythm, non-American phonemic clarity, and tactile screen-free workbooks.",Screen vs. Sensory; Testing vs. Arts; Institution vs. Sanctuary,"https://www.google.com/search?q=Kidz+Village+International+Kindergarten+Bangkok,+Chiang+Mai,+Phuket",lead-esl-0119
admissions@kincaid-international-school.edu,Kincaid International School,Director of Early Years & Admissions,@kincaid-international-school,Website,Pillar V: Multicultural & Bilingual Education,International School Early Division (International Early Years),Tier 1 (Macro / Institutional),Asia,"Thailand (Bangkok, Chiang Mai, Phuket)",International Early Years,94,"Established international school in Bangkok, Chiang Mai, Phuket, Thailand; seeking sensory and acoustic screen-free companions for early English immersion and kindergarten transitions.",Screen vs. Sensory; Testing vs. Arts; Institution vs. Sanctuary,"https://www.google.com/search?q=Kincaid+International+School+Bangkok,+Chiang+Mai,+Phuket",lead-esl-0120
admissions@kinder-bear-academy-internatio.edu,Kinder Bear Academy International Preschool,Director of Early Years & Admissions,@kinder-bear-academy-internatio,Website,Pillar V: Multicultural & Bilingual Education,Premier Early Childhood Center (International Early Years),Tier 1 (Macro / Institutional),Asia,"Thailand (Bangkok, Chiang Mai, Phuket)",International Early Years,98,"Dedicated early learning institution in Bangkok, Chiang Mai, Phuket, Thailand; prime partner for SOE 90–110 BPM acoustic rhythm, non-American phonemic clarity, and tactile screen-free workbooks.",Screen vs. Sensory; Testing vs. Arts; Institution vs. Sanctuary,"https://www.google.com/search?q=Kinder+Bear+Academy+International+Preschool+Bangkok,+Chiang+Mai,+Phuket",lead-esl-0121
admissions@kirakira-kids-international-ki.edu,Kirakira Kids International Kindergarten,Director of Early Years & Admissions,@kirakira-kids-international-ki,Website,Pillar V: Multicultural & Bilingual Education,Premier Early Childhood Center (International Early Years),Tier 1 (Macro / Institutional),Asia,"Thailand (Bangkok, Chiang Mai, Phuket)",International Early Years,98,"Dedicated early learning institution in Bangkok, Chiang Mai, Phuket, Thailand; prime partner for SOE 90–110 BPM acoustic rhythm, non-American phonemic clarity, and tactile screen-free workbooks.",Screen vs. Sensory; Testing vs. Arts; Institution vs. Sanctuary,"https://www.google.com/search?q=Kirakira+Kids+International+Kindergarten+Bangkok,+Chiang+Mai,+Phuket",lead-esl-0122
admissions@kis-international-school.edu,KIS International School,Director of Early Years & Admissions,@kis-international-school,Website,Pillar V: Multicultural & Bilingual Education,International School Early Division (IB PYP),Tier 1 (Macro / Institutional),Asia,"Thailand (Bangkok, Chiang Mai, Phuket)",IB PYP,94,"Established international school in Bangkok, Chiang Mai, Phuket, Thailand; seeking sensory and acoustic screen-free companions for early English immersion and kindergarten transitions.",Screen vs. Sensory; Testing vs. Arts; Institution vs. Sanctuary,"https://www.google.com/search?q=KIS+International+School+Bangkok,+Chiang+Mai,+Phuket",lead-esl-0123
admissions@kobato-international-kindergar.edu,Kobato International Kindergarten,Director of Early Years & Admissions,@kobato-international-kindergar,Website,Pillar V: Multicultural & Bilingual Education,Premier Early Childhood Center (International Early Years),Tier 1 (Macro / Institutional),Asia,"Thailand (Bangkok, Chiang Mai, Phuket)",International Early Years,98,"Dedicated early learning institution in Bangkok, Chiang Mai, Phuket, Thailand; prime partner for SOE 90–110 BPM acoustic rhythm, non-American phonemic clarity, and tactile screen-free workbooks.",Screen vs. Sensory; Testing vs. Arts; Institution vs. Sanctuary,"https://www.google.com/search?q=Kobato+International+Kindergarten+Bangkok,+Chiang+Mai,+Phuket",lead-esl-0124
admissions@korean-international-school-of.edu,Korean International School of Bangkok,Director of Early Years & Admissions,@korean-international-school-of,Website,Pillar V: Multicultural & Bilingual Education,International School Early Division (International Early Years),Tier 1 (Macro / Institutional),Asia,"Thailand (Bangkok, Chiang Mai, Phuket)",International Early Years,94,"Established international school in Bangkok, Chiang Mai, Phuket, Thailand; seeking sensory and acoustic screen-free companions for early English immersion and kindergarten transitions.",Screen vs. Sensory; Testing vs. Arts; Institution vs. Sanctuary,"https://www.google.com/search?q=Korean+International+School+of+Bangkok+Bangkok,+Chiang+Mai,+Phuket",lead-esl-0125
admissions@king-s-college-international-s.edu,King's College International School Bangkok,Director of Early Years & Admissions,@king-s-college-international-s,Website,Pillar V: Multicultural & Bilingual Education,International School Early Division (International Early Years),Tier 1 (Macro / Institutional),Asia,"Thailand (Bangkok, Chiang Mai, Phuket)",International Early Years,94,"Established international school in Bangkok, Chiang Mai, Phuket, Thailand; seeking sensory and acoustic screen-free companions for early English immersion and kindergarten transitions.",Screen vs. Sensory; Testing vs. Arts; Institution vs. Sanctuary,"https://www.google.com/search?q=King's+College+International+School+Bangkok+Bangkok,+Chiang+Mai,+Phuket",lead-esl-0126
admissions@ladybird-international-kinderg.edu,Ladybird International Kindergarten,Director of Early Years & Admissions,@ladybird-international-kinderg,Website,Pillar V: Multicultural & Bilingual Education,Premier Early Childhood Center (International Early Years),Tier 1 (Macro / Institutional),Asia,"Thailand (Bangkok, Chiang Mai, Phuket)",International Early Years,98,"Dedicated early learning institution in Bangkok, Chiang Mai, Phuket, Thailand; prime partner for SOE 90–110 BPM acoustic rhythm, non-American phonemic clarity, and tactile screen-free workbooks.",Screen vs. Sensory; Testing vs. Arts; Institution vs. Sanctuary,"https://www.google.com/search?q=Ladybird+International+Kindergarten+Bangkok,+Chiang+Mai,+Phuket",lead-esl-0127
admissions@learning-home-international-ki.edu,Learning Home International Kindergarten,Director of Early Years & Admissions,@learning-home-international-ki,Website,Pillar V: Multicultural & Bilingual Education,Premier Early Childhood Center (International Early Years),Tier 1 (Macro / Institutional),Asia,"Thailand (Bangkok, Chiang Mai, Phuket)",International Early Years,98,"Dedicated early learning institution in Bangkok, Chiang Mai, Phuket, Thailand; prime partner for SOE 90–110 BPM acoustic rhythm, non-American phonemic clarity, and tactile screen-free workbooks.",Screen vs. Sensory; Testing vs. Arts; Institution vs. Sanctuary,"https://www.google.com/search?q=Learning+Home+International+Kindergarten+Bangkok,+Chiang+Mai,+Phuket",lead-esl-0128
admissions@little-house-international-pre.edu,Little House International Pre-School,Director of Early Years & Admissions,@little-house-international-pre,Website,Pillar V: Multicultural & Bilingual Education,International School Early Division (International Early Years),Tier 1 (Macro / Institutional),Asia,"Thailand (Bangkok, Chiang Mai, Phuket)",International Early Years,94,"Established international school in Bangkok, Chiang Mai, Phuket, Thailand; seeking sensory and acoustic screen-free companions for early English immersion and kindergarten transitions.",Screen vs. Sensory; Testing vs. Arts; Institution vs. Sanctuary,"https://www.google.com/search?q=Little+House+International+Pre-School+Bangkok,+Chiang+Mai,+Phuket",lead-esl-0129
admissions@lyc-e-fran-ais-international-d.edu,Lyc�e Fran�ais International de Bangkok,Director of Early Years & Admissions,@lyc-e-fran-ais-international-d,Website,Pillar V: Multicultural & Bilingual Education,International School Early Division (French Immersion),Tier 1 (Macro / Institutional),Asia,"Thailand (Bangkok, Chiang Mai, Phuket)",French Immersion,94,"Established international school in Bangkok, Chiang Mai, Phuket, Thailand; seeking sensory and acoustic screen-free companions for early English immersion and kindergarten transitions.",Screen vs. Sensory; Testing vs. Arts; Institution vs. Sanctuary,"https://www.google.com/search?q=Lyc�e+Fran�ais+International+de+Bangkok+Bangkok,+Chiang+Mai,+Phuket",lead-esl-0130
admissions@melodies-international-kinderg.edu,Melodies International Kindergarten,Director of Early Years & Admissions,@melodies-international-kinderg,Website,Pillar V: Multicultural & Bilingual Education,Premier Early Childhood Center (International Early Years),Tier 1 (Macro / Institutional),Asia,"Thailand (Bangkok, Chiang Mai, Phuket)",International Early Years,98,"Dedicated early learning institution in Bangkok, Chiang Mai, Phuket, Thailand; prime partner for SOE 90–110 BPM acoustic rhythm, non-American phonemic clarity, and tactile screen-free workbooks.",Screen vs. Sensory; Testing vs. Arts; Institution vs. Sanctuary,"https://www.google.com/search?q=Melodies+International+Kindergarten+Bangkok,+Chiang+Mai,+Phuket",lead-esl-0131
admissions@modern-international-school-ba.edu,Modern International School Bangkok,Director of Early Years & Admissions,@modern-international-school-ba,Website,Pillar V: Multicultural & Bilingual Education,International School Early Division (International Early Years),Tier 1 (Macro / Institutional),Asia,"Thailand (Bangkok, Chiang Mai, Phuket)",International Early Years,94,"Established international school in Bangkok, Chiang Mai, Phuket, Thailand; seeking sensory and acoustic screen-free companions for early English immersion and kindergarten transitions.",Screen vs. Sensory; Testing vs. Arts; Institution vs. Sanctuary,"https://www.google.com/search?q=Modern+International+School+Bangkok+Bangkok,+Chiang+Mai,+Phuket",lead-esl-0132
admissions@modern-montessori-internationa.edu,Modern Montessori International Pre-School,Director of Early Years & Admissions,@modern-montessori-internationa,Website,Pillar V: Multicultural & Bilingual Education,Premier Early Childhood Center (Montessori Early Years),Tier 1 (Macro / Institutional),Asia,"Thailand (Bangkok, Chiang Mai, Phuket)",Montessori Early Years,98,"Dedicated early learning institution in Bangkok, Chiang Mai, Phuket, Thailand; prime partner for SOE 90–110 BPM acoustic rhythm, non-American phonemic clarity, and tactile screen-free workbooks.",Screen vs. Sensory; Testing vs. Arts; Institution vs. Sanctuary,"https://www.google.com/search?q=Modern+Montessori+International+Pre-School+Bangkok,+Chiang+Mai,+Phuket",lead-esl-0133
admissions@montessori-academy-bangkok-int.edu,Montessori Academy Bangkok International School,Director of Early Years & Admissions,@montessori-academy-bangkok-int,Website,Pillar V: Multicultural & Bilingual Education,Premier Early Childhood Center (Montessori Early Years),Tier 1 (Macro / Institutional),Asia,"Thailand (Bangkok, Chiang Mai, Phuket)",Montessori Early Years,98,"Dedicated early learning institution in Bangkok, Chiang Mai, Phuket, Thailand; prime partner for SOE 90–110 BPM acoustic rhythm, non-American phonemic clarity, and tactile screen-free workbooks.",Screen vs. Sensory; Testing vs. Arts; Institution vs. Sanctuary,"https://www.google.com/search?q=Montessori+Academy+Bangkok+International+School+Bangkok,+Chiang+Mai,+Phuket",lead-esl-0134
admissions@mulberry-house-international-p.edu,Mulberry House International Pre-School,Director of Early Years & Admissions,@mulberry-house-international-p,Website,Pillar V: Multicultural & Bilingual Education,International School Early Division (International Early Years),Tier 1 (Macro / Institutional),Asia,"Thailand (Bangkok, Chiang Mai, Phuket)",International Early Years,94,"Established international school in Bangkok, Chiang Mai, Phuket, Thailand; seeking sensory and acoustic screen-free companions for early English immersion and kindergarten transitions.",Screen vs. Sensory; Testing vs. Arts; Institution vs. Sanctuary,"https://www.google.com/search?q=Mulberry+House+International+Pre-School+Bangkok,+Chiang+Mai,+Phuket",lead-esl-0135
admissions@new-bambino-international-kind.edu,New Bambino International Kindergarten,Director of Early Years & Admissions,@new-bambino-international-kind,Website,Pillar V: Multicultural & Bilingual Education,Premier Early Childhood Center (International Early Years),Tier 1 (Macro / Institutional),Asia,"Thailand (Bangkok, Chiang Mai, Phuket)",International Early Years,98,"Dedicated early learning institution in Bangkok, Chiang Mai, Phuket, Thailand; prime partner for SOE 90–110 BPM acoustic rhythm, non-American phonemic clarity, and tactile screen-free workbooks.",Screen vs. Sensory; Testing vs. Arts; Institution vs. Sanctuary,"https://www.google.com/search?q=New+Bambino+International+Kindergarten+Bangkok,+Chiang+Mai,+Phuket",lead-esl-0136
admissions@new-sathorn-international-scho.edu,New Sathorn International School,Director of Early Years & Admissions,@new-sathorn-international-scho,Website,Pillar V: Multicultural & Bilingual Education,International School Early Division (International Early Years),Tier 1 (Macro / Institutional),Asia,"Thailand (Bangkok, Chiang Mai, Phuket)",International Early Years,94,"Established international school in Bangkok, Chiang Mai, Phuket, Thailand; seeking sensory and acoustic screen-free companions for early English immersion and kindergarten transitions.",Screen vs. Sensory; Testing vs. Arts; Institution vs. Sanctuary,"https://www.google.com/search?q=New+Sathorn+International+School+Bangkok,+Chiang+Mai,+Phuket",lead-esl-0137
admissions@nist-international-school.edu,NIST International School,Director of Early Years & Admissions,@nist-international-school,Website,Pillar V: Multicultural & Bilingual Education,International School Early Division (IB PYP),Tier 1 (Macro / Institutional),Asia,"Thailand (Bangkok, Chiang Mai, Phuket)",IB PYP,94,"Established international school in Bangkok, Chiang Mai, Phuket, Thailand; seeking sensory and acoustic screen-free companions for early English immersion and kindergarten transitions.",Screen vs. Sensory; Testing vs. Arts; Institution vs. Sanctuary,"https://www.google.com/search?q=NIST+International+School+Bangkok,+Chiang+Mai,+Phuket",lead-esl-0138
admissions@niva-international-school.edu,Niva International School,Director of Early Years & Admissions,@niva-international-school,Website,Pillar V: Multicultural & Bilingual Education,International School Early Division (International Early Years),Tier 1 (Macro / Institutional),Asia,"Thailand (Bangkok, Chiang Mai, Phuket)",International Early Years,94,"Established international school in Bangkok, Chiang Mai, Phuket, Thailand; seeking sensory and acoustic screen-free companions for early English immersion and kindergarten transitions.",Screen vs. Sensory; Testing vs. Arts; Institution vs. Sanctuary,"https://www.google.com/search?q=Niva+International+School+Bangkok,+Chiang+Mai,+Phuket",lead-esl-0139
admissions@oisca-international-kindergart.edu,OISCA International Kindergarten,Director of Early Years & Admissions,@oisca-international-kindergart,Website,Pillar V: Multicultural & Bilingual Education,Premier Early Childhood Center (International Early Years),Tier 1 (Macro / Institutional),Asia,"Thailand (Bangkok, Chiang Mai, Phuket)",International Early Years,98,"Dedicated early learning institution in Bangkok, Chiang Mai, Phuket, Thailand; prime partner for SOE 90–110 BPM acoustic rhythm, non-American phonemic clarity, and tactile screen-free workbooks.",Screen vs. Sensory; Testing vs. Arts; Institution vs. Sanctuary,"https://www.google.com/search?q=OISCA+International+Kindergarten+Bangkok,+Chiang+Mai,+Phuket",lead-esl-0140
admissions@pan-asia-international-school.edu,Pan-Asia International School,Director of Early Years & Admissions,@pan-asia-international-school,Website,Pillar V: Multicultural & Bilingual Education,International School Early Division (International Early Years),Tier 1 (Macro / Institutional),Asia,"Thailand (Bangkok, Chiang Mai, Phuket)",International Early Years,94,"Established international school in Bangkok, Chiang Mai, Phuket, Thailand; seeking sensory and acoustic screen-free companions for early English immersion and kindergarten transitions.",Screen vs. Sensory; Testing vs. Arts; Institution vs. Sanctuary,"https://www.google.com/search?q=Pan-Asia+International+School+Bangkok,+Chiang+Mai,+Phuket",lead-esl-0141
admissions@parkplace-international-pre-sc.edu,Parkplace International Pre-School,Director of Early Years & Admissions,@parkplace-international-pre-sc,Website,Pillar V: Multicultural & Bilingual Education,International School Early Division (International Early Years),Tier 1 (Macro / Institutional),Asia,"Thailand (Bangkok, Chiang Mai, Phuket)",International Early Years,94,"Established international school in Bangkok, Chiang Mai, Phuket, Thailand; seeking sensory and acoustic screen-free companions for early English immersion and kindergarten transitions.",Screen vs. Sensory; Testing vs. Arts; Institution vs. Sanctuary,"https://www.google.com/search?q=Parkplace+International+Pre-School+Bangkok,+Chiang+Mai,+Phuket",lead-esl-0142
admissions@prep-international-kindergarte.edu,Prep International Kindergarten,Director of Early Years & Admissions,@prep-international-kindergarte,Website,Pillar V: Multicultural & Bilingual Education,Premier Early Childhood Center (International Early Years),Tier 1 (Macro / Institutional),Asia,"Thailand (Bangkok, Chiang Mai, Phuket)",International Early Years,98,"Dedicated early learning institution in Bangkok, Chiang Mai, Phuket, Thailand; prime partner for SOE 90–110 BPM acoustic rhythm, non-American phonemic clarity, and tactile screen-free workbooks.",Screen vs. Sensory; Testing vs. Arts; Institution vs. Sanctuary,"https://www.google.com/search?q=Prep+International+Kindergarten+Bangkok,+Chiang+Mai,+Phuket",lead-esl-0143
admissions@prep-montessori-international-.edu,"Prep Montessori International Kindergarten, Ladprao 88 Campus",Director of Early Years & Admissions,@prep-montessori-international-,Website,Pillar V: Multicultural & Bilingual Education,Premier Early Childhood Center (Montessori Early Years),Tier 1 (Macro / Institutional),Asia,"Thailand (Bangkok, Chiang Mai, Phuket)",Montessori Early Years,98,"Dedicated early learning institution in Bangkok, Chiang Mai, Phuket, Thailand; prime partner for SOE 90–110 BPM acoustic rhythm, non-American phonemic clarity, and tactile screen-free workbooks.",Screen vs. Sensory; Testing vs. Arts; Institution vs. Sanctuary,"https://www.google.com/search?q=Prep+Montessori+International+Kindergarten,+Ladprao+88+Campus+Bangkok,+Chiang+Mai,+Phuket",lead-esl-0144
admissions@ramkhamhaeng-advent-internatio.edu,Ramkhamhaeng Advent International School,Director of Early Years & Admissions,@ramkhamhaeng-advent-internatio,Website,Pillar V: Multicultural & Bilingual Education,International School Early Division (International Early Years),Tier 1 (Macro / Institutional),Asia,"Thailand (Bangkok, Chiang Mai, Phuket)",International Early Years,94,"Established international school in Bangkok, Chiang Mai, Phuket, Thailand; seeking sensory and acoustic screen-free companions for early English immersion and kindergarten transitions.",Screen vs. Sensory; Testing vs. Arts; Institution vs. Sanctuary,"https://www.google.com/search?q=Ramkhamhaeng+Advent+International+School+Bangkok,+Chiang+Mai,+Phuket",lead-esl-0145
admissions@rasami-british-international-s.edu,Rasami British International School,Director of Early Years & Admissions,@rasami-british-international-s,Website,Pillar V: Multicultural & Bilingual Education,International School Early Division (British EYFS),Tier 1 (Macro / Institutional),Asia,"Thailand (Bangkok, Chiang Mai, Phuket)",British EYFS,94,"Established international school in Bangkok, Chiang Mai, Phuket, Thailand; seeking sensory and acoustic screen-free companions for early English immersion and kindergarten transitions.",Screen vs. Sensory; Testing vs. Arts; Institution vs. Sanctuary,"https://www.google.com/search?q=Rasami+British+International+School+Bangkok,+Chiang+Mai,+Phuket",lead-esl-0146
admissions@rc-international-school.edu,RC International School,Director of Early Years & Admissions,@rc-international-school,Website,Pillar V: Multicultural & Bilingual Education,International School Early Division (International Early Years),Tier 1 (Macro / Institutional),Asia,"Thailand (Bangkok, Chiang Mai, Phuket)",International Early Years,94,"Established international school in Bangkok, Chiang Mai, Phuket, Thailand; seeking sensory and acoustic screen-free companions for early English immersion and kindergarten transitions.",Screen vs. Sensory; Testing vs. Arts; Institution vs. Sanctuary,"https://www.google.com/search?q=RC+International+School+Bangkok,+Chiang+Mai,+Phuket",lead-esl-0147
admissions@regent-s-international-school-.edu,"Regent's International School, Bangkok",Director of Early Years & Admissions,@regent-s-international-school-,Website,Pillar V: Multicultural & Bilingual Education,International School Early Division (International Early Years),Tier 1 (Macro / Institutional),Asia,"Thailand (Bangkok, Chiang Mai, Phuket)",International Early Years,94,"Established international school in Bangkok, Chiang Mai, Phuket, Thailand; seeking sensory and acoustic screen-free companions for early English immersion and kindergarten transitions.",Screen vs. Sensory; Testing vs. Arts; Institution vs. Sanctuary,"https://www.google.com/search?q=Regent's+International+School,+Bangkok+Bangkok,+Chiang+Mai,+Phuket",lead-esl-0148
admissions@royce-royal-international-scho.edu,"Royce Royal International School, Bangkok",Director of Early Years & Admissions,@royce-royal-international-scho,Website,Pillar V: Multicultural & Bilingual Education,International School Early Division (International Early Years),Tier 1 (Macro / Institutional),Asia,"Thailand (Bangkok, Chiang Mai, Phuket)",International Early Years,94,"Established international school in Bangkok, Chiang Mai, Phuket, Thailand; seeking sensory and acoustic screen-free companions for early English immersion and kindergarten transitions.",Screen vs. Sensory; Testing vs. Arts; Institution vs. Sanctuary,"https://www.google.com/search?q=Royce+Royal+International+School,+Bangkok+Bangkok,+Chiang+Mai,+Phuket",lead-esl-0149
admissions@ruamrudee-international-school.edu,Ruamrudee International School,Director of Early Years & Admissions,@ruamrudee-international-school,Website,Pillar V: Multicultural & Bilingual Education,International School Early Division (International Early Years),Tier 1 (Macro / Institutional),Asia,"Thailand (Bangkok, Chiang Mai, Phuket)",International Early Years,94,"Established international school in Bangkok, Chiang Mai, Phuket, Thailand; seeking sensory and acoustic screen-free companions for early English immersion and kindergarten transitions.",Screen vs. Sensory; Testing vs. Arts; Institution vs. Sanctuary,"https://www.google.com/search?q=Ruamrudee+International+School+Bangkok,+Chiang+Mai,+Phuket",lead-esl-0150
admissions@sabai-jai-international-kinder.edu,Sabai-Jai International Kindergarten,Director of Early Years & Admissions,@sabai-jai-international-kinder,Website,Pillar V: Multicultural & Bilingual Education,Premier Early Childhood Center (International Early Years),Tier 1 (Macro / Institutional),Asia,"Thailand (Bangkok, Chiang Mai, Phuket)",International Early Years,98,"Dedicated early learning institution in Bangkok, Chiang Mai, Phuket, Thailand; prime partner for SOE 90–110 BPM acoustic rhythm, non-American phonemic clarity, and tactile screen-free workbooks.",Screen vs. Sensory; Testing vs. Arts; Institution vs. Sanctuary,"https://www.google.com/search?q=Sabai-Jai+International+Kindergarten+Bangkok,+Chiang+Mai,+Phuket",lead-esl-0151
admissions@st-andrews-international-schoo.edu,St. Andrews International School Bangkok,Director of Early Years & Admissions,@st-andrews-international-schoo,Website,Pillar V: Multicultural & Bilingual Education,International School Early Division (International Early Years),Tier 1 (Macro / Institutional),Asia,"Thailand (Bangkok, Chiang Mai, Phuket)",International Early Years,94,"Established international school in Bangkok, Chiang Mai, Phuket, Thailand; seeking sensory and acoustic screen-free companions for early English immersion and kindergarten transitions.",Screen vs. Sensory; Testing vs. Arts; Institution vs. Sanctuary,"https://www.google.com/search?q=St.+Andrews+International+School+Bangkok+Bangkok,+Chiang+Mai,+Phuket",lead-esl-0152
admissions@st-andrews-international-schoo.edu,"St. Andrews International School, Dusit",Director of Early Years & Admissions,@st-andrews-international-schoo,Website,Pillar V: Multicultural & Bilingual Education,International School Early Division (International Early Years),Tier 1 (Macro / Institutional),Asia,"Thailand (Bangkok, Chiang Mai, Phuket)",International Early Years,94,"Established international school in Bangkok, Chiang Mai, Phuket, Thailand; seeking sensory and acoustic screen-free companions for early English immersion and kindergarten transitions.",Screen vs. Sensory; Testing vs. Arts; Institution vs. Sanctuary,"https://www.google.com/search?q=St.+Andrews+International+School,+Dusit+Bangkok,+Chiang+Mai,+Phuket",lead-esl-0153
admissions@st-andrews-international-schoo.edu,"St. Andrews International School, Sathorn",Director of Early Years & Admissions,@st-andrews-international-schoo,Website,Pillar V: Multicultural & Bilingual Education,International School Early Division (International Early Years),Tier 1 (Macro / Institutional),Asia,"Thailand (Bangkok, Chiang Mai, Phuket)",International Early Years,94,"Established international school in Bangkok, Chiang Mai, Phuket, Thailand; seeking sensory and acoustic screen-free companions for early English immersion and kindergarten transitions.",Screen vs. Sensory; Testing vs. Arts; Institution vs. Sanctuary,"https://www.google.com/search?q=St.+Andrews+International+School,+Sathorn+Bangkok,+Chiang+Mai,+Phuket",lead-esl-0154
admissions@st-andrews-international-schoo.edu,"St. Andrews International School, Sukhumvit 107",Director of Early Years & Admissions,@st-andrews-international-schoo,Website,Pillar V: Multicultural & Bilingual Education,International School Early Division (International Early Years),Tier 1 (Macro / Institutional),Asia,"Thailand (Bangkok, Chiang Mai, Phuket)",International Early Years,94,"Established international school in Bangkok, Chiang Mai, Phuket, Thailand; seeking sensory and acoustic screen-free companions for early English immersion and kindergarten transitions.",Screen vs. Sensory; Testing vs. Arts; Institution vs. Sanctuary,"https://www.google.com/search?q=St.+Andrews+International+School,+Sukhumvit+107+Bangkok,+Chiang+Mai,+Phuket",lead-esl-0155
admissions@st-george-s-international-scho.edu,St. George's International School,Director of Early Years & Admissions,@st-george-s-international-scho,Website,Pillar V: Multicultural & Bilingual Education,International School Early Division (International Early Years),Tier 1 (Macro / Institutional),Asia,"Thailand (Bangkok, Chiang Mai, Phuket)",International Early Years,94,"Established international school in Bangkok, Chiang Mai, Phuket, Thailand; seeking sensory and acoustic screen-free companions for early English immersion and kindergarten transitions.",Screen vs. Sensory; Testing vs. Arts; Institution vs. Sanctuary,"https://www.google.com/search?q=St.+George's+International+School+Bangkok,+Chiang+Mai,+Phuket",lead-esl-0156
admissions@saint-john-s-international-sch.edu,Saint John's International School,Director of Early Years & Admissions,@saint-john-s-international-sch,Website,Pillar V: Multicultural & Bilingual Education,International School Early Division (International Early Years),Tier 1 (Macro / Institutional),Asia,"Thailand (Bangkok, Chiang Mai, Phuket)",International Early Years,94,"Established international school in Bangkok, Chiang Mai, Phuket, Thailand; seeking sensory and acoustic screen-free companions for early English immersion and kindergarten transitions.",Screen vs. Sensory; Testing vs. Arts; Institution vs. Sanctuary,"https://www.google.com/search?q=Saint+John's+International+School+Bangkok,+Chiang+Mai,+Phuket",lead-esl-0157
admissions@st-mark-s-international-school.edu,St. Mark's International School Bangkok,Director of Early Years & Admissions,@st-mark-s-international-school,Website,Pillar V: Multicultural & Bilingual Education,International School Early Division (International Early Years),Tier 1 (Macro / Institutional),Asia,"Thailand (Bangkok, Chiang Mai, Phuket)",International Early Years,94,"Established international school in Bangkok, Chiang Mai, Phuket, Thailand; seeking sensory and acoustic screen-free companions for early English immersion and kindergarten transitions.",Screen vs. Sensory; Testing vs. Arts; Institution vs. Sanctuary,"https://www.google.com/search?q=St.+Mark's+International+School+Bangkok+Bangkok,+Chiang+Mai,+Phuket",lead-esl-0158
admissions@st-michael-s-international-kin.edu,St. Michael's International Kindergarten,Director of Early Years & Admissions,@st-michael-s-international-kin,Website,Pillar V: Multicultural & Bilingual Education,Premier Early Childhood Center (International Early Years),Tier 1 (Macro / Institutional),Asia,"Thailand (Bangkok, Chiang Mai, Phuket)",International Early Years,98,"Dedicated early learning institution in Bangkok, Chiang Mai, Phuket, Thailand; prime partner for SOE 90–110 BPM acoustic rhythm, non-American phonemic clarity, and tactile screen-free workbooks.",Screen vs. Sensory; Testing vs. Arts; Institution vs. Sanctuary,"https://www.google.com/search?q=St.+Michael's+International+Kindergarten+Bangkok,+Chiang+Mai,+Phuket",lead-esl-0159
admissions@st-stephen-s-international-sch.edu,St. Stephen's International School,Director of Early Years & Admissions,@st-stephen-s-international-sch,Website,Pillar V: Multicultural & Bilingual Education,International School Early Division (International Early Years),Tier 1 (Macro / Institutional),Asia,"Thailand (Bangkok, Chiang Mai, Phuket)",International Early Years,94,"Established international school in Bangkok, Chiang Mai, Phuket, Thailand; seeking sensory and acoustic screen-free companions for early English immersion and kindergarten transitions.",Screen vs. Sensory; Testing vs. Arts; Institution vs. Sanctuary,"https://www.google.com/search?q=St.+Stephen's+International+School+Bangkok,+Chiang+Mai,+Phuket",lead-esl-0160
admissions@seeh-phinong-international-kin.edu,Seeh Phinong International Kindergarten,Director of Early Years & Admissions,@seeh-phinong-international-kin,Website,Pillar V: Multicultural & Bilingual Education,Premier Early Childhood Center (International Early Years),Tier 1 (Macro / Institutional),Asia,"Thailand (Bangkok, Chiang Mai, Phuket)",International Early Years,98,"Dedicated early learning institution in Bangkok, Chiang Mai, Phuket, Thailand; prime partner for SOE 90–110 BPM acoustic rhythm, non-American phonemic clarity, and tactile screen-free workbooks.",Screen vs. Sensory; Testing vs. Arts; Institution vs. Sanctuary,"https://www.google.com/search?q=Seeh+Phinong+International+Kindergarten+Bangkok,+Chiang+Mai,+Phuket",lead-esl-0161
admissions@shrewsbury-international-schoo.edu,Shrewsbury International School,Director of Early Years & Admissions,@shrewsbury-international-schoo,Website,Pillar V: Multicultural & Bilingual Education,International School Early Division (International Early Years),Tier 1 (Macro / Institutional),Asia,"Thailand (Bangkok, Chiang Mai, Phuket)",International Early Years,94,"Established international school in Bangkok, Chiang Mai, Phuket, Thailand; seeking sensory and acoustic screen-free companions for early English immersion and kindergarten transitions.",Screen vs. Sensory; Testing vs. Arts; Institution vs. Sanctuary,"https://www.google.com/search?q=Shrewsbury+International+School+Bangkok,+Chiang+Mai,+Phuket",lead-esl-0162
admissions@singapore-international-school.edu,Singapore International School of Bangkok,Director of Early Years & Admissions,@singapore-international-school,Website,Pillar V: Multicultural & Bilingual Education,International School Early Division (American Early Childhood),Tier 1 (Macro / Institutional),Asia,"Thailand (Bangkok, Chiang Mai, Phuket)",American Early Childhood,94,"Established international school in Bangkok, Chiang Mai, Phuket, Thailand; seeking sensory and acoustic screen-free companions for early English immersion and kindergarten transitions.",Screen vs. Sensory; Testing vs. Arts; Institution vs. Sanctuary,"https://www.google.com/search?q=Singapore+International+School+of+Bangkok+Bangkok,+Chiang+Mai,+Phuket",lead-esl-0163
admissions@takenoko-international-kinderg.edu,Takenoko International Kindergarten,Director of Early Years & Admissions,@takenoko-international-kinderg,Website,Pillar V: Multicultural & Bilingual Education,Premier Early Childhood Center (International Early Years),Tier 1 (Macro / Institutional),Asia,"Thailand (Bangkok, Chiang Mai, Phuket)",International Early Years,98,"Dedicated early learning institution in Bangkok, Chiang Mai, Phuket, Thailand; prime partner for SOE 90–110 BPM acoustic rhythm, non-American phonemic clarity, and tactile screen-free workbooks.",Screen vs. Sensory; Testing vs. Arts; Institution vs. Sanctuary,"https://www.google.com/search?q=Takenoko+International+Kindergarten+Bangkok,+Chiang+Mai,+Phuket",lead-esl-0164
admissions@talents-international-pre-scho.edu,Talents International Pre-School,Director of Early Years & Admissions,@talents-international-pre-scho,Website,Pillar V: Multicultural & Bilingual Education,International School Early Division (International Early Years),Tier 1 (Macro / Institutional),Asia,"Thailand (Bangkok, Chiang Mai, Phuket)",International Early Years,94,"Established international school in Bangkok, Chiang Mai, Phuket, Thailand; seeking sensory and acoustic screen-free companions for early English immersion and kindergarten transitions.",Screen vs. Sensory; Testing vs. Arts; Institution vs. Sanctuary,"https://www.google.com/search?q=Talents+International+Pre-School+Bangkok,+Chiang+Mai,+Phuket",lead-esl-0165
admissions@thai-sikh-international-school.edu,Thai Sikh International School of Bangkok,Director of Early Years & Admissions,@thai-sikh-international-school,Website,Pillar V: Multicultural & Bilingual Education,International School Early Division (International Early Years),Tier 1 (Macro / Institutional),Asia,"Thailand (Bangkok, Chiang Mai, Phuket)",International Early Years,94,"Established international school in Bangkok, Chiang Mai, Phuket, Thailand; seeking sensory and acoustic screen-free companions for early English immersion and kindergarten transitions.",Screen vs. Sensory; Testing vs. Arts; Institution vs. Sanctuary,"https://www.google.com/search?q=Thai+Sikh+International+School+of+Bangkok+Bangkok,+Chiang+Mai,+Phuket",lead-esl-0166
admissions@thai-japanese-association-scho.edu,Thai�Japanese Association School,Director of Early Years & Admissions,@thai-japanese-association-scho,Website,Pillar V: Multicultural & Bilingual Education,International School Early Division (American Early Childhood),Tier 1 (Macro / Institutional),Asia,"Thailand (Bangkok, Chiang Mai, Phuket)",American Early Childhood,94,"Established international school in Bangkok, Chiang Mai, Phuket, Thailand; seeking sensory and acoustic screen-free companions for early English immersion and kindergarten transitions.",Screen vs. Sensory; Testing vs. Arts; Institution vs. Sanctuary,"https://www.google.com/search?q=Thai�Japanese+Association+School+Bangkok,+Chiang+Mai,+Phuket",lead-esl-0167
admissions@the-tiny-seeds-international-p.edu,The Tiny Seeds International Pre-School,Director of Early Years & Admissions,@the-tiny-seeds-international-p,Website,Pillar V: Multicultural & Bilingual Education,International School Early Division (International Early Years),Tier 1 (Macro / Institutional),Asia,"Thailand (Bangkok, Chiang Mai, Phuket)",International Early Years,94,"Established international school in Bangkok, Chiang Mai, Phuket, Thailand; seeking sensory and acoustic screen-free companions for early English immersion and kindergarten transitions.",Screen vs. Sensory; Testing vs. Arts; Institution vs. Sanctuary,"https://www.google.com/search?q=The+Tiny+Seeds+International+Pre-School+Bangkok,+Chiang+Mai,+Phuket",lead-esl-0168
admissions@topsy-turvy-international-scho.edu,Topsy Turvy International School,Director of Early Years & Admissions,@topsy-turvy-international-scho,Website,Pillar V: Multicultural & Bilingual Education,International School Early Division (International Early Years),Tier 1 (Macro / Institutional),Asia,"Thailand (Bangkok, Chiang Mai, Phuket)",International Early Years,94,"Established international school in Bangkok, Chiang Mai, Phuket, Thailand; seeking sensory and acoustic screen-free companions for early English immersion and kindergarten transitions.",Screen vs. Sensory; Testing vs. Arts; Institution vs. Sanctuary,"https://www.google.com/search?q=Topsy+Turvy+International+School+Bangkok,+Chiang+Mai,+Phuket",lead-esl-0169
admissions@traill-international-school.edu,Traill International School,Director of Early Years & Admissions,@traill-international-school,Website,Pillar V: Multicultural & Bilingual Education,International School Early Division (International Early Years),Tier 1 (Macro / Institutional),Asia,"Thailand (Bangkok, Chiang Mai, Phuket)",International Early Years,94,"Established international school in Bangkok, Chiang Mai, Phuket, Thailand; seeking sensory and acoustic screen-free companions for early English immersion and kindergarten transitions.",Screen vs. Sensory; Testing vs. Arts; Institution vs. Sanctuary,"https://www.google.com/search?q=Traill+International+School+Bangkok,+Chiang+Mai,+Phuket",lead-esl-0170
admissions@trinity-international-school.edu,Trinity International School,Director of Early Years & Admissions,@trinity-international-school,Website,Pillar V: Multicultural & Bilingual Education,International School Early Division (International Early Years),Tier 1 (Macro / Institutional),Asia,"Thailand (Bangkok, Chiang Mai, Phuket)",International Early Years,94,"Established international school in Bangkok, Chiang Mai, Phuket, Thailand; seeking sensory and acoustic screen-free companions for early English immersion and kindergarten transitions.",Screen vs. Sensory; Testing vs. Arts; Institution vs. Sanctuary,"https://www.google.com/search?q=Trinity+International+School+Bangkok,+Chiang+Mai,+Phuket",lead-esl-0171
admissions@wellington-college-internation.edu,Wellington College International School Bangkok,Director of Early Years & Admissions,@wellington-college-internation,Website,Pillar V: Multicultural & Bilingual Education,International School Early Division (International Early Years),Tier 1 (Macro / Institutional),Asia,"Thailand (Bangkok, Chiang Mai, Phuket)",International Early Years,94,"Established international school in Bangkok, Chiang Mai, Phuket, Thailand; seeking sensory and acoustic screen-free companions for early English immersion and kindergarten transitions.",Screen vs. Sensory; Testing vs. Arts; Institution vs. Sanctuary,"https://www.google.com/search?q=Wellington+College+International+School+Bangkok+Bangkok,+Chiang+Mai,+Phuket",lead-esl-0172
admissions@wells-international-school.edu,Wells International School,Director of Early Years & Admissions,@wells-international-school,Website,Pillar V: Multicultural & Bilingual Education,International School Early Division (International Early Years),Tier 1 (Macro / Institutional),Asia,"Thailand (Bangkok, Chiang Mai, Phuket)",International Early Years,94,"Established international school in Bangkok, Chiang Mai, Phuket, Thailand; seeking sensory and acoustic screen-free companions for early English immersion and kindergarten transitions.",Screen vs. Sensory; Testing vs. Arts; Institution vs. Sanctuary,"https://www.google.com/search?q=Wells+International+School+Bangkok,+Chiang+Mai,+Phuket",lead-esl-0173
admissions@wells-international-school-on-.edu,Wells International School On Nut Campus,Director of Early Years & Admissions,@wells-international-school-on-,Website,Pillar V: Multicultural & Bilingual Education,International School Early Division (International Early Years),Tier 1 (Macro / Institutional),Asia,"Thailand (Bangkok, Chiang Mai, Phuket)",International Early Years,94,"Established international school in Bangkok, Chiang Mai, Phuket, Thailand; seeking sensory and acoustic screen-free companions for early English immersion and kindergarten transitions.",Screen vs. Sensory; Testing vs. Arts; Institution vs. Sanctuary,"https://www.google.com/search?q=Wells+International+School+On+Nut+Campus+Bangkok,+Chiang+Mai,+Phuket",lead-esl-0174
admissions@wells-international-kindergart.edu,Wells International Kindergarten,Director of Early Years & Admissions,@wells-international-kindergart,Website,Pillar V: Multicultural & Bilingual Education,Premier Early Childhood Center (International Early Years),Tier 1 (Macro / Institutional),Asia,"Thailand (Bangkok, Chiang Mai, Phuket)",International Early Years,98,"Dedicated early learning institution in Bangkok, Chiang Mai, Phuket, Thailand; prime partner for SOE 90–110 BPM acoustic rhythm, non-American phonemic clarity, and tactile screen-free workbooks.",Screen vs. Sensory; Testing vs. Arts; Institution vs. Sanctuary,"https://www.google.com/search?q=Wells+International+Kindergarten+Bangkok,+Chiang+Mai,+Phuket",lead-esl-0175
admissions@youth-exchange-international-s.edu,Youth Exchange International School,Director of Early Years & Admissions,@youth-exchange-international-s,Website,Pillar V: Multicultural & Bilingual Education,International School Early Division (International Early Years),Tier 1 (Macro / Institutional),Asia,"Thailand (Bangkok, Chiang Mai, Phuket)",International Early Years,94,"Established international school in Bangkok, Chiang Mai, Phuket, Thailand; seeking sensory and acoustic screen-free companions for early English immersion and kindergarten transitions.",Screen vs. Sensory; Testing vs. Arts; Institution vs. Sanctuary,"https://www.google.com/search?q=Youth+Exchange+International+School+Bangkok,+Chiang+Mai,+Phuket",lead-esl-0176
admissions@manorom-international-christia.edu,Manorom International Christian School,Director of Early Years & Admissions,@manorom-international-christia,Website,Pillar V: Multicultural & Bilingual Education,International School Early Division (International Early Years),Tier 1 (Macro / Institutional),Asia,"Thailand (Bangkok, Chiang Mai, Phuket)",International Early Years,94,"Established international school in Bangkok, Chiang Mai, Phuket, Thailand; seeking sensory and acoustic screen-free companions for early English immersion and kindergarten transitions.",Screen vs. Sensory; Testing vs. Arts; Institution vs. Sanctuary,"https://www.google.com/search?q=Manorom+International+Christian+School+Bangkok,+Chiang+Mai,+Phuket",lead-esl-0177
admissions@panyaden-international-school.edu,Panyaden International School,Director of Early Years & Admissions,@panyaden-international-school,Website,Pillar V: Multicultural & Bilingual Education,International School Early Division (International Early Years),Tier 1 (Macro / Institutional),Asia,"Thailand (Bangkok, Chiang Mai, Phuket)",International Early Years,94,"Established international school in Bangkok, Chiang Mai, Phuket, Thailand; seeking sensory and acoustic screen-free companions for early English immersion and kindergarten transitions.",Screen vs. Sensory; Testing vs. Arts; Institution vs. Sanctuary,"https://www.google.com/search?q=Panyaden+International+School+Bangkok,+Chiang+Mai,+Phuket",lead-esl-0178
admissions@american-pacific-international.edu,American Pacific International School,Director of Early Years & Admissions,@american-pacific-international,Website,Pillar V: Multicultural & Bilingual Education,International School Early Division (American Early Childhood),Tier 1 (Macro / Institutional),Asia,"Thailand (Bangkok, Chiang Mai, Phuket)",American Early Childhood,94,"Established international school in Bangkok, Chiang Mai, Phuket, Thailand; seeking sensory and acoustic screen-free companions for early English immersion and kindergarten transitions.",Screen vs. Sensory; Testing vs. Arts; Institution vs. Sanctuary,"https://www.google.com/search?q=American+Pacific+International+School+Bangkok,+Chiang+Mai,+Phuket",lead-esl-0179
admissions@american-pacific-international.edu,American Pacific International Kindergarten,Director of Early Years & Admissions,@american-pacific-international,Website,Pillar V: Multicultural & Bilingual Education,Premier Early Childhood Center (American Early Childhood),Tier 1 (Macro / Institutional),Asia,"Thailand (Bangkok, Chiang Mai, Phuket)",American Early Childhood,98,"Dedicated early learning institution in Bangkok, Chiang Mai, Phuket, Thailand; prime partner for SOE 90–110 BPM acoustic rhythm, non-American phonemic clarity, and tactile screen-free workbooks.",Screen vs. Sensory; Testing vs. Arts; Institution vs. Sanctuary,"https://www.google.com/search?q=American+Pacific+International+Kindergarten+Bangkok,+Chiang+Mai,+Phuket",lead-esl-0180
admissions@chiang-mai-international-schoo.edu,Chiang Mai International School,Director of Early Years & Admissions,@chiang-mai-international-schoo,Website,Pillar V: Multicultural & Bilingual Education,International School Early Division (International Early Years),Tier 1 (Macro / Institutional),Asia,"Thailand (Bangkok, Chiang Mai, Phuket)",International Early Years,94,"Established international school in Bangkok, Chiang Mai, Phuket, Thailand; seeking sensory and acoustic screen-free companions for early English immersion and kindergarten transitions.",Screen vs. Sensory; Testing vs. Arts; Institution vs. Sanctuary,"https://www.google.com/search?q=Chiang+Mai+International+School+Bangkok,+Chiang+Mai,+Phuket",lead-esl-0181
admissions@christliche-deutsche-schule-ch.edu,Christliche Deutsche Schule Chiang Mai,Director of Early Years & Admissions,@christliche-deutsche-schule-ch,Website,Pillar V: Multicultural & Bilingual Education,International School Early Division (International Early Years),Tier 2 (Community Connector),Asia,"Thailand (Bangkok, Chiang Mai, Phuket)",International Early Years,94,"Established international school in Bangkok, Chiang Mai, Phuket, Thailand; seeking sensory and acoustic screen-free companions for early English immersion and kindergarten transitions.",Screen vs. Sensory; Testing vs. Arts; Institution vs. Sanctuary,"https://www.google.com/search?q=Christliche+Deutsche+Schule+Chiang+Mai+Bangkok,+Chiang+Mai,+Phuket",lead-esl-0182
admissions@chiang-mai-montessori-internat.edu,Chiang Mai Montessori International School,Director of Early Years & Admissions,@chiang-mai-montessori-internat,Website,Pillar V: Multicultural & Bilingual Education,Premier Early Childhood Center (Montessori Early Years),Tier 1 (Macro / Institutional),Asia,"Thailand (Bangkok, Chiang Mai, Phuket)",Montessori Early Years,98,"Dedicated early learning institution in Bangkok, Chiang Mai, Phuket, Thailand; prime partner for SOE 90–110 BPM acoustic rhythm, non-American phonemic clarity, and tactile screen-free workbooks.",Screen vs. Sensory; Testing vs. Arts; Institution vs. Sanctuary,"https://www.google.com/search?q=Chiang+Mai+Montessori+International+School+Bangkok,+Chiang+Mai,+Phuket",lead-esl-0183
admissions@future-leaders-international-s.edu,Future Leaders International School,Director of Early Years & Admissions,@future-leaders-international-s,Website,Pillar V: Multicultural & Bilingual Education,International School Early Division (International Early Years),Tier 1 (Macro / Institutional),Asia,"Thailand (Bangkok, Chiang Mai, Phuket)",International Early Years,94,"Established international school in Bangkok, Chiang Mai, Phuket, Thailand; seeking sensory and acoustic screen-free companions for early English immersion and kindergarten transitions.",Screen vs. Sensory; Testing vs. Arts; Institution vs. Sanctuary,"https://www.google.com/search?q=Future+Leaders+International+School+Bangkok,+Chiang+Mai,+Phuket",lead-esl-0184
admissions@grace-international-school.edu,Grace International School,Director of Early Years & Admissions,@grace-international-school,Website,Pillar V: Multicultural & Bilingual Education,International School Early Division (International Early Years),Tier 1 (Macro / Institutional),Asia,"Thailand (Bangkok, Chiang Mai, Phuket)",International Early Years,94,"Established international school in Bangkok, Chiang Mai, Phuket, Thailand; seeking sensory and acoustic screen-free companions for early English immersion and kindergarten transitions.",Screen vs. Sensory; Testing vs. Arts; Institution vs. Sanctuary,"https://www.google.com/search?q=Grace+International+School+Bangkok,+Chiang+Mai,+Phuket",lead-esl-0185
admissions@hana-christian-international-k.edu,Hana Christian International Kindergarten,Director of Early Years & Admissions,@hana-christian-international-k,Website,Pillar V: Multicultural & Bilingual Education,Premier Early Childhood Center (International Early Years),Tier 1 (Macro / Institutional),Asia,"Thailand (Bangkok, Chiang Mai, Phuket)",International Early Years,98,"Dedicated early learning institution in Bangkok, Chiang Mai, Phuket, Thailand; prime partner for SOE 90–110 BPM acoustic rhythm, non-American phonemic clarity, and tactile screen-free workbooks.",Screen vs. Sensory; Testing vs. Arts; Institution vs. Sanctuary,"https://www.google.com/search?q=Hana+Christian+International+Kindergarten+Bangkok,+Chiang+Mai,+Phuket",lead-esl-0186
admissions@lanna-international-school.edu,Lanna International School,Director of Early Years & Admissions,@lanna-international-school,Website,Pillar V: Multicultural & Bilingual Education,International School Early Division (International Early Years),Tier 1 (Macro / Institutional),Asia,"Thailand (Bangkok, Chiang Mai, Phuket)",International Early Years,94,"Established international school in Bangkok, Chiang Mai, Phuket, Thailand; seeking sensory and acoustic screen-free companions for early English immersion and kindergarten transitions.",Screen vs. Sensory; Testing vs. Arts; Institution vs. Sanctuary,"https://www.google.com/search?q=Lanna+International+School+Bangkok,+Chiang+Mai,+Phuket",lead-esl-0187
admissions@nakornpayap-international-scho.edu,Nakornpayap International School,Director of Early Years & Admissions,@nakornpayap-international-scho,Website,Pillar V: Multicultural & Bilingual Education,International School Early Division (International Early Years),Tier 1 (Macro / Institutional),Asia,"Thailand (Bangkok, Chiang Mai, Phuket)",International Early Years,94,"Established international school in Bangkok, Chiang Mai, Phuket, Thailand; seeking sensory and acoustic screen-free companions for early English immersion and kindergarten transitions.",Screen vs. Sensory; Testing vs. Arts; Institution vs. Sanctuary,"https://www.google.com/search?q=Nakornpayap+International+School+Bangkok,+Chiang+Mai,+Phuket",lead-esl-0188
admissions@prem-tinsulanonda-internationa.edu,Prem Tinsulanonda International School,Director of Early Years & Admissions,@prem-tinsulanonda-internationa,Website,Pillar V: Multicultural & Bilingual Education,International School Early Division (IB PYP),Tier 1 (Macro / Institutional),Asia,"Thailand (Bangkok, Chiang Mai, Phuket)",IB PYP,94,"Established international school in Bangkok, Chiang Mai, Phuket, Thailand; seeking sensory and acoustic screen-free companions for early English immersion and kindergarten transitions.",Screen vs. Sensory; Testing vs. Arts; Institution vs. Sanctuary,"https://www.google.com/search?q=Prem+Tinsulanonda+International+School+Bangkok,+Chiang+Mai,+Phuket",lead-esl-0189
admissions@singapore-international-school.edu,Singapore International School Chiang Mai,Director of Early Years & Admissions,@singapore-international-school,Website,Pillar V: Multicultural & Bilingual Education,International School Early Division (American Early Childhood),Tier 1 (Macro / Institutional),Asia,"Thailand (Bangkok, Chiang Mai, Phuket)",American Early Childhood,94,"Established international school in Bangkok, Chiang Mai, Phuket, Thailand; seeking sensory and acoustic screen-free companions for early English immersion and kindergarten transitions.",Screen vs. Sensory; Testing vs. Arts; Institution vs. Sanctuary,"https://www.google.com/search?q=Singapore+International+School+Chiang+Mai+Bangkok,+Chiang+Mai,+Phuket",lead-esl-0190
admissions@southeast-asia-international-s.edu,Southeast Asia International School,Director of Early Years & Admissions,@southeast-asia-international-s,Website,Pillar V: Multicultural & Bilingual Education,International School Early Division (International Early Years),Tier 1 (Macro / Institutional),Asia,"Thailand (Bangkok, Chiang Mai, Phuket)",International Early Years,94,"Established international school in Bangkok, Chiang Mai, Phuket, Thailand; seeking sensory and acoustic screen-free companions for early English immersion and kindergarten transitions.",Screen vs. Sensory; Testing vs. Arts; Institution vs. Sanctuary,"https://www.google.com/search?q=Southeast+Asia+International+School+Bangkok,+Chiang+Mai,+Phuket",lead-esl-0191
admissions@meritton-british-international.edu,Meritton British International School,Director of Early Years & Admissions,@meritton-british-international,Website,Pillar V: Multicultural & Bilingual Education,International School Early Division (British EYFS),Tier 1 (Macro / Institutional),Asia,"Thailand (Bangkok, Chiang Mai, Phuket)",British EYFS,94,"Established international school in Bangkok, Chiang Mai, Phuket, Thailand; seeking sensory and acoustic screen-free companions for early English immersion and kindergarten transitions.",Screen vs. Sensory; Testing vs. Arts; Institution vs. Sanctuary,"https://www.google.com/search?q=Meritton+British+International+School+Bangkok,+Chiang+Mai,+Phuket",lead-esl-0192
admissions@chiang-rai-international-chris.edu,Chiang Rai International Christian School,Director of Early Years & Admissions,@chiang-rai-international-chris,Website,Pillar V: Multicultural & Bilingual Education,International School Early Division (International Early Years),Tier 1 (Macro / Institutional),Asia,"Thailand (Bangkok, Chiang Mai, Phuket)",International Early Years,94,"Established international school in Bangkok, Chiang Mai, Phuket, Thailand; seeking sensory and acoustic screen-free companions for early English immersion and kindergarten transitions.",Screen vs. Sensory; Testing vs. Arts; Institution vs. Sanctuary,"https://www.google.com/search?q=Chiang+Rai+International+Christian+School+Bangkok,+Chiang+Mai,+Phuket",lead-esl-0193
admissions@chiang-rai-international-schoo.edu,Chiang Rai International School,Director of Early Years & Admissions,@chiang-rai-international-schoo,Website,Pillar V: Multicultural & Bilingual Education,International School Early Division (International Early Years),Tier 1 (Macro / Institutional),Asia,"Thailand (Bangkok, Chiang Mai, Phuket)",International Early Years,94,"Established international school in Bangkok, Chiang Mai, Phuket, Thailand; seeking sensory and acoustic screen-free companions for early English immersion and kindergarten transitions.",Screen vs. Sensory; Testing vs. Arts; Institution vs. Sanctuary,"https://www.google.com/search?q=Chiang+Rai+International+School+Bangkok,+Chiang+Mai,+Phuket",lead-esl-0194
admissions@areeyawit-international-school.edu,Areeyawit International School,Director of Early Years & Admissions,@areeyawit-international-school,Website,Pillar V: Multicultural & Bilingual Education,International School Early Division (International Early Years),Tier 1 (Macro / Institutional),Asia,"Thailand (Bangkok, Chiang Mai, Phuket)",International Early Years,94,"Established international school in Bangkok, Chiang Mai, Phuket, Thailand; seeking sensory and acoustic screen-free companions for early English immersion and kindergarten transitions.",Screen vs. Sensory; Testing vs. Arts; Institution vs. Sanctuary,"https://www.google.com/search?q=Areeyawit+International+School+Bangkok,+Chiang+Mai,+Phuket",lead-esl-0195
admissions@one-hope-international-school.edu,One Hope International School,Director of Early Years & Admissions,@one-hope-international-school,Website,Pillar V: Multicultural & Bilingual Education,International School Early Division (International Early Years),Tier 1 (Macro / Institutional),Asia,"Thailand (Bangkok, Chiang Mai, Phuket)",International Early Years,94,"Established international school in Bangkok, Chiang Mai, Phuket, Thailand; seeking sensory and acoustic screen-free companions for early English immersion and kindergarten transitions.",Screen vs. Sensory; Testing vs. Arts; Institution vs. Sanctuary,"https://www.google.com/search?q=One+Hope+International+School+Bangkok,+Chiang+Mai,+Phuket",lead-esl-0196
admissions@gainesville-international-scho.edu,Gainesville International School,Director of Early Years & Admissions,@gainesville-international-scho,Website,Pillar V: Multicultural & Bilingual Education,International School Early Division (International Early Years),Tier 1 (Macro / Institutional),Asia,"Thailand (Bangkok, Chiang Mai, Phuket)",International Early Years,94,"Established international school in Bangkok, Chiang Mai, Phuket, Thailand; seeking sensory and acoustic screen-free companions for early English immersion and kindergarten transitions.",Screen vs. Sensory; Testing vs. Arts; Institution vs. Sanctuary,"https://www.google.com/search?q=Gainesville+International+School+Bangkok,+Chiang+Mai,+Phuket",lead-esl-0197
admissions@international-school-of-chonbu.edu,International School of Chonburi,Director of Early Years & Admissions,@international-school-of-chonbu,Website,Pillar V: Multicultural & Bilingual Education,International School Early Division (International Early Years),Tier 1 (Macro / Institutional),Asia,"Thailand (Bangkok, Chiang Mai, Phuket)",International Early Years,94,"Established international school in Bangkok, Chiang Mai, Phuket, Thailand; seeking sensory and acoustic screen-free companions for early English immersion and kindergarten transitions.",Screen vs. Sensory; Testing vs. Arts; Institution vs. Sanctuary,"https://www.google.com/search?q=International+School+of+Chonburi+Bangkok,+Chiang+Mai,+Phuket",lead-esl-0198
admissions@ise-international-school.edu,ISE International School,Director of Early Years & Admissions,@ise-international-school,Website,Pillar V: Multicultural & Bilingual Education,International School Early Division (International Early Years),Tier 1 (Macro / Institutional),Asia,"Thailand (Bangkok, Chiang Mai, Phuket)",International Early Years,94,"Established international school in Bangkok, Chiang Mai, Phuket, Thailand; seeking sensory and acoustic screen-free companions for early English immersion and kindergarten transitions.",Screen vs. Sensory; Testing vs. Arts; Institution vs. Sanctuary,"https://www.google.com/search?q=ISE+International+School+Bangkok,+Chiang+Mai,+Phuket",lead-esl-0199
admissions@mooltripakdee-international-sc.edu,Mooltripakdee International School,Director of Early Years & Admissions,@mooltripakdee-international-sc,Website,Pillar V: Multicultural & Bilingual Education,International School Early Division (International Early Years),Tier 1 (Macro / Institutional),Asia,"Thailand (Bangkok, Chiang Mai, Phuket)",International Early Years,94,"Established international school in Bangkok, Chiang Mai, Phuket, Thailand; seeking sensory and acoustic screen-free companions for early English immersion and kindergarten transitions.",Screen vs. Sensory; Testing vs. Arts; Institution vs. Sanctuary,"https://www.google.com/search?q=Mooltripakdee+International+School+Bangkok,+Chiang+Mai,+Phuket",lead-esl-0200
admissions@regents-international-school-p.edu,Regents International School Pattaya,Director of Early Years & Admissions,@regents-international-school-p,Website,Pillar V: Multicultural & Bilingual Education,International School Early Division (International Early Years),Tier 1 (Macro / Institutional),Asia,"Thailand (Bangkok, Chiang Mai, Phuket)",International Early Years,94,"Established international school in Bangkok, Chiang Mai, Phuket, Thailand; seeking sensory and acoustic screen-free companions for early English immersion and kindergarten transitions.",Screen vs. Sensory; Testing vs. Arts; Institution vs. Sanctuary,"https://www.google.com/search?q=Regents+International+School+Pattaya+Bangkok,+Chiang+Mai,+Phuket",lead-esl-0201
admissions@tara-pattana-international-sch.edu,Tara Pattana International School,Director of Early Years & Admissions,@tara-pattana-international-sch,Website,Pillar V: Multicultural & Bilingual Education,International School Early Division (International Early Years),Tier 1 (Macro / Institutional),Asia,"Thailand (Bangkok, Chiang Mai, Phuket)",International Early Years,94,"Established international school in Bangkok, Chiang Mai, Phuket, Thailand; seeking sensory and acoustic screen-free companions for early English immersion and kindergarten transitions.",Screen vs. Sensory; Testing vs. Arts; Institution vs. Sanctuary,"https://www.google.com/search?q=Tara+Pattana+International+School+Bangkok,+Chiang+Mai,+Phuket",lead-esl-0202
admissions@lovell-international-school.edu,Lovell International School,Director of Early Years & Admissions,@lovell-international-school,Website,Pillar V: Multicultural & Bilingual Education,International School Early Division (International Early Years),Tier 1 (Macro / Institutional),Asia,"Thailand (Bangkok, Chiang Mai, Phuket)",International Early Years,94,"Established international school in Bangkok, Chiang Mai, Phuket, Thailand; seeking sensory and acoustic screen-free companions for early English immersion and kindergarten transitions.",Screen vs. Sensory; Testing vs. Arts; Institution vs. Sanctuary,"https://www.google.com/search?q=Lovell+International+School+Bangkok,+Chiang+Mai,+Phuket",lead-esl-0203
admissions@thai-japanese-association-scho.edu,Thai�Japanese Association School Sriracha,Director of Early Years & Admissions,@thai-japanese-association-scho,Website,Pillar V: Multicultural & Bilingual Education,International School Early Division (American Early Childhood),Tier 1 (Macro / Institutional),Asia,"Thailand (Bangkok, Chiang Mai, Phuket)",American Early Childhood,94,"Established international school in Bangkok, Chiang Mai, Phuket, Thailand; seeking sensory and acoustic screen-free companions for early English immersion and kindergarten transitions.",Screen vs. Sensory; Testing vs. Arts; Institution vs. Sanctuary,"https://www.google.com/search?q=Thai�Japanese+Association+School+Sriracha+Bangkok,+Chiang+Mai,+Phuket",lead-esl-0204
admissions@theodore-international-school.edu,Theodore International School,Director of Early Years & Admissions,@theodore-international-school,Website,Pillar V: Multicultural & Bilingual Education,International School Early Division (International Early Years),Tier 1 (Macro / Institutional),Asia,"Thailand (Bangkok, Chiang Mai, Phuket)",International Early Years,94,"Established international school in Bangkok, Chiang Mai, Phuket, Thailand; seeking sensory and acoustic screen-free companions for early English immersion and kindergarten transitions.",Screen vs. Sensory; Testing vs. Arts; Institution vs. Sanctuary,"https://www.google.com/search?q=Theodore+International+School+Bangkok,+Chiang+Mai,+Phuket",lead-esl-0205
admissions@khon-kaen-international-school.edu,Khon Kaen International School,Director of Early Years & Admissions,@khon-kaen-international-school,Website,Pillar V: Multicultural & Bilingual Education,International School Early Division (International Early Years),Tier 1 (Macro / Institutional),Asia,"Thailand (Bangkok, Chiang Mai, Phuket)",International Early Years,94,"Established international school in Bangkok, Chiang Mai, Phuket, Thailand; seeking sensory and acoustic screen-free companions for early English immersion and kindergarten transitions.",Screen vs. Sensory; Testing vs. Arts; Institution vs. Sanctuary,"https://www.google.com/search?q=Khon+Kaen+International+School+Bangkok,+Chiang+Mai,+Phuket",lead-esl-0206
admissions@global-village-school-lanta.edu,Global Village School Lanta,Director of Early Years & Admissions,@global-village-school-lanta,Website,Pillar V: Multicultural & Bilingual Education,International School Early Division (International Early Years),Tier 1 (Macro / Institutional),Asia,"Thailand (Bangkok, Chiang Mai, Phuket)",International Early Years,94,"Established international school in Bangkok, Chiang Mai, Phuket, Thailand; seeking sensory and acoustic screen-free companions for early English immersion and kindergarten transitions.",Screen vs. Sensory; Testing vs. Arts; Institution vs. Sanctuary,"https://www.google.com/search?q=Global+Village+School+Lanta+Bangkok,+Chiang+Mai,+Phuket",lead-esl-0207
admissions@british-international-school-k.edu,British International School Krabi,Director of Early Years & Admissions,@british-international-school-k,Website,Pillar V: Multicultural & Bilingual Education,International School Early Division (British EYFS),Tier 1 (Macro / Institutional),Asia,"Thailand (Bangkok, Chiang Mai, Phuket)",British EYFS,94,"Established international school in Bangkok, Chiang Mai, Phuket, Thailand; seeking sensory and acoustic screen-free companions for early English immersion and kindergarten transitions.",Screen vs. Sensory; Testing vs. Arts; Institution vs. Sanctuary,"https://www.google.com/search?q=British+International+School+Krabi+Bangkok,+Chiang+Mai,+Phuket",lead-esl-0208
admissions@krabi-international-school.edu,Krabi International School,Director of Early Years & Admissions,@krabi-international-school,Website,Pillar V: Multicultural & Bilingual Education,International School Early Division (International Early Years),Tier 1 (Macro / Institutional),Asia,"Thailand (Bangkok, Chiang Mai, Phuket)",International Early Years,94,"Established international school in Bangkok, Chiang Mai, Phuket, Thailand; seeking sensory and acoustic screen-free companions for early English immersion and kindergarten transitions.",Screen vs. Sensory; Testing vs. Arts; Institution vs. Sanctuary,"https://www.google.com/search?q=Krabi+International+School+Bangkok,+Chiang+Mai,+Phuket",lead-esl-0209
admissions@nawattaphume-international-sch.edu,Nawattaphume International School Lampang,Director of Early Years & Admissions,@nawattaphume-international-sch,Website,Pillar V: Multicultural & Bilingual Education,International School Early Division (International Early Years),Tier 1 (Macro / Institutional),Asia,"Thailand (Bangkok, Chiang Mai, Phuket)",International Early Years,94,"Established international school in Bangkok, Chiang Mai, Phuket, Thailand; seeking sensory and acoustic screen-free companions for early English immersion and kindergarten transitions.",Screen vs. Sensory; Testing vs. Arts; Institution vs. Sanctuary,"https://www.google.com/search?q=Nawattaphume+International+School+Lampang+Bangkok,+Chiang+Mai,+Phuket",lead-esl-0210
admissions@adventist-international-missio.edu,Adventist International Mission School � Korat,Director of Early Years & Admissions,@adventist-international-missio,Website,Pillar V: Multicultural & Bilingual Education,International School Early Division (International Early Years),Tier 1 (Macro / Institutional),Asia,"Thailand (Bangkok, Chiang Mai, Phuket)",International Early Years,94,"Established international school in Bangkok, Chiang Mai, Phuket, Thailand; seeking sensory and acoustic screen-free companions for early English immersion and kindergarten transitions.",Screen vs. Sensory; Testing vs. Arts; Institution vs. Sanctuary,"https://www.google.com/search?q=Adventist+International+Mission+School+�+Korat+Bangkok,+Chiang+Mai,+Phuket",lead-esl-0211
admissions@anglo-singapore-international-.edu,Anglo Singapore International School Nakhon Ratchasima,Director of Early Years & Admissions,@anglo-singapore-international-,Website,Pillar V: Multicultural & Bilingual Education,International School Early Division (American Early Childhood),Tier 1 (Macro / Institutional),Asia,"Thailand (Bangkok, Chiang Mai, Phuket)",American Early Childhood,94,"Established international school in Bangkok, Chiang Mai, Phuket, Thailand; seeking sensory and acoustic screen-free companions for early English immersion and kindergarten transitions.",Screen vs. Sensory; Testing vs. Arts; Institution vs. Sanctuary,"https://www.google.com/search?q=Anglo+Singapore+International+School+Nakhon+Ratchasima+Bangkok,+Chiang+Mai,+Phuket",lead-esl-0212
admissions@st-stephen-s-international-sch.edu,"St. Stephen's International School, Khao Yai Campus",Director of Early Years & Admissions,@st-stephen-s-international-sch,Website,Pillar V: Multicultural & Bilingual Education,International School Early Division (International Early Years),Tier 1 (Macro / Institutional),Asia,"Thailand (Bangkok, Chiang Mai, Phuket)",International Early Years,94,"Established international school in Bangkok, Chiang Mai, Phuket, Thailand; seeking sensory and acoustic screen-free companions for early English immersion and kindergarten transitions.",Screen vs. Sensory; Testing vs. Arts; Institution vs. Sanctuary,"https://www.google.com/search?q=St.+Stephen's+International+School,+Khao+Yai+Campus+Bangkok,+Chiang+Mai,+Phuket",lead-esl-0213
admissions@wesley-international-school.edu,Wesley International School,Director of Early Years & Admissions,@wesley-international-school,Website,Pillar V: Multicultural & Bilingual Education,International School Early Division (International Early Years),Tier 1 (Macro / Institutional),Asia,"Thailand (Bangkok, Chiang Mai, Phuket)",International Early Years,94,"Established international school in Bangkok, Chiang Mai, Phuket, Thailand; seeking sensory and acoustic screen-free companions for early English immersion and kindergarten transitions.",Screen vs. Sensory; Testing vs. Arts; Institution vs. Sanctuary,"https://www.google.com/search?q=Wesley+International+School+Bangkok,+Chiang+Mai,+Phuket",lead-esl-0214
admissions@international-christian-school.edu,International Christian School of Nonthaburi,Director of Early Years & Admissions,@international-christian-school,Website,Pillar V: Multicultural & Bilingual Education,International School Early Division (International Early Years),Tier 1 (Macro / Institutional),Asia,"Thailand (Bangkok, Chiang Mai, Phuket)",International Early Years,94,"Established international school in Bangkok, Chiang Mai, Phuket, Thailand; seeking sensory and acoustic screen-free companions for early English immersion and kindergarten transitions.",Screen vs. Sensory; Testing vs. Arts; Institution vs. Sanctuary,"https://www.google.com/search?q=International+Christian+School+of+Nonthaburi+Bangkok,+Chiang+Mai,+Phuket",lead-esl-0215
admissions@hampton-international-preschoo.edu,Hampton International Preschool,Director of Early Years & Admissions,@hampton-international-preschoo,Website,Pillar V: Multicultural & Bilingual Education,Premier Early Childhood Center (International Early Years),Tier 1 (Macro / Institutional),Asia,"Thailand (Bangkok, Chiang Mai, Phuket)",International Early Years,98,"Dedicated early learning institution in Bangkok, Chiang Mai, Phuket, Thailand; prime partner for SOE 90–110 BPM acoustic rhythm, non-American phonemic clarity, and tactile screen-free workbooks.",Screen vs. Sensory; Testing vs. Arts; Institution vs. Sanctuary,"https://www.google.com/search?q=Hampton+International+Preschool+Bangkok,+Chiang+Mai,+Phuket",lead-esl-0216
admissions@international-school-bangkok.edu,International School Bangkok,Director of Early Years & Admissions,@international-school-bangkok,Website,Pillar V: Multicultural & Bilingual Education,International School Early Division (International Early Years),Tier 1 (Macro / Institutional),Asia,"Thailand (Bangkok, Chiang Mai, Phuket)",International Early Years,94,"Established international school in Bangkok, Chiang Mai, Phuket, Thailand; seeking sensory and acoustic screen-free companions for early English immersion and kindergarten transitions.",Screen vs. Sensory; Testing vs. Arts; Institution vs. Sanctuary,"https://www.google.com/search?q=International+School+Bangkok+Bangkok,+Chiang+Mai,+Phuket",lead-esl-0217
admissions@little-dragons-international-s.edu,Little Dragons International School,Director of Early Years & Admissions,@little-dragons-international-s,Website,Pillar V: Multicultural & Bilingual Education,International School Early Division (International Early Years),Tier 1 (Macro / Institutional),Asia,"Thailand (Bangkok, Chiang Mai, Phuket)",International Early Years,94,"Established international school in Bangkok, Chiang Mai, Phuket, Thailand; seeking sensory and acoustic screen-free companions for early English immersion and kindergarten transitions.",Screen vs. Sensory; Testing vs. Arts; Institution vs. Sanctuary,"https://www.google.com/search?q=Little+Dragons+International+School+Bangkok,+Chiang+Mai,+Phuket",lead-esl-0218
admissions@magic-years-international-scho.edu,Magic Years International School,Director of Early Years & Admissions,@magic-years-international-scho,Website,Pillar V: Multicultural & Bilingual Education,International School Early Division (International Early Years),Tier 1 (Macro / Institutional),Asia,"Thailand (Bangkok, Chiang Mai, Phuket)",International Early Years,94,"Established international school in Bangkok, Chiang Mai, Phuket, Thailand; seeking sensory and acoustic screen-free companions for early English immersion and kindergarten transitions.",Screen vs. Sensory; Testing vs. Arts; Institution vs. Sanctuary,"https://www.google.com/search?q=Magic+Years+International+School+Bangkok,+Chiang+Mai,+Phuket",lead-esl-0219
admissions@ruamrudee-international-school.edu,"Ruamrudee International School, Ratchapruek",Director of Early Years & Admissions,@ruamrudee-international-school,Website,Pillar V: Multicultural & Bilingual Education,International School Early Division (International Early Years),Tier 1 (Macro / Institutional),Asia,"Thailand (Bangkok, Chiang Mai, Phuket)",International Early Years,94,"Established international school in Bangkok, Chiang Mai, Phuket, Thailand; seeking sensory and acoustic screen-free companions for early English immersion and kindergarten transitions.",Screen vs. Sensory; Testing vs. Arts; Institution vs. Sanctuary,"https://www.google.com/search?q=Ruamrudee+International+School,+Ratchapruek+Bangkok,+Chiang+Mai,+Phuket",lead-esl-0220
admissions@st-andrews-samakee-internation.edu,St. Andrews Samakee International School,Director of Early Years & Admissions,@st-andrews-samakee-internation,Website,Pillar V: Multicultural & Bilingual Education,International School Early Division (International Early Years),Tier 1 (Macro / Institutional),Asia,"Thailand (Bangkok, Chiang Mai, Phuket)",International Early Years,94,"Established international school in Bangkok, Chiang Mai, Phuket, Thailand; seeking sensory and acoustic screen-free companions for early English immersion and kindergarten transitions.",Screen vs. Sensory; Testing vs. Arts; Institution vs. Sanctuary,"https://www.google.com/search?q=St.+Andrews+Samakee+International+School+Bangkok,+Chiang+Mai,+Phuket",lead-esl-0221
admissions@sathit-pathum-demonstration-sc.edu,Sathit Pathum Demonstration School,Director of Early Years & Admissions,@sathit-pathum-demonstration-sc,Website,Pillar V: Multicultural & Bilingual Education,International School Early Division (International Early Years),Tier 1 (Macro / Institutional),Asia,"Thailand (Bangkok, Chiang Mai, Phuket)",International Early Years,94,"Established international school in Bangkok, Chiang Mai, Phuket, Thailand; seeking sensory and acoustic screen-free companions for early English immersion and kindergarten transitions.",Screen vs. Sensory; Testing vs. Arts; Institution vs. Sanctuary,"https://www.google.com/search?q=Sathit+Pathum+Demonstration+School+Bangkok,+Chiang+Mai,+Phuket",lead-esl-0222
admissions@siam-international-school.edu,Siam International School,Director of Early Years & Admissions,@siam-international-school,Website,Pillar V: Multicultural & Bilingual Education,International School Early Division (International Early Years),Tier 1 (Macro / Institutional),Asia,"Thailand (Bangkok, Chiang Mai, Phuket)",International Early Years,94,"Established international school in Bangkok, Chiang Mai, Phuket, Thailand; seeking sensory and acoustic screen-free companions for early English immersion and kindergarten transitions.",Screen vs. Sensory; Testing vs. Arts; Institution vs. Sanctuary,"https://www.google.com/search?q=Siam+International+School+Bangkok,+Chiang+Mai,+Phuket",lead-esl-0223
admissions@cambridge-college-thailand.edu,Cambridge College (Thailand),Director of Early Years & Admissions,@cambridge-college-thailand,Website,Pillar V: Multicultural & Bilingual Education,International School Early Division (British EYFS),Tier 1 (Macro / Institutional),Asia,"Thailand (Bangkok, Chiang Mai, Phuket)",British EYFS,94,"Established international school in Bangkok, Chiang Mai, Phuket, Thailand; seeking sensory and acoustic screen-free companions for early English immersion and kindergarten transitions.",Screen vs. Sensory; Testing vs. Arts; Institution vs. Sanctuary,"https://www.google.com/search?q=Cambridge+College+(Thailand)+Bangkok,+Chiang+Mai,+Phuket",lead-esl-0224
admissions@british-international-school-p.edu,"British International School, Phuket",Director of Early Years & Admissions,@british-international-school-p,Website,Pillar V: Multicultural & Bilingual Education,International School Early Division (British EYFS),Tier 1 (Macro / Institutional),Asia,"Thailand (Bangkok, Chiang Mai, Phuket)",British EYFS,94,"Established international school in Bangkok, Chiang Mai, Phuket, Thailand; seeking sensory and acoustic screen-free companions for early English immersion and kindergarten transitions.",Screen vs. Sensory; Testing vs. Arts; Institution vs. Sanctuary,"https://www.google.com/search?q=British+International+School,+Phuket+Bangkok,+Chiang+Mai,+Phuket",lead-esl-0225
admissions@headstart-international-school.edu,HeadStart International School,Director of Early Years & Admissions,@headstart-international-school,Website,Pillar V: Multicultural & Bilingual Education,International School Early Division (International Early Years),Tier 1 (Macro / Institutional),Asia,"Thailand (Bangkok, Chiang Mai, Phuket)",International Early Years,94,"Established international school in Bangkok, Chiang Mai, Phuket, Thailand; seeking sensory and acoustic screen-free companions for early English immersion and kindergarten transitions.",Screen vs. Sensory; Testing vs. Arts; Institution vs. Sanctuary,"https://www.google.com/search?q=HeadStart+International+School+Bangkok,+Chiang+Mai,+Phuket",lead-esl-0226
admissions@kajonkiet-international-school.edu,Kajonkiet International School Phuket,Director of Early Years & Admissions,@kajonkiet-international-school,Website,Pillar V: Multicultural & Bilingual Education,International School Early Division (International Early Years),Tier 1 (Macro / Institutional),Asia,"Thailand (Bangkok, Chiang Mai, Phuket)",International Early Years,94,"Established international school in Bangkok, Chiang Mai, Phuket, Thailand; seeking sensory and acoustic screen-free companions for early English immersion and kindergarten transitions.",Screen vs. Sensory; Testing vs. Arts; Institution vs. Sanctuary,"https://www.google.com/search?q=Kajonkiet+International+School+Phuket+Bangkok,+Chiang+Mai,+Phuket",lead-esl-0227
admissions@lighthouse-international-schoo.edu,Lighthouse International School Phuket,Director of Early Years & Admissions,@lighthouse-international-schoo,Website,Pillar V: Multicultural & Bilingual Education,International School Early Division (International Early Years),Tier 1 (Macro / Institutional),Asia,"Thailand (Bangkok, Chiang Mai, Phuket)",International Early Years,94,"Established international school in Bangkok, Chiang Mai, Phuket, Thailand; seeking sensory and acoustic screen-free companions for early English immersion and kindergarten transitions.",Screen vs. Sensory; Testing vs. Arts; Institution vs. Sanctuary,"https://www.google.com/search?q=Lighthouse+International+School+Phuket+Bangkok,+Chiang+Mai,+Phuket",lead-esl-0228
admissions@qsi-international-school-of-ph.edu,QSI International School of Phuket,Director of Early Years & Admissions,@qsi-international-school-of-ph,Website,Pillar V: Multicultural & Bilingual Education,International School Early Division (International Early Years),Tier 1 (Macro / Institutional),Asia,"Thailand (Bangkok, Chiang Mai, Phuket)",International Early Years,94,"Established international school in Bangkok, Chiang Mai, Phuket, Thailand; seeking sensory and acoustic screen-free companions for early English immersion and kindergarten transitions.",Screen vs. Sensory; Testing vs. Arts; Institution vs. Sanctuary,"https://www.google.com/search?q=QSI+International+School+of+Phuket+Bangkok,+Chiang+Mai,+Phuket",lead-esl-0229
admissions@rawai-progressive-internationa.edu,Rawai Progressive International School,Director of Early Years & Admissions,@rawai-progressive-internationa,Website,Pillar V: Multicultural & Bilingual Education,International School Early Division (International Early Years),Tier 1 (Macro / Institutional),Asia,"Thailand (Bangkok, Chiang Mai, Phuket)",International Early Years,94,"Established international school in Bangkok, Chiang Mai, Phuket, Thailand; seeking sensory and acoustic screen-free companions for early English immersion and kindergarten transitions.",Screen vs. Sensory; Testing vs. Arts; Institution vs. Sanctuary,"https://www.google.com/search?q=Rawai+Progressive+International+School+Bangkok,+Chiang+Mai,+Phuket",lead-esl-0230
admissions@united-world-college-thailand.edu,United World College Thailand,Director of Early Years & Admissions,@united-world-college-thailand,Website,Pillar V: Multicultural & Bilingual Education,International School Early Division (IB PYP),Tier 1 (Macro / Institutional),Asia,"Thailand (Bangkok, Chiang Mai, Phuket)",IB PYP,94,"Established international school in Bangkok, Chiang Mai, Phuket, Thailand; seeking sensory and acoustic screen-free companions for early English immersion and kindergarten transitions.",Screen vs. Sensory; Testing vs. Arts; Institution vs. Sanctuary,"https://www.google.com/search?q=United+World+College+Thailand+Bangkok,+Chiang+Mai,+Phuket",lead-esl-0231
admissions@hua-hin-international-school.edu,Hua Hin International School,Director of Early Years & Admissions,@hua-hin-international-school,Website,Pillar V: Multicultural & Bilingual Education,International School Early Division (International Early Years),Tier 1 (Macro / Institutional),Asia,"Thailand (Bangkok, Chiang Mai, Phuket)",International Early Years,94,"Established international school in Bangkok, Chiang Mai, Phuket, Thailand; seeking sensory and acoustic screen-free companions for early English immersion and kindergarten transitions.",Screen vs. Sensory; Testing vs. Arts; Institution vs. Sanctuary,"https://www.google.com/search?q=Hua+Hin+International+School+Bangkok,+Chiang+Mai,+Phuket",lead-esl-0232
admissions@garden-international-school-ra.edu,Garden International School Rayong,Director of Early Years & Admissions,@garden-international-school-ra,Website,Pillar V: Multicultural & Bilingual Education,International School Early Division (International Early Years),Tier 1 (Macro / Institutional),Asia,"Thailand (Bangkok, Chiang Mai, Phuket)",International Early Years,94,"Established international school in Bangkok, Chiang Mai, Phuket, Thailand; seeking sensory and acoustic screen-free companions for early English immersion and kindergarten transitions.",Screen vs. Sensory; Testing vs. Arts; Institution vs. Sanctuary,"https://www.google.com/search?q=Garden+International+School+Rayong+Bangkok,+Chiang+Mai,+Phuket",lead-esl-0233
admissions@st-andrews-international-schoo.edu,"St. Andrews International School, Green Valley",Director of Early Years & Admissions,@st-andrews-international-schoo,Website,Pillar V: Multicultural & Bilingual Education,International School Early Division (International Early Years),Tier 1 (Macro / Institutional),Asia,"Thailand (Bangkok, Chiang Mai, Phuket)",International Early Years,94,"Established international school in Bangkok, Chiang Mai, Phuket, Thailand; seeking sensory and acoustic screen-free companions for early English immersion and kindergarten transitions.",Screen vs. Sensory; Testing vs. Arts; Institution vs. Sanctuary,"https://www.google.com/search?q=St.+Andrews+International+School,+Green+Valley+Bangkok,+Chiang+Mai,+Phuket",lead-esl-0234
admissions@silver-fern-international-scho.edu,Silver Fern International School,Director of Early Years & Admissions,@silver-fern-international-scho,Website,Pillar V: Multicultural & Bilingual Education,International School Early Division (International Early Years),Tier 1 (Macro / Institutional),Asia,"Thailand (Bangkok, Chiang Mai, Phuket)",International Early Years,94,"Established international school in Bangkok, Chiang Mai, Phuket, Thailand; seeking sensory and acoustic screen-free companions for early English immersion and kindergarten transitions.",Screen vs. Sensory; Testing vs. Arts; Institution vs. Sanctuary,"https://www.google.com/search?q=Silver+Fern+International+School+Bangkok,+Chiang+Mai,+Phuket",lead-esl-0235
admissions@the-american-school-of-bangkok.edu,"The American School of Bangkok, Green Valley Campus",Director of Early Years & Admissions,@the-american-school-of-bangkok,Website,Pillar V: Multicultural & Bilingual Education,International School Early Division (American Early Childhood),Tier 1 (Macro / Institutional),Asia,"Thailand (Bangkok, Chiang Mai, Phuket)",American Early Childhood,94,"Established international school in Bangkok, Chiang Mai, Phuket, Thailand; seeking sensory and acoustic screen-free companions for early English immersion and kindergarten transitions.",Screen vs. Sensory; Testing vs. Arts; Institution vs. Sanctuary,"https://www.google.com/search?q=The+American+School+of+Bangkok,+Green+Valley+Campus+Bangkok,+Chiang+Mai,+Phuket",lead-esl-0236
admissions@concordian-international-schoo.edu,Concordian International School,Director of Early Years & Admissions,@concordian-international-schoo,Website,Pillar V: Multicultural & Bilingual Education,International School Early Division (IB PYP),Tier 1 (Macro / Institutional),Asia,"Thailand (Bangkok, Chiang Mai, Phuket)",IB PYP,94,"Established international school in Bangkok, Chiang Mai, Phuket, Thailand; seeking sensory and acoustic screen-free companions for early English immersion and kindergarten transitions.",Screen vs. Sensory; Testing vs. Arts; Institution vs. Sanctuary,"https://www.google.com/search?q=Concordian+International+School+Bangkok,+Chiang+Mai,+Phuket",lead-esl-0237
admissions@didyasarin-international-prepa.edu,Didyasarin International Preparatory School,Director of Early Years & Admissions,@didyasarin-international-prepa,Website,Pillar V: Multicultural & Bilingual Education,International School Early Division (International Early Years),Tier 1 (Macro / Institutional),Asia,"Thailand (Bangkok, Chiang Mai, Phuket)",International Early Years,94,"Established international school in Bangkok, Chiang Mai, Phuket, Thailand; seeking sensory and acoustic screen-free companions for early English immersion and kindergarten transitions.",Screen vs. Sensory; Testing vs. Arts; Institution vs. Sanctuary,"https://www.google.com/search?q=Didyasarin+International+Preparatory+School+Bangkok,+Chiang+Mai,+Phuket",lead-esl-0238
admissions@ppmas-singapore-international-.edu,PPMAS-SINGAPORE International School,Director of Early Years & Admissions,@ppmas-singapore-international-,Website,Pillar V: Multicultural & Bilingual Education,International School Early Division (American Early Childhood),Tier 1 (Macro / Institutional),Asia,"Thailand (Bangkok, Chiang Mai, Phuket)",American Early Childhood,94,"Established international school in Bangkok, Chiang Mai, Phuket, Thailand; seeking sensory and acoustic screen-free companions for early English immersion and kindergarten transitions.",Screen vs. Sensory; Testing vs. Arts; Institution vs. Sanctuary,"https://www.google.com/search?q=PPMAS-SINGAPORE+International+School+Bangkok,+Chiang+Mai,+Phuket",lead-esl-0239
admissions@raffles-american-school-bangko.edu,Raffles American School Bangkok,Director of Early Years & Admissions,@raffles-american-school-bangko,Website,Pillar V: Multicultural & Bilingual Education,International School Early Division (American Early Childhood),Tier 1 (Macro / Institutional),Asia,"Thailand (Bangkok, Chiang Mai, Phuket)",American Early Childhood,94,"Established international school in Bangkok, Chiang Mai, Phuket, Thailand; seeking sensory and acoustic screen-free companions for early English immersion and kindergarten transitions.",Screen vs. Sensory; Testing vs. Arts; Institution vs. Sanctuary,"https://www.google.com/search?q=Raffles+American+School+Bangkok+Bangkok,+Chiang+Mai,+Phuket",lead-esl-0240
admissions@singapore-international-school.edu,Singapore International School Suvarnabhumi,Director of Early Years & Admissions,@singapore-international-school,Website,Pillar V: Multicultural & Bilingual Education,International School Early Division (American Early Childhood),Tier 1 (Macro / Institutional),Asia,"Thailand (Bangkok, Chiang Mai, Phuket)",American Early Childhood,94,"Established international school in Bangkok, Chiang Mai, Phuket, Thailand; seeking sensory and acoustic screen-free companions for early English immersion and kindergarten transitions.",Screen vs. Sensory; Testing vs. Arts; Institution vs. Sanctuary,"https://www.google.com/search?q=Singapore+International+School+Suvarnabhumi+Bangkok,+Chiang+Mai,+Phuket",lead-esl-0241
admissions@thai-chinese-international-sch.edu,Thai-Chinese International School,Director of Early Years & Admissions,@thai-chinese-international-sch,Website,Pillar V: Multicultural & Bilingual Education,International School Early Division (International Early Years),Tier 1 (Macro / Institutional),Asia,"Thailand (Bangkok, Chiang Mai, Phuket)",International Early Years,94,"Established international school in Bangkok, Chiang Mai, Phuket, Thailand; seeking sensory and acoustic screen-free companions for early English immersion and kindergarten transitions.",Screen vs. Sensory; Testing vs. Arts; Institution vs. Sanctuary,"https://www.google.com/search?q=Thai-Chinese+International+School+Bangkok,+Chiang+Mai,+Phuket",lead-esl-0242
admissions@thai-sikh-international-school.edu,Thai Sikh International School,Director of Early Years & Admissions,@thai-sikh-international-school,Website,Pillar V: Multicultural & Bilingual Education,International School Early Division (International Early Years),Tier 1 (Macro / Institutional),Asia,"Thailand (Bangkok, Chiang Mai, Phuket)",International Early Years,94,"Established international school in Bangkok, Chiang Mai, Phuket, Thailand; seeking sensory and acoustic screen-free companions for early English immersion and kindergarten transitions.",Screen vs. Sensory; Testing vs. Arts; Institution vs. Sanctuary,"https://www.google.com/search?q=Thai+Sikh+International+School+Bangkok,+Chiang+Mai,+Phuket",lead-esl-0243
admissions@thai-singapore-international-s.edu,Thai-Singapore International School,Director of Early Years & Admissions,@thai-singapore-international-s,Website,Pillar V: Multicultural & Bilingual Education,International School Early Division (American Early Childhood),Tier 1 (Macro / Institutional),Asia,"Thailand (Bangkok, Chiang Mai, Phuket)",American Early Childhood,94,"Established international school in Bangkok, Chiang Mai, Phuket, Thailand; seeking sensory and acoustic screen-free companions for early English immersion and kindergarten transitions.",Screen vs. Sensory; Testing vs. Arts; Institution vs. Sanctuary,"https://www.google.com/search?q=Thai-Singapore+International+School+Bangkok,+Chiang+Mai,+Phuket",lead-esl-0244
admissions@verso-international-school.edu,VERSO International School,Director of Early Years & Admissions,@verso-international-school,Website,Pillar V: Multicultural & Bilingual Education,International School Early Division (International Early Years),Tier 1 (Macro / Institutional),Asia,"Thailand (Bangkok, Chiang Mai, Phuket)",International Early Years,94,"Established international school in Bangkok, Chiang Mai, Phuket, Thailand; seeking sensory and acoustic screen-free companions for early English immersion and kindergarten transitions.",Screen vs. Sensory; Testing vs. Arts; Institution vs. Sanctuary,"https://www.google.com/search?q=VERSO+International+School+Bangkok,+Chiang+Mai,+Phuket",lead-esl-0245
admissions@norwich-international-school.edu,Norwich International School,Director of Early Years & Admissions,@norwich-international-school,Website,Pillar V: Multicultural & Bilingual Education,International School Early Division (International Early Years),Tier 1 (Macro / Institutional),Asia,"Thailand (Bangkok, Chiang Mai, Phuket)",International Early Years,94,"Established international school in Bangkok, Chiang Mai, Phuket, Thailand; seeking sensory and acoustic screen-free companions for early English immersion and kindergarten transitions.",Screen vs. Sensory; Testing vs. Arts; Institution vs. Sanctuary,"https://www.google.com/search?q=Norwich+International+School+Bangkok,+Chiang+Mai,+Phuket",lead-esl-0246
admissions@adventist-international-missio.edu,Adventist International Mission School,Director of Early Years & Admissions,@adventist-international-missio,Website,Pillar V: Multicultural & Bilingual Education,International School Early Division (International Early Years),Tier 1 (Macro / Institutional),Asia,"Thailand (Bangkok, Chiang Mai, Phuket)",International Early Years,94,"Established international school in Bangkok, Chiang Mai, Phuket, Thailand; seeking sensory and acoustic screen-free companions for early English immersion and kindergarten transitions.",Screen vs. Sensory; Testing vs. Arts; Institution vs. Sanctuary,"https://www.google.com/search?q=Adventist+International+Mission+School+Bangkok,+Chiang+Mai,+Phuket",lead-esl-0247
admissions@california-prep-international-.edu,California Prep International School,Director of Early Years & Admissions,@california-prep-international-,Website,Pillar V: Multicultural & Bilingual Education,International School Early Division (International Early Years),Tier 1 (Macro / Institutional),Asia,"Thailand (Bangkok, Chiang Mai, Phuket)",International Early Years,94,"Established international school in Bangkok, Chiang Mai, Phuket, Thailand; seeking sensory and acoustic screen-free companions for early English immersion and kindergarten transitions.",Screen vs. Sensory; Testing vs. Arts; Institution vs. Sanctuary,"https://www.google.com/search?q=California+Prep+International+School+Bangkok,+Chiang+Mai,+Phuket",lead-esl-0248
admissions@john-wyatt-montessori-nongdon.edu,John Wyatt Montessori Nongdon,Director of Early Years & Admissions,@john-wyatt-montessori-nongdon,Website,Pillar V: Multicultural & Bilingual Education,Premier Early Childhood Center (Montessori Early Years),Tier 1 (Macro / Institutional),Asia,"Thailand (Bangkok, Chiang Mai, Phuket)",Montessori Early Years,98,"Dedicated early learning institution in Bangkok, Chiang Mai, Phuket, Thailand; prime partner for SOE 90–110 BPM acoustic rhythm, non-American phonemic clarity, and tactile screen-free workbooks.",Screen vs. Sensory; Testing vs. Arts; Institution vs. Sanctuary,"https://www.google.com/search?q=John+Wyatt+Montessori+Nongdon+Bangkok,+Chiang+Mai,+Phuket",lead-esl-0249
admissions@saint-john-mary-international-.edu,Saint John Mary International School,Director of Early Years & Admissions,@saint-john-mary-international-,Website,Pillar V: Multicultural & Bilingual Education,International School Early Division (International Early Years),Tier 1 (Macro / Institutional),Asia,"Thailand (Bangkok, Chiang Mai, Phuket)",International Early Years,94,"Established international school in Bangkok, Chiang Mai, Phuket, Thailand; seeking sensory and acoustic screen-free companions for early English immersion and kindergarten transitions.",Screen vs. Sensory; Testing vs. Arts; Institution vs. Sanctuary,"https://www.google.com/search?q=Saint+John+Mary+International+School+Bangkok,+Chiang+Mai,+Phuket",lead-esl-0250
admissions@bloomsbury-international-schoo.edu,Bloomsbury International School Hatyai,Director of Early Years & Admissions,@bloomsbury-international-schoo,Website,Pillar V: Multicultural & Bilingual Education,International School Early Division (International Early Years),Tier 1 (Macro / Institutional),Asia,"Thailand (Bangkok, Chiang Mai, Phuket)",International Early Years,94,"Established international school in Bangkok, Chiang Mai, Phuket, Thailand; seeking sensory and acoustic screen-free companions for early English immersion and kindergarten transitions.",Screen vs. Sensory; Testing vs. Arts; Institution vs. Sanctuary,"https://www.google.com/search?q=Bloomsbury+International+School+Hatyai+Bangkok,+Chiang+Mai,+Phuket",lead-esl-0251
admissions@american-prep-international-sc.edu,American Prep International School Hatyai,Director of Early Years & Admissions,@american-prep-international-sc,Website,Pillar V: Multicultural & Bilingual Education,International School Early Division (American Early Childhood),Tier 1 (Macro / Institutional),Asia,"Thailand (Bangkok, Chiang Mai, Phuket)",American Early Childhood,94,"Established international school in Bangkok, Chiang Mai, Phuket, Thailand; seeking sensory and acoustic screen-free companions for early English immersion and kindergarten transitions.",Screen vs. Sensory; Testing vs. Arts; Institution vs. Sanctuary,"https://www.google.com/search?q=American+Prep+International+School+Hatyai+Bangkok,+Chiang+Mai,+Phuket",lead-esl-0252
admissions@southern-international-school-.edu,Southern International School Hatyai,Director of Early Years & Admissions,@southern-international-school-,Website,Pillar V: Multicultural & Bilingual Education,International School Early Division (International Early Years),Tier 1 (Macro / Institutional),Asia,"Thailand (Bangkok, Chiang Mai, Phuket)",International Early Years,94,"Established international school in Bangkok, Chiang Mai, Phuket, Thailand; seeking sensory and acoustic screen-free companions for early English immersion and kindergarten transitions.",Screen vs. Sensory; Testing vs. Arts; Institution vs. Sanctuary,"https://www.google.com/search?q=Southern+International+School+Hatyai+Bangkok,+Chiang+Mai,+Phuket",lead-esl-0253
admissions@the-international-school-of-sa.edu,The International School of Samui,Director of Early Years & Admissions,@the-international-school-of-sa,Website,Pillar V: Multicultural & Bilingual Education,International School Early Division (International Early Years),Tier 1 (Macro / Institutional),Asia,"Thailand (Bangkok, Chiang Mai, Phuket)",International Early Years,94,"Established international school in Bangkok, Chiang Mai, Phuket, Thailand; seeking sensory and acoustic screen-free companions for early English immersion and kindergarten transitions.",Screen vs. Sensory; Testing vs. Arts; Institution vs. Sanctuary,"https://www.google.com/search?q=The+International+School+of+Samui+Bangkok,+Chiang+Mai,+Phuket",lead-esl-0254
admissions@si-ri-panya-international-scho.edu,"Si Ri Panya International School, Koh Phangan",Director of Early Years & Admissions,@si-ri-panya-international-scho,Website,Pillar V: Multicultural & Bilingual Education,International School Early Division (International Early Years),Tier 1 (Macro / Institutional),Asia,"Thailand (Bangkok, Chiang Mai, Phuket)",International Early Years,94,"Established international school in Bangkok, Chiang Mai, Phuket, Thailand; seeking sensory and acoustic screen-free companions for early English immersion and kindergarten transitions.",Screen vs. Sensory; Testing vs. Arts; Institution vs. Sanctuary,"https://www.google.com/search?q=Si+Ri+Panya+International+School,+Koh+Phangan+Bangkok,+Chiang+Mai,+Phuket",lead-esl-0255
admissions@pbiss-formerly-panyadee-the-br.edu,"PBISS (formerly Panyadee), The British International School of Samui",Director of Early Years & Admissions,@pbiss-formerly-panyadee-the-br,Website,Pillar V: Multicultural & Bilingual Education,International School Early Division (British EYFS),Tier 1 (Macro / Institutional),Asia,"Thailand (Bangkok, Chiang Mai, Phuket)",British EYFS,94,"Established international school in Bangkok, Chiang Mai, Phuket, Thailand; seeking sensory and acoustic screen-free companions for early English immersion and kindergarten transitions.",Screen vs. Sensory; Testing vs. Arts; Institution vs. Sanctuary,"https://www.google.com/search?q=PBISS+(formerly+Panyadee),+The+British+International+School+of+Samui+Bangkok,+Chiang+Mai,+Phuket",lead-esl-0256
admissions@surat-thani-international-scho.edu,Surat Thani International School,Director of Early Years & Admissions,@surat-thani-international-scho,Website,Pillar V: Multicultural & Bilingual Education,International School Early Division (International Early Years),Tier 1 (Macro / Institutional),Asia,"Thailand (Bangkok, Chiang Mai, Phuket)",International Early Years,94,"Established international school in Bangkok, Chiang Mai, Phuket, Thailand; seeking sensory and acoustic screen-free companions for early English immersion and kindergarten transitions.",Screen vs. Sensory; Testing vs. Arts; Institution vs. Sanctuary,"https://www.google.com/search?q=Surat+Thani+International+School+Bangkok,+Chiang+Mai,+Phuket",lead-esl-0257
admissions@balance-international-school.edu,Balance International School,Director of Early Years & Admissions,@balance-international-school,Website,Pillar V: Multicultural & Bilingual Education,International School Early Division (International Early Years),Tier 1 (Macro / Institutional),Asia,"Thailand (Bangkok, Chiang Mai, Phuket)",International Early Years,94,"Established international school in Bangkok, Chiang Mai, Phuket, Thailand; seeking sensory and acoustic screen-free companions for early English immersion and kindergarten transitions.",Screen vs. Sensory; Testing vs. Arts; Institution vs. Sanctuary,"https://www.google.com/search?q=Balance+International+School+Bangkok,+Chiang+Mai,+Phuket",lead-esl-0258
admissions@unicorn-british-international-.edu,Unicorn British International School,Director of Early Years & Admissions,@unicorn-british-international-,Website,Pillar V: Multicultural & Bilingual Education,International School Early Division (British EYFS),Tier 1 (Macro / Institutional),Asia,"Thailand (Bangkok, Chiang Mai, Phuket)",British EYFS,94,"Established international school in Bangkok, Chiang Mai, Phuket, Thailand; seeking sensory and acoustic screen-free companions for early English immersion and kindergarten transitions.",Screen vs. Sensory; Testing vs. Arts; Institution vs. Sanctuary,"https://www.google.com/search?q=Unicorn+British+International+School+Bangkok,+Chiang+Mai,+Phuket",lead-esl-0259
admissions@daniel-international-school.edu,Daniel International School,Director of Early Years & Admissions,@daniel-international-school,Website,Pillar V: Multicultural & Bilingual Education,International School Early Division (International Early Years),Tier 1 (Macro / Institutional),Asia,"Thailand (Bangkok, Chiang Mai, Phuket)",International Early Years,94,"Established international school in Bangkok, Chiang Mai, Phuket, Thailand; seeking sensory and acoustic screen-free companions for early English immersion and kindergarten transitions.",Screen vs. Sensory; Testing vs. Arts; Institution vs. Sanctuary,"https://www.google.com/search?q=Daniel+International+School+Bangkok,+Chiang+Mai,+Phuket",lead-esl-0260
admissions@lamai-international-school-koh.edu,"Lamai International School, Koh Samui",Director of Early Years & Admissions,@lamai-international-school-koh,Website,Pillar V: Multicultural & Bilingual Education,International School Early Division (International Early Years),Tier 1 (Macro / Institutional),Asia,"Thailand (Bangkok, Chiang Mai, Phuket)",International Early Years,94,"Established international school in Bangkok, Chiang Mai, Phuket, Thailand; seeking sensory and acoustic screen-free companions for early English immersion and kindergarten transitions.",Screen vs. Sensory; Testing vs. Arts; Institution vs. Sanctuary,"https://www.google.com/search?q=Lamai+International+School,+Koh+Samui+Bangkok,+Chiang+Mai,+Phuket",lead-esl-0261
admissions@greenacre-international-school.edu,"Greenacre International School, Koh Samui",Director of Early Years & Admissions,@greenacre-international-school,Website,Pillar V: Multicultural & Bilingual Education,International School Early Division (International Early Years),Tier 1 (Macro / Institutional),Asia,"Thailand (Bangkok, Chiang Mai, Phuket)",International Early Years,94,"Established international school in Bangkok, Chiang Mai, Phuket, Thailand; seeking sensory and acoustic screen-free companions for early English immersion and kindergarten transitions.",Screen vs. Sensory; Testing vs. Arts; Institution vs. Sanctuary,"https://www.google.com/search?q=Greenacre+International+School,+Koh+Samui+Bangkok,+Chiang+Mai,+Phuket",lead-esl-0262
admissions@ubon-adventist-international-m.edu,Ubon Adventist International Mission School,Director of Early Years & Admissions,@ubon-adventist-international-m,Website,Pillar V: Multicultural & Bilingual Education,International School Early Division (International Early Years),Tier 1 (Macro / Institutional),Asia,"Thailand (Bangkok, Chiang Mai, Phuket)",International Early Years,94,"Established international school in Bangkok, Chiang Mai, Phuket, Thailand; seeking sensory and acoustic screen-free companions for early English immersion and kindergarten transitions.",Screen vs. Sensory; Testing vs. Arts; Institution vs. Sanctuary,"https://www.google.com/search?q=Ubon+Adventist+International+Mission+School+Bangkok,+Chiang+Mai,+Phuket",lead-esl-0263
admissions@international-community-school.edu,International Community School Udon Thani,Director of Early Years & Admissions,@international-community-school,Website,Pillar V: Multicultural & Bilingual Education,International School Early Division (International Early Years),Tier 1 (Macro / Institutional),Asia,"Thailand (Bangkok, Chiang Mai, Phuket)",International Early Years,94,"Established international school in Bangkok, Chiang Mai, Phuket, Thailand; seeking sensory and acoustic screen-free companions for early English immersion and kindergarten transitions.",Screen vs. Sensory; Testing vs. Arts; Institution vs. Sanctuary,"https://www.google.com/search?q=International+Community+School+Udon+Thani+Bangkok,+Chiang+Mai,+Phuket",lead-esl-0264
admissions@udon-thani-international-schoo.edu,Udon Thani International School,Director of Early Years & Admissions,@udon-thani-international-schoo,Website,Pillar V: Multicultural & Bilingual Education,International School Early Division (International Early Years),Tier 1 (Macro / Institutional),Asia,"Thailand (Bangkok, Chiang Mai, Phuket)",International Early Years,94,"Established international school in Bangkok, Chiang Mai, Phuket, Thailand; seeking sensory and acoustic screen-free companions for early English immersion and kindergarten transitions.",Screen vs. Sensory; Testing vs. Arts; Institution vs. Sanctuary,"https://www.google.com/search?q=Udon+Thani+International+School+Bangkok,+Chiang+Mai,+Phuket",lead-esl-0265
admissions@siam-singapore-international-s.edu,Siam Singapore International School,Director of Early Years & Admissions,@siam-singapore-international-s,Website,Pillar V: Multicultural & Bilingual Education,International School Early Division (American Early Childhood),Tier 1 (Macro / Institutional),Asia,"Thailand (Bangkok, Chiang Mai, Phuket)",American Early Childhood,94,"Established international school in Bangkok, Chiang Mai, Phuket, Thailand; seeking sensory and acoustic screen-free companions for early English immersion and kindergarten transitions.",Screen vs. Sensory; Testing vs. Arts; Institution vs. Sanctuary,"https://www.google.com/search?q=Siam+Singapore+International+School+Bangkok,+Chiang+Mai,+Phuket",lead-esl-0266
admissions@mahidol-university-internation.edu,Mahidol University International Demonstration School,Director of Early Years & Admissions,@mahidol-university-internation,Website,Pillar V: Multicultural & Bilingual Education,International School Early Division (International Early Years),Tier 1 (Macro / Institutional),Asia,"Thailand (Bangkok, Chiang Mai, Phuket)",International Early Years,94,"Established international school in Bangkok, Chiang Mai, Phuket, Thailand; seeking sensory and acoustic screen-free companions for early English immersion and kindergarten transitions.",Screen vs. Sensory; Testing vs. Arts; Institution vs. Sanctuary,"https://www.google.com/search?q=Mahidol+University+International+Demonstration+School+Bangkok,+Chiang+Mai,+Phuket",lead-esl-0267
admissions@carmel-school-hong-kong-carmel.edu,Carmel School Hong Kong (Carmel),Director of Early Years & Admissions,@carmel-school-hong-kong-carmel,Website,Pillar V: Multicultural & Bilingual Education,International School Early Division (IB PYP),Tier 1 (Macro / Institutional),Asia,Hong Kong (Hong Kong),IB PYP,94,"Established international school in Hong Kong, Hong Kong SAR; seeking sensory and acoustic screen-free companions for early English immersion and kindergarten transitions.",Screen vs. Sensory; Testing vs. Arts; Institution vs. Sanctuary,https://www.google.com/search?q=Carmel+School+Hong+Kong+(Carmel)+Hong+Kong,lead-esl-0268
admissions@french-international-school-of.edu,French International School of Hong Kong (FIS),Director of Early Years & Admissions,@french-international-school-of,Website,Pillar V: Multicultural & Bilingual Education,International School Early Division (IB PYP),Tier 1 (Macro / Institutional),Asia,Hong Kong (Hong Kong),IB PYP,94,"Established international school in Hong Kong, Hong Kong SAR; seeking sensory and acoustic screen-free companions for early English immersion and kindergarten transitions.",Screen vs. Sensory; Testing vs. Arts; Institution vs. Sanctuary,https://www.google.com/search?q=French+International+School+of+Hong+Kong+(FIS)+Hong+Kong,lead-esl-0269
admissions@german-swiss-international-sch.edu,German Swiss International School (GSIS),Director of Early Years & Admissions,@german-swiss-international-sch,Website,Pillar V: Multicultural & Bilingual Education,International School Early Division (IB PYP),Tier 1 (Macro / Institutional),Asia,Hong Kong (Hong Kong),IB PYP,94,"Established international school in Hong Kong, Hong Kong SAR; seeking sensory and acoustic screen-free companions for early English immersion and kindergarten transitions.",Screen vs. Sensory; Testing vs. Arts; Institution vs. Sanctuary,https://www.google.com/search?q=German+Swiss+International+School+(GSIS)+Hong+Kong,lead-esl-0270
admissions@international-montessori-schoo.edu,International Montessori School (IMS),Director of Early Years & Admissions,@international-montessori-schoo,Website,Pillar V: Multicultural & Bilingual Education,Premier Early Childhood Center (Montessori Early Years),Tier 1 (Macro / Institutional),Asia,Hong Kong (Hong Kong),Montessori Early Years,98,"Dedicated early learning institution in Hong Kong, Hong Kong SAR; prime partner for SOE 90–110 BPM acoustic rhythm, non-American phonemic clarity, and tactile screen-free workbooks.",Screen vs. Sensory; Testing vs. Arts; Institution vs. Sanctuary,https://www.google.com/search?q=International+Montessori+School+(IMS)+Hong+Kong,lead-esl-0271
admissions@kellett-school-kellett.edu,Kellett School (Kellett),Director of Early Years & Admissions,@kellett-school-kellett,Website,Pillar V: Multicultural & Bilingual Education,International School Early Division (British EYFS),Tier 1 (Macro / Institutional),Asia,Hong Kong (Hong Kong),British EYFS,94,"Established international school in Hong Kong, Hong Kong SAR; seeking sensory and acoustic screen-free companions for early English immersion and kindergarten transitions.",Screen vs. Sensory; Testing vs. Arts; Institution vs. Sanctuary,https://www.google.com/search?q=Kellett+School+(Kellett)+Hong+Kong,lead-esl-0272
admissions@glenealy-school-glenealy.edu,Glenealy School (Glenealy),Director of Early Years & Admissions,@glenealy-school-glenealy,Website,Pillar V: Multicultural & Bilingual Education,International School Early Division (IB PYP),Tier 1 (Macro / Institutional),Asia,Hong Kong (Hong Kong),IB PYP,94,"Established international school in Hong Kong, Hong Kong SAR; seeking sensory and acoustic screen-free companions for early English immersion and kindergarten transitions.",Screen vs. Sensory; Testing vs. Arts; Institution vs. Sanctuary,https://www.google.com/search?q=Glenealy+School+(Glenealy)+Hong+Kong,lead-esl-0273
admissions@island-school-island.edu,Island School (Island),Director of Early Years & Admissions,@island-school-island,Website,Pillar V: Multicultural & Bilingual Education,International School Early Division (IB PYP),Tier 1 (Macro / Institutional),Asia,Hong Kong (Hong Kong),IB PYP,94,"Established international school in Hong Kong, Hong Kong SAR; seeking sensory and acoustic screen-free companions for early English immersion and kindergarten transitions.",Screen vs. Sensory; Testing vs. Arts; Institution vs. Sanctuary,https://www.google.com/search?q=Island+School+(Island)+Hong+Kong,lead-esl-0274
admissions@peak-school-ps.edu,Peak School (PS),Director of Early Years & Admissions,@peak-school-ps,Website,Pillar V: Multicultural & Bilingual Education,International School Early Division (IB PYP),Tier 1 (Macro / Institutional),Asia,Hong Kong (Hong Kong),IB PYP,94,"Established international school in Hong Kong, Hong Kong SAR; seeking sensory and acoustic screen-free companions for early English immersion and kindergarten transitions.",Screen vs. Sensory; Testing vs. Arts; Institution vs. Sanctuary,https://www.google.com/search?q=Peak+School+(PS)+Hong+Kong,lead-esl-0275
admissions@st-paul-s-co-educational-colle.edu,St. Paul's Co-educational College (SPCC),Director of Early Years & Admissions,@st-paul-s-co-educational-colle,Website,Pillar V: Multicultural & Bilingual Education,International School Early Division (IB PYP),Tier 1 (Macro / Institutional),Asia,Hong Kong (Hong Kong),IB PYP,94,"Established international school in Hong Kong, Hong Kong SAR; seeking sensory and acoustic screen-free companions for early English immersion and kindergarten transitions.",Screen vs. Sensory; Testing vs. Arts; Institution vs. Sanctuary,https://www.google.com/search?q=St.+Paul's+Co-educational+College+(SPCC)+Hong+Kong,lead-esl-0276
admissions@st-paul-s-college-hong-kong-sp.edu,"St. Paul's College, Hong Kong (SPC)",Director of Early Years & Admissions,@st-paul-s-college-hong-kong-sp,Website,Pillar V: Multicultural & Bilingual Education,International School Early Division (International Early Years),Tier 1 (Macro / Institutional),Asia,Hong Kong (Hong Kong),International Early Years,94,"Established international school in Hong Kong, Hong Kong SAR; seeking sensory and acoustic screen-free companions for early English immersion and kindergarten transitions.",Screen vs. Sensory; Testing vs. Arts; Institution vs. Sanctuary,"https://www.google.com/search?q=St.+Paul's+College,+Hong+Kong+(SPC)+Hong+Kong",lead-esl-0277
admissions@chinese-international-school-c.edu,Chinese International School (CIS),Director of Early Years & Admissions,@chinese-international-school-c,Website,Pillar V: Multicultural & Bilingual Education,International School Early Division (IB PYP),Tier 1 (Macro / Institutional),Asia,Hong Kong (Hong Kong),IB PYP,94,"Established international school in Hong Kong, Hong Kong SAR; seeking sensory and acoustic screen-free companions for early English immersion and kindergarten transitions.",Screen vs. Sensory; Testing vs. Arts; Institution vs. Sanctuary,https://www.google.com/search?q=Chinese+International+School+(CIS)+Hong+Kong,lead-esl-0278
admissions@dsc-international-school-hong-.edu,"DSC International School, Hong Kong (DSC)",Director of Early Years & Admissions,@dsc-international-school-hong-,Website,Pillar V: Multicultural & Bilingual Education,International School Early Division (International Early Years),Tier 1 (Macro / Institutional),Asia,Hong Kong (Hong Kong),International Early Years,94,"Established international school in Hong Kong, Hong Kong SAR; seeking sensory and acoustic screen-free companions for early English immersion and kindergarten transitions.",Screen vs. Sensory; Testing vs. Arts; Institution vs. Sanctuary,"https://www.google.com/search?q=DSC+International+School,+Hong+Kong+(DSC)+Hong+Kong",lead-esl-0279
admissions@kiangsu-and-chekiang-primary-s.edu,Kiangsu and Chekiang Primary School (KCPS),Director of Early Years & Admissions,@kiangsu-and-chekiang-primary-s,Website,Pillar V: Multicultural & Bilingual Education,Premier Early Childhood Center (International Early Years),Tier 1 (Macro / Institutional),Asia,Hong Kong (Hong Kong),International Early Years,98,"Dedicated early learning institution in Hong Kong, Hong Kong SAR; prime partner for SOE 90–110 BPM acoustic rhythm, non-American phonemic clarity, and tactile screen-free workbooks.",Screen vs. Sensory; Testing vs. Arts; Institution vs. Sanctuary,https://www.google.com/search?q=Kiangsu+and+Chekiang+Primary+School+(KCPS)+Hong+Kong,lead-esl-0280
admissions@kiangsu-chekiang-college-inter.edu,"Kiangsu-Chekiang College, International Section (KCCIS)",Director of Early Years & Admissions,@kiangsu-chekiang-college-inter,Website,Pillar V: Multicultural & Bilingual Education,International School Early Division (IB PYP),Tier 1 (Macro / Institutional),Asia,Hong Kong (Hong Kong),IB PYP,94,"Established international school in Hong Kong, Hong Kong SAR; seeking sensory and acoustic screen-free companions for early English immersion and kindergarten transitions.",Screen vs. Sensory; Testing vs. Arts; Institution vs. Sanctuary,"https://www.google.com/search?q=Kiangsu-Chekiang+College,+International+Section+(KCCIS)+Hong+Kong",lead-esl-0281
admissions@korean-international-school-of.edu,Korean International School of Hong Kong (KIS),Director of Early Years & Admissions,@korean-international-school-of,Website,Pillar V: Multicultural & Bilingual Education,International School Early Division (British EYFS),Tier 1 (Macro / Institutional),Asia,Hong Kong (Hong Kong),British EYFS,94,"Established international school in Hong Kong, Hong Kong SAR; seeking sensory and acoustic screen-free companions for early English immersion and kindergarten transitions.",Screen vs. Sensory; Testing vs. Arts; Institution vs. Sanctuary,https://www.google.com/search?q=Korean+International+School+of+Hong+Kong+(KIS)+Hong+Kong,lead-esl-0282
admissions@quarry-bay-school-qbs.edu,Quarry Bay School (QBS),Director of Early Years & Admissions,@quarry-bay-school-qbs,Website,Pillar V: Multicultural & Bilingual Education,International School Early Division (IB PYP),Tier 1 (Macro / Institutional),Asia,Hong Kong (Hong Kong),IB PYP,94,"Established international school in Hong Kong, Hong Kong SAR; seeking sensory and acoustic screen-free companions for early English immersion and kindergarten transitions.",Screen vs. Sensory; Testing vs. Arts; Institution vs. Sanctuary,https://www.google.com/search?q=Quarry+Bay+School+(QBS)+Hong+Kong,lead-esl-0283
admissions@discovery-bay-international-sc.edu,Discovery Bay International School (DBIS),Director of Early Years & Admissions,@discovery-bay-international-sc,Website,Pillar V: Multicultural & Bilingual Education,International School Early Division (British EYFS),Tier 1 (Macro / Institutional),Asia,Hong Kong (Hong Kong),British EYFS,94,"Established international school in Hong Kong, Hong Kong SAR; seeking sensory and acoustic screen-free companions for early English immersion and kindergarten transitions.",Screen vs. Sensory; Testing vs. Arts; Institution vs. Sanctuary,https://www.google.com/search?q=Discovery+Bay+International+School+(DBIS)+Hong+Kong,lead-esl-0284
admissions@discovery-college-discovery.edu,Discovery College (Discovery),Director of Early Years & Admissions,@discovery-college-discovery,Website,Pillar V: Multicultural & Bilingual Education,International School Early Division (IB PYP),Tier 1 (Macro / Institutional),Asia,Hong Kong (Hong Kong),IB PYP,94,"Established international school in Hong Kong, Hong Kong SAR; seeking sensory and acoustic screen-free companions for early English immersion and kindergarten transitions.",Screen vs. Sensory; Testing vs. Arts; Institution vs. Sanctuary,https://www.google.com/search?q=Discovery+College+(Discovery)+Hong+Kong,lead-esl-0285
admissions@lantau-international-school-li.edu,Lantau International School (LIS),Director of Early Years & Admissions,@lantau-international-school-li,Website,Pillar V: Multicultural & Bilingual Education,International School Early Division (International Early Years),Tier 1 (Macro / Institutional),Asia,Hong Kong (Hong Kong),International Early Years,94,"Established international school in Hong Kong, Hong Kong SAR; seeking sensory and acoustic screen-free companions for early English immersion and kindergarten transitions.",Screen vs. Sensory; Testing vs. Arts; Institution vs. Sanctuary,https://www.google.com/search?q=Lantau+International+School+(LIS)+Hong+Kong,lead-esl-0286
admissions@ymca-of-hong-kong-christian-co.edu,YMCA of Hong Kong Christian College (YHKCC),Director of Early Years & Admissions,@ymca-of-hong-kong-christian-co,Website,Pillar V: Multicultural & Bilingual Education,International School Early Division (International Early Years),Tier 1 (Macro / Institutional),Asia,Hong Kong (Hong Kong),International Early Years,94,"Established international school in Hong Kong, Hong Kong SAR; seeking sensory and acoustic screen-free companions for early English immersion and kindergarten transitions.",Screen vs. Sensory; Testing vs. Arts; Institution vs. Sanctuary,https://www.google.com/search?q=YMCA+of+Hong+Kong+Christian+College+(YHKCC)+Hong+Kong,lead-esl-0287
admissions@american-international-school-.edu,American International School Hong Kong (AIS),Director of Early Years & Admissions,@american-international-school-,Website,Pillar V: Multicultural & Bilingual Education,International School Early Division (American Early Childhood),Tier 1 (Macro / Institutional),Asia,Hong Kong (Hong Kong),American Early Childhood,94,"Established international school in Hong Kong, Hong Kong SAR; seeking sensory and acoustic screen-free companions for early English immersion and kindergarten transitions.",Screen vs. Sensory; Testing vs. Arts; Institution vs. Sanctuary,https://www.google.com/search?q=American+International+School+Hong+Kong+(AIS)+Hong+Kong,lead-esl-0288
admissions@australian-international-schoo.edu,Australian International School Hong Kong (AISHK),Director of Early Years & Admissions,@australian-international-schoo,Website,Pillar V: Multicultural & Bilingual Education,International School Early Division (IB PYP),Tier 1 (Macro / Institutional),Asia,Hong Kong (Hong Kong),IB PYP,94,"Established international school in Hong Kong, Hong Kong SAR; seeking sensory and acoustic screen-free companions for early English immersion and kindergarten transitions.",Screen vs. Sensory; Testing vs. Arts; Institution vs. Sanctuary,https://www.google.com/search?q=Australian+International+School+Hong+Kong+(AISHK)+Hong+Kong,lead-esl-0289
admissions@beacon-hill-school-bhs.edu,Beacon Hill School (BHS),Director of Early Years & Admissions,@beacon-hill-school-bhs,Website,Pillar V: Multicultural & Bilingual Education,International School Early Division (IB PYP),Tier 1 (Macro / Institutional),Asia,Hong Kong (Hong Kong),IB PYP,94,"Established international school in Hong Kong, Hong Kong SAR; seeking sensory and acoustic screen-free companions for early English immersion and kindergarten transitions.",Screen vs. Sensory; Testing vs. Arts; Institution vs. Sanctuary,https://www.google.com/search?q=Beacon+Hill+School+(BHS)+Hong+Kong,lead-esl-0290
admissions@christian-alliance-p-c-lau-mem.edu,Christian Alliance P.C. Lau Memorial International School (CAPCL),Director of Early Years & Admissions,@christian-alliance-p-c-lau-mem,Website,Pillar V: Multicultural & Bilingual Education,International School Early Division (International Early Years),Tier 1 (Macro / Institutional),Asia,Hong Kong (Hong Kong),International Early Years,94,"Established international school in Hong Kong, Hong Kong SAR; seeking sensory and acoustic screen-free companions for early English immersion and kindergarten transitions.",Screen vs. Sensory; Testing vs. Arts; Institution vs. Sanctuary,https://www.google.com/search?q=Christian+Alliance+P.C.+Lau+Memorial+International+School+(CAPCL)+Hong+Kong,lead-esl-0291
admissions@jockey-club-sarah-roe-school-j.edu,Jockey Club Sarah Roe School (JCSRS),Director of Early Years & Admissions,@jockey-club-sarah-roe-school-j,Website,Pillar V: Multicultural & Bilingual Education,International School Early Division (International Early Years),Tier 1 (Macro / Institutional),Asia,Hong Kong (Hong Kong),International Early Years,94,"Established international school in Hong Kong, Hong Kong SAR; seeking sensory and acoustic screen-free companions for early English immersion and kindergarten transitions.",Screen vs. Sensory; Testing vs. Arts; Institution vs. Sanctuary,https://www.google.com/search?q=Jockey+Club+Sarah+Roe+School+(JCSRS)+Hong+Kong,lead-esl-0292
admissions@king-george-v-school-hong-kong.edu,"King George V School, Hong Kong (KGV)",Director of Early Years & Admissions,@king-george-v-school-hong-kong,Website,Pillar V: Multicultural & Bilingual Education,International School Early Division (IB PYP),Tier 1 (Macro / Institutional),Asia,Hong Kong (Hong Kong),IB PYP,94,"Established international school in Hong Kong, Hong Kong SAR; seeking sensory and acoustic screen-free companions for early English immersion and kindergarten transitions.",Screen vs. Sensory; Testing vs. Arts; Institution vs. Sanctuary,"https://www.google.com/search?q=King+George+V+School,+Hong+Kong+(KGV)+Hong+Kong",lead-esl-0293
admissions@kingston-international-school-.edu,Kingston International School (Kingston),Director of Early Years & Admissions,@kingston-international-school-,Website,Pillar V: Multicultural & Bilingual Education,International School Early Division (IB PYP),Tier 1 (Macro / Institutional),Asia,Hong Kong (Hong Kong),IB PYP,94,"Established international school in Hong Kong, Hong Kong SAR; seeking sensory and acoustic screen-free companions for early English immersion and kindergarten transitions.",Screen vs. Sensory; Testing vs. Arts; Institution vs. Sanctuary,https://www.google.com/search?q=Kingston+International+School+(Kingston)+Hong+Kong,lead-esl-0294
admissions@kowloon-junior-school-kjs.edu,Kowloon Junior School (KJS),Director of Early Years & Admissions,@kowloon-junior-school-kjs,Website,Pillar V: Multicultural & Bilingual Education,Premier Early Childhood Center (IB PYP),Tier 1 (Macro / Institutional),Asia,Hong Kong (Hong Kong),IB PYP,98,"Dedicated early learning institution in Hong Kong, Hong Kong SAR; prime partner for SOE 90–110 BPM acoustic rhythm, non-American phonemic clarity, and tactile screen-free workbooks.",Screen vs. Sensory; Testing vs. Arts; Institution vs. Sanctuary,https://www.google.com/search?q=Kowloon+Junior+School+(KJS)+Hong+Kong,lead-esl-0295
admissions@po-leung-kuk-ngan-po-ling-coll.edu,Po Leung Kuk Ngan Po Ling College (NPL),Director of Early Years & Admissions,@po-leung-kuk-ngan-po-ling-coll,Website,Pillar V: Multicultural & Bilingual Education,International School Early Division (IB PYP),Tier 1 (Macro / Institutional),Asia,Hong Kong (Hong Kong),IB PYP,94,"Established international school in Hong Kong, Hong Kong SAR; seeking sensory and acoustic screen-free companions for early English immersion and kindergarten transitions.",Screen vs. Sensory; Testing vs. Arts; Institution vs. Sanctuary,https://www.google.com/search?q=Po+Leung+Kuk+Ngan+Po+Ling+College+(NPL)+Hong+Kong,lead-esl-0296
admissions@stamford-american-school-hong-.edu,Stamford American School Hong Kong (SAIS),Director of Early Years & Admissions,@stamford-american-school-hong-,Website,Pillar V: Multicultural & Bilingual Education,International School Early Division (IB PYP),Tier 1 (Macro / Institutional),Asia,Hong Kong (Hong Kong),IB PYP,94,"Established international school in Hong Kong, Hong Kong SAR; seeking sensory and acoustic screen-free companions for early English immersion and kindergarten transitions.",Screen vs. Sensory; Testing vs. Arts; Institution vs. Sanctuary,https://www.google.com/search?q=Stamford+American+School+Hong+Kong+(SAIS)+Hong+Kong,lead-esl-0297
admissions@think-international-school-tis.edu,Think International School (TIS),Director of Early Years & Admissions,@think-international-school-tis,Website,Pillar V: Multicultural & Bilingual Education,International School Early Division (IB PYP),Tier 1 (Macro / Institutional),Asia,Hong Kong (Hong Kong),IB PYP,94,"Established international school in Hong Kong, Hong Kong SAR; seeking sensory and acoustic screen-free companions for early English immersion and kindergarten transitions.",Screen vs. Sensory; Testing vs. Arts; Institution vs. Sanctuary,https://www.google.com/search?q=Think+International+School+(TIS)+Hong+Kong,lead-esl-0298
admissions@yew-chung-international-school.edu,Yew Chung International School (YCIS),Director of Early Years & Admissions,@yew-chung-international-school,Website,Pillar V: Multicultural & Bilingual Education,International School Early Division (IB PYP),Tier 1 (Macro / Institutional),Asia,Hong Kong (Hong Kong),IB PYP,94,"Established international school in Hong Kong, Hong Kong SAR; seeking sensory and acoustic screen-free companions for early English immersion and kindergarten transitions.",Screen vs. Sensory; Testing vs. Arts; Institution vs. Sanctuary,https://www.google.com/search?q=Yew+Chung+International+School+(YCIS)+Hong+Kong,lead-esl-0299
admissions@nord-anglia-international-scho.edu,Nord Anglia International School Hong Kong (NAIS),Director of Early Years & Admissions,@nord-anglia-international-scho,Website,Pillar V: Multicultural & Bilingual Education,International School Early Division (IB PYP),Tier 1 (Macro / Institutional),Asia,Hong Kong (Hong Kong),IB PYP,94,"Established international school in Hong Kong, Hong Kong SAR; seeking sensory and acoustic screen-free companions for early English immersion and kindergarten transitions.",Screen vs. Sensory; Testing vs. Arts; Institution vs. Sanctuary,https://www.google.com/search?q=Nord+Anglia+International+School+Hong+Kong+(NAIS)+Hong+Kong,lead-esl-0300
admissions@united-christian-college-kowlo.edu,United Christian College (Kowloon East) (UCCKE),Director of Early Years & Admissions,@united-christian-college-kowlo,Website,Pillar V: Multicultural & Bilingual Education,International School Early Division (International Early Years),Tier 1 (Macro / Institutional),Asia,Hong Kong (Hong Kong),International Early Years,94,"Established international school in Hong Kong, Hong Kong SAR; seeking sensory and acoustic screen-free companions for early English immersion and kindergarten transitions.",Screen vs. Sensory; Testing vs. Arts; Institution vs. Sanctuary,https://www.google.com/search?q=United+Christian+College+(Kowloon+East)+(UCCKE)+Hong+Kong,lead-esl-0301
admissions@yk-pao-school-hong-kong-ykps.edu,YK Pao School Hong Kong (YKPS),Director of Early Years & Admissions,@yk-pao-school-hong-kong-ykps,Website,Pillar V: Multicultural & Bilingual Education,International School Early Division (IB PYP),Tier 1 (Macro / Institutional),Asia,Hong Kong (Hong Kong),IB PYP,94,"Established international school in Hong Kong, Hong Kong SAR; seeking sensory and acoustic screen-free companions for early English immersion and kindergarten transitions.",Screen vs. Sensory; Testing vs. Arts; Institution vs. Sanctuary,https://www.google.com/search?q=YK+Pao+School+Hong+Kong+(YKPS)+Hong+Kong,lead-esl-0302
admissions@international-college-hong-kon.edu,International College Hong Kong (ICHK),Director of Early Years & Admissions,@international-college-hong-kon,Website,Pillar V: Multicultural & Bilingual Education,International School Early Division (IB PYP),Tier 1 (Macro / Institutional),Asia,Hong Kong (Hong Kong),IB PYP,94,"Established international school in Hong Kong, Hong Kong SAR; seeking sensory and acoustic screen-free companions for early English immersion and kindergarten transitions.",Screen vs. Sensory; Testing vs. Arts; Institution vs. Sanctuary,https://www.google.com/search?q=International+College+Hong+Kong+(ICHK)+Hong+Kong,lead-esl-0303
admissions@clearwater-bay-school-cwbs.edu,Clearwater Bay School (CWBS),Director of Early Years & Admissions,@clearwater-bay-school-cwbs,Website,Pillar V: Multicultural & Bilingual Education,International School Early Division (IB PYP),Tier 1 (Macro / Institutional),Asia,Hong Kong (Hong Kong),IB PYP,94,"Established international school in Hong Kong, Hong Kong SAR; seeking sensory and acoustic screen-free companions for early English immersion and kindergarten transitions.",Screen vs. Sensory; Testing vs. Arts; Institution vs. Sanctuary,https://www.google.com/search?q=Clearwater+Bay+School+(CWBS)+Hong+Kong,lead-esl-0304
admissions@creative-secondary-school-css.edu,Creative Secondary School (CSS),Director of Early Years & Admissions,@creative-secondary-school-css,Website,Pillar V: Multicultural & Bilingual Education,International School Early Division (IB PYP),Tier 1 (Macro / Institutional),Asia,Hong Kong (Hong Kong),IB PYP,94,"Established international school in Hong Kong, Hong Kong SAR; seeking sensory and acoustic screen-free companions for early English immersion and kindergarten transitions.",Screen vs. Sensory; Testing vs. Arts; Institution vs. Sanctuary,https://www.google.com/search?q=Creative+Secondary+School+(CSS)+Hong+Kong,lead-esl-0305
admissions@g-t-ellen-yeung-college-gt.edu,G.T. (Ellen Yeung) College (GT),Director of Early Years & Admissions,@g-t-ellen-yeung-college-gt,Website,Pillar V: Multicultural & Bilingual Education,International School Early Division (IB PYP),Tier 1 (Macro / Institutional),Asia,Hong Kong (Hong Kong),IB PYP,94,"Established international school in Hong Kong, Hong Kong SAR; seeking sensory and acoustic screen-free companions for early English immersion and kindergarten transitions.",Screen vs. Sensory; Testing vs. Arts; Institution vs. Sanctuary,https://www.google.com/search?q=G.T.+(Ellen+Yeung)+College+(GT)+Hong+Kong,lead-esl-0306
admissions@hong-kong-academy-hka.edu,Hong Kong Academy (HKA),Director of Early Years & Admissions,@hong-kong-academy-hka,Website,Pillar V: Multicultural & Bilingual Education,International School Early Division (IB PYP),Tier 1 (Macro / Institutional),Asia,Hong Kong (Hong Kong),IB PYP,94,"Established international school in Hong Kong, Hong Kong SAR; seeking sensory and acoustic screen-free companions for early English immersion and kindergarten transitions.",Screen vs. Sensory; Testing vs. Arts; Institution vs. Sanctuary,https://www.google.com/search?q=Hong+Kong+Academy+(HKA)+Hong+Kong,lead-esl-0307
admissions@hong-kong-chinese-christian-ch.edu,Hong Kong Chinese Christian Churches Union Logos Academy (HKCCCULA),Director of Early Years & Admissions,@hong-kong-chinese-christian-ch,Website,Pillar V: Multicultural & Bilingual Education,International School Early Division (IB PYP),Tier 1 (Macro / Institutional),Asia,Hong Kong (Hong Kong),IB PYP,94,"Established international school in Hong Kong, Hong Kong SAR; seeking sensory and acoustic screen-free companions for early English immersion and kindergarten transitions.",Screen vs. Sensory; Testing vs. Arts; Institution vs. Sanctuary,https://www.google.com/search?q=Hong+Kong+Chinese+Christian+Churches+Union+Logos+Academy+(HKCCCULA)+Hong+Kong,lead-esl-0308
admissions@shrewsbury-international-schoo.edu,Shrewsbury International School Hong Kong (Shrewsbury),Director of Early Years & Admissions,@shrewsbury-international-schoo,Website,Pillar V: Multicultural & Bilingual Education,International School Early Division (International Early Years),Tier 1 (Macro / Institutional),Asia,Hong Kong (Hong Kong),International Early Years,94,"Established international school in Hong Kong, Hong Kong SAR; seeking sensory and acoustic screen-free companions for early English immersion and kindergarten transitions.",Screen vs. Sensory; Testing vs. Arts; Institution vs. Sanctuary,https://www.google.com/search?q=Shrewsbury+International+School+Hong+Kong+(Shrewsbury)+Hong+Kong,lead-esl-0309
admissions@hong-kong-baptist-university-a.edu,Hong Kong Baptist University Affiliated School Wong Kam Fai Secondary and Primary School (HKBUAS),Director of Early Years & Admissions,@hong-kong-baptist-university-a,Website,Pillar V: Multicultural & Bilingual Education,Premier Early Childhood Center (International Early Years),Tier 1 (Macro / Institutional),Asia,Hong Kong (Hong Kong),International Early Years,98,"Dedicated early learning institution in Hong Kong, Hong Kong SAR; prime partner for SOE 90–110 BPM acoustic rhythm, non-American phonemic clarity, and tactile screen-free workbooks.",Screen vs. Sensory; Testing vs. Arts; Institution vs. Sanctuary,https://www.google.com/search?q=Hong+Kong+Baptist+University+Affiliated+School+Wong+Kam+Fai+Secondary+and+Primary+School+(HKBUAS)+Hong+Kong,lead-esl-0310
admissions@international-christian-school.edu,International Christian School (Hong Kong) (ICS),Director of Early Years & Admissions,@international-christian-school,Website,Pillar V: Multicultural & Bilingual Education,International School Early Division (American Early Childhood),Tier 1 (Macro / Institutional),Asia,Hong Kong (Hong Kong),American Early Childhood,94,"Established international school in Hong Kong, Hong Kong SAR; seeking sensory and acoustic screen-free companions for early English immersion and kindergarten transitions.",Screen vs. Sensory; Testing vs. Arts; Institution vs. Sanctuary,https://www.google.com/search?q=International+Christian+School+(Hong+Kong)+(ICS)+Hong+Kong,lead-esl-0311
admissions@li-po-chun-united-world-colleg.edu,Li Po Chun United World College (LPCUWC),Director of Early Years & Admissions,@li-po-chun-united-world-colleg,Website,Pillar V: Multicultural & Bilingual Education,International School Early Division (IB PYP),Tier 1 (Macro / Institutional),Asia,Hong Kong (Hong Kong),IB PYP,94,"Established international school in Hong Kong, Hong Kong SAR; seeking sensory and acoustic screen-free companions for early English immersion and kindergarten transitions.",Screen vs. Sensory; Testing vs. Arts; Institution vs. Sanctuary,https://www.google.com/search?q=Li+Po+Chun+United+World+College+(LPCUWC)+Hong+Kong,lead-esl-0312
admissions@pui-kiu-college-pkc.edu,Pui Kiu College (PKC),Director of Early Years & Admissions,@pui-kiu-college-pkc,Website,Pillar V: Multicultural & Bilingual Education,International School Early Division (International Early Years),Tier 1 (Macro / Institutional),Asia,Hong Kong (Hong Kong),International Early Years,94,"Established international school in Hong Kong, Hong Kong SAR; seeking sensory and acoustic screen-free companions for early English immersion and kindergarten transitions.",Screen vs. Sensory; Testing vs. Arts; Institution vs. Sanctuary,https://www.google.com/search?q=Pui+Kiu+College+(PKC)+Hong+Kong,lead-esl-0313
admissions@renaissance-college-rchk.edu,Renaissance College (RCHK),Director of Early Years & Admissions,@renaissance-college-rchk,Website,Pillar V: Multicultural & Bilingual Education,International School Early Division (IB PYP),Tier 1 (Macro / Institutional),Asia,Hong Kong (Hong Kong),IB PYP,94,"Established international school in Hong Kong, Hong Kong SAR; seeking sensory and acoustic screen-free companions for early English immersion and kindergarten transitions.",Screen vs. Sensory; Testing vs. Arts; Institution vs. Sanctuary,https://www.google.com/search?q=Renaissance+College+(RCHK)+Hong+Kong,lead-esl-0314
admissions@sha-tin-college-stc.edu,Sha Tin College (STC),Director of Early Years & Admissions,@sha-tin-college-stc,Website,Pillar V: Multicultural & Bilingual Education,International School Early Division (IB PYP),Tier 1 (Macro / Institutional),Asia,Hong Kong (Hong Kong),IB PYP,94,"Established international school in Hong Kong, Hong Kong SAR; seeking sensory and acoustic screen-free companions for early English immersion and kindergarten transitions.",Screen vs. Sensory; Testing vs. Arts; Institution vs. Sanctuary,https://www.google.com/search?q=Sha+Tin+College+(STC)+Hong+Kong,lead-esl-0315
admissions@sha-tin-junior-school-sjs.edu,Sha Tin Junior School (SJS),Director of Early Years & Admissions,@sha-tin-junior-school-sjs,Website,Pillar V: Multicultural & Bilingual Education,Premier Early Childhood Center (IB PYP),Tier 1 (Macro / Institutional),Asia,Hong Kong (Hong Kong),IB PYP,98,"Dedicated early learning institution in Hong Kong, Hong Kong SAR; prime partner for SOE 90–110 BPM acoustic rhythm, non-American phonemic clarity, and tactile screen-free workbooks.",Screen vs. Sensory; Testing vs. Arts; Institution vs. Sanctuary,https://www.google.com/search?q=Sha+Tin+Junior+School+(SJS)+Hong+Kong,lead-esl-0316
admissions@stewards-pooi-kei-college-spkc.edu,Stewards Pooi Kei College (SPKC),Director of Early Years & Admissions,@stewards-pooi-kei-college-spkc,Website,Pillar V: Multicultural & Bilingual Education,International School Early Division (International Early Years),Tier 1 (Macro / Institutional),Asia,Hong Kong (Hong Kong),International Early Years,94,"Established international school in Hong Kong, Hong Kong SAR; seeking sensory and acoustic screen-free companions for early English immersion and kindergarten transitions.",Screen vs. Sensory; Testing vs. Arts; Institution vs. Sanctuary,https://www.google.com/search?q=Stewards+Pooi+Kei+College+(SPKC)+Hong+Kong,lead-esl-0317
admissions@christian-alliance-internation.edu,Christian Alliance International School (CAIS),Director of Early Years & Admissions,@christian-alliance-internation,Website,Pillar V: Multicultural & Bilingual Education,International School Early Division (IB PYP),Tier 1 (Macro / Institutional),Asia,Hong Kong (Hong Kong),IB PYP,94,"Established international school in Hong Kong, Hong Kong SAR; seeking sensory and acoustic screen-free companions for early English immersion and kindergarten transitions.",Screen vs. Sensory; Testing vs. Arts; Institution vs. Sanctuary,https://www.google.com/search?q=Christian+Alliance+International+School+(CAIS)+Hong+Kong,lead-esl-0318
admissions@concordia-international-school.edu,Concordia International School (Concordia),Director of Early Years & Admissions,@concordia-international-school,Website,Pillar V: Multicultural & Bilingual Education,International School Early Division (American Early Childhood),Tier 1 (Macro / Institutional),Asia,Hong Kong (Hong Kong),American Early Childhood,94,"Established international school in Hong Kong, Hong Kong SAR; seeking sensory and acoustic screen-free companions for early English immersion and kindergarten transitions.",Screen vs. Sensory; Testing vs. Arts; Institution vs. Sanctuary,https://www.google.com/search?q=Concordia+International+School+(Concordia)+Hong+Kong,lead-esl-0319
admissions@delia-memorial-school-glee-pat.edu,Delia Memorial School (Glee Path) (DMSGP),Director of Early Years & Admissions,@delia-memorial-school-glee-pat,Website,Pillar V: Multicultural & Bilingual Education,International School Early Division (IB PYP),Tier 1 (Macro / Institutional),Asia,Hong Kong (Hong Kong),IB PYP,94,"Established international school in Hong Kong, Hong Kong SAR; seeking sensory and acoustic screen-free companions for early English immersion and kindergarten transitions.",Screen vs. Sensory; Testing vs. Arts; Institution vs. Sanctuary,https://www.google.com/search?q=Delia+Memorial+School+(Glee+Path)+(DMSGP)+Hong+Kong,lead-esl-0320
admissions@po-leung-kuk-choi-kai-yau-scho.edu,Po Leung Kuk Choi Kai Yau School (CKY),Director of Early Years & Admissions,@po-leung-kuk-choi-kai-yau-scho,Website,Pillar V: Multicultural & Bilingual Education,International School Early Division (IB PYP),Tier 1 (Macro / Institutional),Asia,Hong Kong (Hong Kong),IB PYP,94,"Established international school in Hong Kong, Hong Kong SAR; seeking sensory and acoustic screen-free companions for early English immersion and kindergarten transitions.",Screen vs. Sensory; Testing vs. Arts; Institution vs. Sanctuary,https://www.google.com/search?q=Po+Leung+Kuk+Choi+Kai+Yau+School+(CKY)+Hong+Kong,lead-esl-0321
admissions@tsung-tsin-christian-academy-t.edu,Tsung Tsin Christian Academy (TTCA),Director of Early Years & Admissions,@tsung-tsin-christian-academy-t,Website,Pillar V: Multicultural & Bilingual Education,International School Early Division (International Early Years),Tier 1 (Macro / Institutional),Asia,Hong Kong (Hong Kong),International Early Years,94,"Established international school in Hong Kong, Hong Kong SAR; seeking sensory and acoustic screen-free companions for early English immersion and kindergarten transitions.",Screen vs. Sensory; Testing vs. Arts; Institution vs. Sanctuary,https://www.google.com/search?q=Tsung+Tsin+Christian+Academy+(TTCA)+Hong+Kong,lead-esl-0322
admissions@canadian-international-school-.edu,Canadian International School of Hong Kong (CDNIS),Director of Early Years & Admissions,@canadian-international-school-,Website,Pillar V: Multicultural & Bilingual Education,International School Early Division (IB PYP),Tier 1 (Macro / Institutional),Asia,Hong Kong (Hong Kong),IB PYP,94,"Established international school in Hong Kong, Hong Kong SAR; seeking sensory and acoustic screen-free companions for early English immersion and kindergarten transitions.",Screen vs. Sensory; Testing vs. Arts; Institution vs. Sanctuary,https://www.google.com/search?q=Canadian+International+School+of+Hong+Kong+(CDNIS)+Hong+Kong,lead-esl-0323
admissions@hong-kong-international-school.edu,Hong Kong International School (HKIS),Director of Early Years & Admissions,@hong-kong-international-school,Website,Pillar V: Multicultural & Bilingual Education,International School Early Division (American Early Childhood),Tier 1 (Macro / Institutional),Asia,Hong Kong (Hong Kong),American Early Childhood,94,"Established international school in Hong Kong, Hong Kong SAR; seeking sensory and acoustic screen-free companions for early English immersion and kindergarten transitions.",Screen vs. Sensory; Testing vs. Arts; Institution vs. Sanctuary,https://www.google.com/search?q=Hong+Kong+International+School+(HKIS)+Hong+Kong,lead-esl-0324
admissions@independent-schools-foundation.edu,Independent Schools Foundation Academy (ISF),Director of Early Years & Admissions,@independent-schools-foundation,Website,Pillar V: Multicultural & Bilingual Education,International School Early Division (IB PYP),Tier 1 (Macro / Institutional),Asia,Hong Kong (Hong Kong),IB PYP,94,"Established international school in Hong Kong, Hong Kong SAR; seeking sensory and acoustic screen-free companions for early English immersion and kindergarten transitions.",Screen vs. Sensory; Testing vs. Arts; Institution vs. Sanctuary,https://www.google.com/search?q=Independent+Schools+Foundation+Academy+(ISF)+Hong+Kong,lead-esl-0325
admissions@kennedy-school-kennedy.edu,Kennedy School (Kennedy),Director of Early Years & Admissions,@kennedy-school-kennedy,Website,Pillar V: Multicultural & Bilingual Education,International School Early Division (IB PYP),Tier 1 (Macro / Institutional),Asia,Hong Kong (Hong Kong),IB PYP,94,"Established international school in Hong Kong, Hong Kong SAR; seeking sensory and acoustic screen-free companions for early English immersion and kindergarten transitions.",Screen vs. Sensory; Testing vs. Arts; Institution vs. Sanctuary,https://www.google.com/search?q=Kennedy+School+(Kennedy)+Hong+Kong,lead-esl-0326
admissions@singapore-international-school.edu,Singapore International School (SISHK),Director of Early Years & Admissions,@singapore-international-school,Website,Pillar V: Multicultural & Bilingual Education,International School Early Division (IB PYP),Tier 1 (Macro / Institutional),Asia,Hong Kong (Hong Kong),IB PYP,94,"Established international school in Hong Kong, Hong Kong SAR; seeking sensory and acoustic screen-free companions for early English immersion and kindergarten transitions.",Screen vs. Sensory; Testing vs. Arts; Institution vs. Sanctuary,https://www.google.com/search?q=Singapore+International+School+(SISHK)+Hong+Kong,lead-esl-0327
admissions@south-island-school-sis.edu,South Island School (SIS),Director of Early Years & Admissions,@south-island-school-sis,Website,Pillar V: Multicultural & Bilingual Education,International School Early Division (IB PYP),Tier 1 (Macro / Institutional),Asia,Hong Kong (Hong Kong),IB PYP,94,"Established international school in Hong Kong, Hong Kong SAR; seeking sensory and acoustic screen-free companions for early English immersion and kindergarten transitions.",Screen vs. Sensory; Testing vs. Arts; Institution vs. Sanctuary,https://www.google.com/search?q=South+Island+School+(SIS)+Hong+Kong,lead-esl-0328
admissions@st-stephen-s-college-hong-kong.edu,St Stephen's College (Hong Kong) (SSC),Director of Early Years & Admissions,@st-stephen-s-college-hong-kong,Website,Pillar V: Multicultural & Bilingual Education,International School Early Division (IB PYP),Tier 1 (Macro / Institutional),Asia,Hong Kong (Hong Kong),IB PYP,94,"Established international school in Hong Kong, Hong Kong SAR; seeking sensory and acoustic screen-free companions for early English immersion and kindergarten transitions.",Screen vs. Sensory; Testing vs. Arts; Institution vs. Sanctuary,https://www.google.com/search?q=St+Stephen's+College+(Hong+Kong)+(SSC)+Hong+Kong,lead-esl-0329
admissions@the-harbour-school-ths.edu,The Harbour School (THS),Director of Early Years & Admissions,@the-harbour-school-ths,Website,Pillar V: Multicultural & Bilingual Education,International School Early Division (American Early Childhood),Tier 1 (Macro / Institutional),Asia,Hong Kong (Hong Kong),American Early Childhood,94,"Established international school in Hong Kong, Hong Kong SAR; seeking sensory and acoustic screen-free companions for early English immersion and kindergarten transitions.",Screen vs. Sensory; Testing vs. Arts; Institution vs. Sanctuary,https://www.google.com/search?q=The+Harbour+School+(THS)+Hong+Kong,lead-esl-0330
admissions@victoria-shanghai-academy-vsa.edu,Victoria Shanghai Academy (VSA),Director of Early Years & Admissions,@victoria-shanghai-academy-vsa,Website,Pillar V: Multicultural & Bilingual Education,International School Early Division (IB PYP),Tier 1 (Macro / Institutional),Asia,Hong Kong (Hong Kong),IB PYP,94,"Established international school in Hong Kong, Hong Kong SAR; seeking sensory and acoustic screen-free companions for early English immersion and kindergarten transitions.",Screen vs. Sensory; Testing vs. Arts; Institution vs. Sanctuary,https://www.google.com/search?q=Victoria+Shanghai+Academy+(VSA)+Hong+Kong,lead-esl-0331
admissions@west-island-school-wis.edu,West Island School (WIS),Director of Early Years & Admissions,@west-island-school-wis,Website,Pillar V: Multicultural & Bilingual Education,International School Early Division (IB PYP),Tier 1 (Macro / Institutional),Asia,Hong Kong (Hong Kong),IB PYP,94,"Established international school in Hong Kong, Hong Kong SAR; seeking sensory and acoustic screen-free companions for early English immersion and kindergarten transitions.",Screen vs. Sensory; Testing vs. Arts; Institution vs. Sanctuary,https://www.google.com/search?q=West+Island+School+(WIS)+Hong+Kong,lead-esl-0332
admissions@american-school-hong-kong-ashk.edu,American School Hong Kong (ASHK),Director of Early Years & Admissions,@american-school-hong-kong-ashk,Website,Pillar V: Multicultural & Bilingual Education,International School Early Division (IB PYP),Tier 1 (Macro / Institutional),Asia,Hong Kong (Hong Kong),IB PYP,94,"Established international school in Hong Kong, Hong Kong SAR; seeking sensory and acoustic screen-free companions for early English immersion and kindergarten transitions.",Screen vs. Sensory; Testing vs. Arts; Institution vs. Sanctuary,https://www.google.com/search?q=American+School+Hong+Kong+(ASHK)+Hong+Kong,lead-esl-0333
admissions@international-college-hong-kon.edu,International College Hong Kong Hong Lok Yuen (ICHK HLY),Director of Early Years & Admissions,@international-college-hong-kon,Website,Pillar V: Multicultural & Bilingual Education,International School Early Division (IB PYP),Tier 1 (Macro / Institutional),Asia,Hong Kong (Hong Kong),IB PYP,94,"Established international school in Hong Kong, Hong Kong SAR; seeking sensory and acoustic screen-free companions for early English immersion and kindergarten transitions.",Screen vs. Sensory; Testing vs. Arts; Institution vs. Sanctuary,https://www.google.com/search?q=International+College+Hong+Kong+Hong+Lok+Yuen+(ICHK+HLY)+Hong+Kong,lead-esl-0334
admissions@japanese-international-school-.edu,Japanese International School (JIS),Director of Early Years & Admissions,@japanese-international-school-,Website,Pillar V: Multicultural & Bilingual Education,International School Early Division (IB PYP),Tier 1 (Macro / Institutional),Asia,Hong Kong (Hong Kong),IB PYP,94,"Established international school in Hong Kong, Hong Kong SAR; seeking sensory and acoustic screen-free companions for early English immersion and kindergarten transitions.",Screen vs. Sensory; Testing vs. Arts; Institution vs. Sanctuary,https://www.google.com/search?q=Japanese+International+School+(JIS)+Hong+Kong,lead-esl-0335
admissions@malvern-college-hong-kong-mchk.edu,Malvern College Hong Kong (MCHK),Director of Early Years & Admissions,@malvern-college-hong-kong-mchk,Website,Pillar V: Multicultural & Bilingual Education,International School Early Division (IB PYP),Tier 1 (Macro / Institutional),Asia,Hong Kong (Hong Kong),IB PYP,94,"Established international school in Hong Kong, Hong Kong SAR; seeking sensory and acoustic screen-free companions for early English immersion and kindergarten transitions.",Screen vs. Sensory; Testing vs. Arts; Institution vs. Sanctuary,https://www.google.com/search?q=Malvern+College+Hong+Kong+(MCHK)+Hong+Kong,lead-esl-0336
admissions@norwegian-international-school.edu,Norwegian International School (NIS),Director of Early Years & Admissions,@norwegian-international-school,Website,Pillar V: Multicultural & Bilingual Education,International School Early Division (IB PYP),Tier 1 (Macro / Institutional),Asia,Hong Kong (Hong Kong),IB PYP,94,"Established international school in Hong Kong, Hong Kong SAR; seeking sensory and acoustic screen-free companions for early English immersion and kindergarten transitions.",Screen vs. Sensory; Testing vs. Arts; Institution vs. Sanctuary,https://www.google.com/search?q=Norwegian+International+School+(NIS)+Hong+Kong,lead-esl-0337
admissions@sear-rogers-international-scho.edu,Sear Rogers International School (SRIS),Director of Early Years & Admissions,@sear-rogers-international-scho,Website,Pillar V: Multicultural & Bilingual Education,International School Early Division (British EYFS),Tier 1 (Macro / Institutional),Asia,Hong Kong (Hong Kong),British EYFS,94,"Established international school in Hong Kong, Hong Kong SAR; seeking sensory and acoustic screen-free companions for early English immersion and kindergarten transitions.",Screen vs. Sensory; Testing vs. Arts; Institution vs. Sanctuary,https://www.google.com/search?q=Sear+Rogers+International+School+(SRIS)+Hong+Kong,lead-esl-0338
admissions@harrow-international-school-ho.edu,Harrow International School Hong Kong (HISHK),Director of Early Years & Admissions,@harrow-international-school-ho,Website,Pillar V: Multicultural & Bilingual Education,International School Early Division (British EYFS),Tier 1 (Macro / Institutional),Asia,Hong Kong (Hong Kong),British EYFS,94,"Established international school in Hong Kong, Hong Kong SAR; seeking sensory and acoustic screen-free companions for early English immersion and kindergarten transitions.",Screen vs. Sensory; Testing vs. Arts; Institution vs. Sanctuary,https://www.google.com/search?q=Harrow+International+School+Hong+Kong+(HISHK)+Hong+Kong,lead-esl-0339
admissions@bradbury-school-bradbury.edu,Bradbury School (Bradbury),Director of Early Years & Admissions,@bradbury-school-bradbury,Website,Pillar V: Multicultural & Bilingual Education,International School Early Division (IB PYP),Tier 1 (Macro / Institutional),Asia,Hong Kong (Hong Kong),IB PYP,94,"Established international school in Hong Kong, Hong Kong SAR; seeking sensory and acoustic screen-free companions for early English immersion and kindergarten transitions.",Screen vs. Sensory; Testing vs. Arts; Institution vs. Sanctuary,https://www.google.com/search?q=Bradbury+School+(Bradbury)+Hong+Kong,lead-esl-0340
admissions@dalton-school-hong-kong-dshk.edu,Dalton School Hong Kong (DSHK),Director of Early Years & Admissions,@dalton-school-hong-kong-dshk,Website,Pillar V: Multicultural & Bilingual Education,International School Early Division (International Early Years),Tier 1 (Macro / Institutional),Asia,Hong Kong (Hong Kong),International Early Years,94,"Established international school in Hong Kong, Hong Kong SAR; seeking sensory and acoustic screen-free companions for early English immersion and kindergarten transitions.",Screen vs. Sensory; Testing vs. Arts; Institution vs. Sanctuary,https://www.google.com/search?q=Dalton+School+Hong+Kong+(DSHK)+Hong+Kong,lead-esl-0341
admissions@hong-kong-japanese-school-hkjs.edu,Hong Kong Japanese School (HKJS),Director of Early Years & Admissions,@hong-kong-japanese-school-hkjs,Website,Pillar V: Multicultural & Bilingual Education,International School Early Division (American Early Childhood),Tier 1 (Macro / Institutional),Asia,Hong Kong (Hong Kong),American Early Childhood,94,"Established international school in Hong Kong, Hong Kong SAR; seeking sensory and acoustic screen-free companions for early English immersion and kindergarten transitions.",Screen vs. Sensory; Testing vs. Arts; Institution vs. Sanctuary,https://www.google.com/search?q=Hong+Kong+Japanese+School+(HKJS)+Hong+Kong,lead-esl-0342
admissions@st-paul-s-convent-school-spcs.edu,St. Paul's Convent School (SPCS),Director of Early Years & Admissions,@st-paul-s-convent-school-spcs,Website,Pillar V: Multicultural & Bilingual Education,International School Early Division (International Early Years),Tier 1 (Macro / Institutional),Asia,Hong Kong (Hong Kong),International Early Years,94,"Established international school in Hong Kong, Hong Kong SAR; seeking sensory and acoustic screen-free companions for early English immersion and kindergarten transitions.",Screen vs. Sensory; Testing vs. Arts; Institution vs. Sanctuary,https://www.google.com/search?q=St.+Paul's+Convent+School+(SPCS)+Hong+Kong,lead-esl-0343
admissions@international-christian-qualit.edu,International Christian Quality Music Secondary and Primary School (ICQM),Director of Early Years & Admissions,@international-christian-qualit,Website,Pillar V: Multicultural & Bilingual Education,Premier Early Childhood Center (International Early Years),Tier 1 (Macro / Institutional),Asia,Hong Kong (Hong Kong),International Early Years,98,"Dedicated early learning institution in Hong Kong, Hong Kong SAR; prime partner for SOE 90–110 BPM acoustic rhythm, non-American phonemic clarity, and tactile screen-free workbooks.",Screen vs. Sensory; Testing vs. Arts; Institution vs. Sanctuary,https://www.google.com/search?q=International+Christian+Quality+Music+Secondary+and+Primary+School+(ICQM)+Hong+Kong,lead-esl-0344
admissions@diocesan-boys-school-dbs.edu,Diocesan Boys' School (DBS),Director of Early Years & Admissions,@diocesan-boys-school-dbs,Website,Pillar V: Multicultural & Bilingual Education,International School Early Division (IB PYP),Tier 1 (Macro / Institutional),Asia,Hong Kong (Hong Kong),IB PYP,94,"Established international school in Hong Kong, Hong Kong SAR; seeking sensory and acoustic screen-free companions for early English immersion and kindergarten transitions.",Screen vs. Sensory; Testing vs. Arts; Institution vs. Sanctuary,https://www.google.com/search?q=Diocesan+Boys'+School+(DBS)+Hong+Kong,lead-esl-0345
admissions@diocesan-girls-school-dgs.edu,Diocesan Girls' School (DGS),Director of Early Years & Admissions,@diocesan-girls-school-dgs,Website,Pillar V: Multicultural & Bilingual Education,International School Early Division (International Early Years),Tier 1 (Macro / Institutional),Asia,Hong Kong (Hong Kong),International Early Years,94,"Established international school in Hong Kong, Hong Kong SAR; seeking sensory and acoustic screen-free companions for early English immersion and kindergarten transitions.",Screen vs. Sensory; Testing vs. Arts; Institution vs. Sanctuary,https://www.google.com/search?q=Diocesan+Girls'+School+(DGS)+Hong+Kong,lead-esl-0346
admissions@elchk-lutheran-academy-luac.edu,ELCHK Lutheran Academy (LUAC),Director of Early Years & Admissions,@elchk-lutheran-academy-luac,Website,Pillar V: Multicultural & Bilingual Education,International School Early Division (IB PYP),Tier 1 (Macro / Institutional),Asia,Hong Kong (Hong Kong),IB PYP,94,"Established international school in Hong Kong, Hong Kong SAR; seeking sensory and acoustic screen-free companions for early English immersion and kindergarten transitions.",Screen vs. Sensory; Testing vs. Arts; Institution vs. Sanctuary,https://www.google.com/search?q=ELCHK+Lutheran+Academy+(LUAC)+Hong+Kong,lead-esl-0347
admissions@hkfyg-lee-shau-kee-college-hlc.edu,HKFYG Lee Shau Kee College (HLC),Director of Early Years & Admissions,@hkfyg-lee-shau-kee-college-hlc,Website,Pillar V: Multicultural & Bilingual Education,International School Early Division (International Early Years),Tier 1 (Macro / Institutional),Asia,Hong Kong (Hong Kong),International Early Years,94,"Established international school in Hong Kong, Hong Kong SAR; seeking sensory and acoustic screen-free companions for early English immersion and kindergarten transitions.",Screen vs. Sensory; Testing vs. Arts; Institution vs. Sanctuary,https://www.google.com/search?q=HKFYG+Lee+Shau+Kee+College+(HLC)+Hong+Kong,lead-esl-0348
admissions@kowloon-british-school-kbs.edu,Kowloon British School (KBS),Director of Early Years & Admissions,@kowloon-british-school-kbs,Website,Pillar V: Multicultural & Bilingual Education,International School Early Division (British EYFS),Tier 1 (Macro / Institutional),Asia,Hong Kong (Hong Kong),British EYFS,94,"Established international school in Hong Kong, Hong Kong SAR; seeking sensory and acoustic screen-free companions for early English immersion and kindergarten transitions.",Screen vs. Sensory; Testing vs. Arts; Institution vs. Sanctuary,https://www.google.com/search?q=Kowloon+British+School+(KBS)+Hong+Kong,lead-esl-0349
admissions@st-george-s-school-hong-kong-s.edu,"St George's School, Hong Kong (SGS)",Director of Early Years & Admissions,@st-george-s-school-hong-kong-s,Website,Pillar V: Multicultural & Bilingual Education,International School Early Division (British EYFS),Tier 1 (Macro / Institutional),Asia,Hong Kong (Hong Kong),British EYFS,94,"Established international school in Hong Kong, Hong Kong SAR; seeking sensory and acoustic screen-free companions for early English immersion and kindergarten transitions.",Screen vs. Sensory; Testing vs. Arts; Institution vs. Sanctuary,"https://www.google.com/search?q=St+George's+School,+Hong+Kong+(SGS)+Hong+Kong",lead-esl-0350
admissions@hsinchu-american-school.edu,Hsinchu American School,Director of Early Years & Admissions,@hsinchu-american-school,Website,Pillar V: Multicultural & Bilingual Education,International School Early Division (American Early Childhood),Tier 1 (Macro / Institutional),Asia,Taiwan (Taipei & Major Cities),American Early Childhood,94,"Established international school in Taipei & Major Cities, Taiwan; seeking sensory and acoustic screen-free companions for early English immersion and kindergarten transitions.",Screen vs. Sensory; Testing vs. Arts; Institution vs. Sanctuary,https://www.google.com/search?q=Hsinchu+American+School+Taipei+&+Major+Cities,lead-esl-0351
admissions@hsinchu-international-academy-.edu,Hsinchu International Academy (HIA),Director of Early Years & Admissions,@hsinchu-international-academy-,Website,Pillar V: Multicultural & Bilingual Education,International School Early Division (IB PYP),Tier 1 (Macro / Institutional),Asia,Taiwan (Taipei & Major Cities),IB PYP,94,"Established international school in Taipei & Major Cities, Taiwan; seeking sensory and acoustic screen-free companions for early English immersion and kindergarten transitions.",Screen vs. Sensory; Testing vs. Arts; Institution vs. Sanctuary,https://www.google.com/search?q=Hsinchu+International+Academy+(HIA)+Taipei+&+Major+Cities,lead-esl-0352
admissions@international-bilingual-school.edu,International Bilingual School at Hsinchu Science Park,Director of Early Years & Admissions,@international-bilingual-school,Website,Pillar V: Multicultural & Bilingual Education,International School Early Division (Dual-Language Immersion),Tier 1 (Macro / Institutional),Asia,Taiwan (Taipei & Major Cities),Dual-Language Immersion,94,"Established international school in Taipei & Major Cities, Taiwan; seeking sensory and acoustic screen-free companions for early English immersion and kindergarten transitions.",Screen vs. Sensory; Testing vs. Arts; Institution vs. Sanctuary,https://www.google.com/search?q=International+Bilingual+School+at+Hsinchu+Science+Park+Taipei+&+Major+Cities,lead-esl-0353
admissions@pacific-american-school.edu,Pacific American School,Director of Early Years & Admissions,@pacific-american-school,Website,Pillar V: Multicultural & Bilingual Education,International School Early Division (American Early Childhood),Tier 1 (Macro / Institutional),Asia,Taiwan (Taipei & Major Cities),American Early Childhood,94,"Established international school in Taipei & Major Cities, Taiwan; seeking sensory and acoustic screen-free companions for early English immersion and kindergarten transitions.",Screen vs. Sensory; Testing vs. Arts; Institution vs. Sanctuary,https://www.google.com/search?q=Pacific+American+School+Taipei+&+Major+Cities,lead-esl-0354
admissions@hsinchu-international-school.edu,Hsinchu International School,Director of Early Years & Admissions,@hsinchu-international-school,Website,Pillar V: Multicultural & Bilingual Education,International School Early Division (IB PYP),Tier 1 (Macro / Institutional),Asia,Taiwan (Taipei & Major Cities),IB PYP,94,"Established international school in Taipei & Major Cities, Taiwan; seeking sensory and acoustic screen-free companions for early English immersion and kindergarten transitions.",Screen vs. Sensory; Testing vs. Arts; Institution vs. Sanctuary,https://www.google.com/search?q=Hsinchu+International+School+Taipei+&+Major+Cities,lead-esl-0355
admissions@hsinchu-county-american-school.edu,Hsinchu County American School,Director of Early Years & Admissions,@hsinchu-county-american-school,Website,Pillar V: Multicultural & Bilingual Education,International School Early Division (American Early Childhood),Tier 1 (Macro / Institutional),Asia,Taiwan (Taipei & Major Cities),American Early Childhood,94,"Established international school in Taipei & Major Cities, Taiwan; seeking sensory and acoustic screen-free companions for early English immersion and kindergarten transitions.",Screen vs. Sensory; Testing vs. Arts; Institution vs. Sanctuary,https://www.google.com/search?q=Hsinchu+County+American+School+Taipei+&+Major+Cities,lead-esl-0356
admissions@dominican-international-school.edu,Dominican International School Kaohsiung,Director of Early Years & Admissions,@dominican-international-school,Website,Pillar V: Multicultural & Bilingual Education,International School Early Division (IB PYP),Tier 1 (Macro / Institutional),Asia,Taiwan (Taipei & Major Cities),IB PYP,94,"Established international school in Taipei & Major Cities, Taiwan; seeking sensory and acoustic screen-free companions for early English immersion and kindergarten transitions.",Screen vs. Sensory; Testing vs. Arts; Institution vs. Sanctuary,https://www.google.com/search?q=Dominican+International+School+Kaohsiung+Taipei+&+Major+Cities,lead-esl-0357
admissions@i-shou-international-school.edu,I-Shou International School,Director of Early Years & Admissions,@i-shou-international-school,Website,Pillar V: Multicultural & Bilingual Education,International School Early Division (IB PYP),Tier 1 (Macro / Institutional),Asia,Taiwan (Taipei & Major Cities),IB PYP,94,"Established international school in Taipei & Major Cities, Taiwan; seeking sensory and acoustic screen-free companions for early English immersion and kindergarten transitions.",Screen vs. Sensory; Testing vs. Arts; Institution vs. Sanctuary,https://www.google.com/search?q=I-Shou+International+School+Taipei+&+Major+Cities,lead-esl-0358
admissions@kaohsiung-american-school.edu,Kaohsiung American School,Director of Early Years & Admissions,@kaohsiung-american-school,Website,Pillar V: Multicultural & Bilingual Education,International School Early Division (American Early Childhood),Tier 1 (Macro / Institutional),Asia,Taiwan (Taipei & Major Cities),American Early Childhood,94,"Established international school in Taipei & Major Cities, Taiwan; seeking sensory and acoustic screen-free companions for early English immersion and kindergarten transitions.",Screen vs. Sensory; Testing vs. Arts; Institution vs. Sanctuary,https://www.google.com/search?q=Kaohsiung+American+School+Taipei+&+Major+Cities,lead-esl-0359
admissions@morrison-academy-kaohsiung.edu,Morrison Academy Kaohsiung,Director of Early Years & Admissions,@morrison-academy-kaohsiung,Website,Pillar V: Multicultural & Bilingual Education,International School Early Division (IB PYP),Tier 1 (Macro / Institutional),Asia,Taiwan (Taipei & Major Cities),IB PYP,94,"Established international school in Taipei & Major Cities, Taiwan; seeking sensory and acoustic screen-free companions for early English immersion and kindergarten transitions.",Screen vs. Sensory; Testing vs. Arts; Institution vs. Sanctuary,https://www.google.com/search?q=Morrison+Academy+Kaohsiung+Taipei+&+Major+Cities,lead-esl-0360
admissions@taiwan-adventist-international.edu,Taiwan Adventist International School,Director of Early Years & Admissions,@taiwan-adventist-international,Website,Pillar V: Multicultural & Bilingual Education,International School Early Division (IB PYP),Tier 1 (Macro / Institutional),Asia,Taiwan (Taipei & Major Cities),IB PYP,94,"Established international school in Taipei & Major Cities, Taiwan; seeking sensory and acoustic screen-free companions for early English immersion and kindergarten transitions.",Screen vs. Sensory; Testing vs. Arts; Institution vs. Sanctuary,https://www.google.com/search?q=Taiwan+Adventist+International+School+Taipei+&+Major+Cities,lead-esl-0361
admissions@asia-american-international-ac.edu,Asia American International Academy,Director of Early Years & Admissions,@asia-american-international-ac,Website,Pillar V: Multicultural & Bilingual Education,International School Early Division (American Early Childhood),Tier 1 (Macro / Institutional),Asia,Taiwan (Taipei & Major Cities),American Early Childhood,94,"Established international school in Taipei & Major Cities, Taiwan; seeking sensory and acoustic screen-free companions for early English immersion and kindergarten transitions.",Screen vs. Sensory; Testing vs. Arts; Institution vs. Sanctuary,https://www.google.com/search?q=Asia+American+International+Academy+Taipei+&+Major+Cities,lead-esl-0362
admissions@kang-chiao-international-schoo.edu,Kang Chiao International School,Director of Early Years & Admissions,@kang-chiao-international-schoo,Website,Pillar V: Multicultural & Bilingual Education,International School Early Division (Dual-Language Immersion),Tier 1 (Macro / Institutional),Asia,Taiwan (Taipei & Major Cities),Dual-Language Immersion,94,"Established international school in Taipei & Major Cities, Taiwan; seeking sensory and acoustic screen-free companions for early English immersion and kindergarten transitions.",Screen vs. Sensory; Testing vs. Arts; Institution vs. Sanctuary,https://www.google.com/search?q=Kang+Chiao+International+School+Taipei+&+Major+Cities,lead-esl-0363
admissions@morrison-academy.edu,Morrison Academy,Director of Early Years & Admissions,@morrison-academy,Website,Pillar V: Multicultural & Bilingual Education,International School Early Division (IB PYP),Tier 1 (Macro / Institutional),Asia,Taiwan (Taipei & Major Cities),IB PYP,94,"Established international school in Taipei & Major Cities, Taiwan; seeking sensory and acoustic screen-free companions for early English immersion and kindergarten transitions.",Screen vs. Sensory; Testing vs. Arts; Institution vs. Sanctuary,https://www.google.com/search?q=Morrison+Academy+Taipei+&+Major+Cities,lead-esl-0364
admissions@american-school-in-taichung.edu,American School in Taichung,Director of Early Years & Admissions,@american-school-in-taichung,Website,Pillar V: Multicultural & Bilingual Education,International School Early Division (American Early Childhood),Tier 1 (Macro / Institutional),Asia,Taiwan (Taipei & Major Cities),American Early Childhood,94,"Established international school in Taipei & Major Cities, Taiwan; seeking sensory and acoustic screen-free companions for early English immersion and kindergarten transitions.",Screen vs. Sensory; Testing vs. Arts; Institution vs. Sanctuary,https://www.google.com/search?q=American+School+in+Taichung+Taipei+&+Major+Cities,lead-esl-0365
admissions@ivy-collegiate-academy.edu,Ivy Collegiate Academy,Director of Early Years & Admissions,@ivy-collegiate-academy,Website,Pillar V: Multicultural & Bilingual Education,International School Early Division (IB PYP),Tier 1 (Macro / Institutional),Asia,Taiwan (Taipei & Major Cities),IB PYP,94,"Established international school in Taipei & Major Cities, Taiwan; seeking sensory and acoustic screen-free companions for early English immersion and kindergarten transitions.",Screen vs. Sensory; Testing vs. Arts; Institution vs. Sanctuary,https://www.google.com/search?q=Ivy+Collegiate+Academy+Taipei+&+Major+Cities,lead-esl-0366
admissions@dominican-international-school.edu,Dominican International School,Director of Early Years & Admissions,@dominican-international-school,Website,Pillar V: Multicultural & Bilingual Education,International School Early Division (IB PYP),Tier 1 (Macro / Institutional),Asia,Taiwan (Taipei & Major Cities),IB PYP,94,"Established international school in Taipei & Major Cities, Taiwan; seeking sensory and acoustic screen-free companions for early English immersion and kindergarten transitions.",Screen vs. Sensory; Testing vs. Arts; Institution vs. Sanctuary,https://www.google.com/search?q=Dominican+International+School+Taipei+&+Major+Cities,lead-esl-0367
admissions@taipei-adventist-american-scho.edu,Taipei Adventist American School,Director of Early Years & Admissions,@taipei-adventist-american-scho,Website,Pillar V: Multicultural & Bilingual Education,International School Early Division (American Early Childhood),Tier 1 (Macro / Institutional),Asia,Taiwan (Taipei & Major Cities),American Early Childhood,94,"Established international school in Taipei & Major Cities, Taiwan; seeking sensory and acoustic screen-free companions for early English immersion and kindergarten transitions.",Screen vs. Sensory; Testing vs. Arts; Institution vs. Sanctuary,https://www.google.com/search?q=Taipei+Adventist+American+School+Taipei+&+Major+Cities,lead-esl-0368
admissions@taipei-american-school.edu,Taipei American School,Director of Early Years & Admissions,@taipei-american-school,Website,Pillar V: Multicultural & Bilingual Education,International School Early Division (American Early Childhood),Tier 1 (Macro / Institutional),Asia,Taiwan (Taipei & Major Cities),American Early Childhood,94,"Established international school in Taipei & Major Cities, Taiwan; seeking sensory and acoustic screen-free companions for early English immersion and kindergarten transitions.",Screen vs. Sensory; Testing vs. Arts; Institution vs. Sanctuary,https://www.google.com/search?q=Taipei+American+School+Taipei+&+Major+Cities,lead-esl-0369
admissions@taipei-european-school.edu,Taipei European School,Director of Early Years & Admissions,@taipei-european-school,Website,Pillar V: Multicultural & Bilingual Education,International School Early Division (British EYFS),Tier 1 (Macro / Institutional),Asia,Taiwan (Taipei & Major Cities),British EYFS,94,"Established international school in Taipei & Major Cities, Taiwan; seeking sensory and acoustic screen-free companions for early English immersion and kindergarten transitions.",Screen vs. Sensory; Testing vs. Arts; Institution vs. Sanctuary,https://www.google.com/search?q=Taipei+European+School+Taipei+&+Major+Cities,lead-esl-0370
admissions@taipei-international-christian.edu,Taipei International Christian Academy,Director of Early Years & Admissions,@taipei-international-christian,Website,Pillar V: Multicultural & Bilingual Education,International School Early Division (IB PYP),Tier 1 (Macro / Institutional),Asia,Taiwan (Taipei & Major Cities),IB PYP,94,"Established international school in Taipei & Major Cities, Taiwan; seeking sensory and acoustic screen-free companions for early English immersion and kindergarten transitions.",Screen vs. Sensory; Testing vs. Arts; Institution vs. Sanctuary,https://www.google.com/search?q=Taipei+International+Christian+Academy+Taipei+&+Major+Cities,lead-esl-0371
admissions@taipei-japanese-school.edu,Taipei Japanese School,Director of Early Years & Admissions,@taipei-japanese-school,Website,Pillar V: Multicultural & Bilingual Education,International School Early Division (IB PYP),Tier 1 (Macro / Institutional),Asia,Taiwan (Taipei & Major Cities),IB PYP,94,"Established international school in Taipei & Major Cities, Taiwan; seeking sensory and acoustic screen-free companions for early English immersion and kindergarten transitions.",Screen vs. Sensory; Testing vs. Arts; Institution vs. Sanctuary,https://www.google.com/search?q=Taipei+Japanese+School+Taipei+&+Major+Cities,lead-esl-0372
admissions@the-primacy-collegiate-academy.edu,The Primacy Collegiate Academy,Director of Early Years & Admissions,@the-primacy-collegiate-academy,Website,Pillar V: Multicultural & Bilingual Education,International School Early Division (IB PYP),Tier 1 (Macro / Institutional),Asia,Taiwan (Taipei & Major Cities),IB PYP,94,"Established international school in Taipei & Major Cities, Taiwan; seeking sensory and acoustic screen-free companions for early English immersion and kindergarten transitions.",Screen vs. Sensory; Testing vs. Arts; Institution vs. Sanctuary,https://www.google.com/search?q=The+Primacy+Collegiate+Academy+Taipei+&+Major+Cities,lead-esl-0373
admissions@taoyuan-american-school.edu,Taoyuan American School,Director of Early Years & Admissions,@taoyuan-american-school,Website,Pillar V: Multicultural & Bilingual Education,International School Early Division (American Early Childhood),Tier 1 (Macro / Institutional),Asia,Taiwan (Taipei & Major Cities),American Early Childhood,94,"Established international school in Taipei & Major Cities, Taiwan; seeking sensory and acoustic screen-free companions for early English immersion and kindergarten transitions.",Screen vs. Sensory; Testing vs. Arts; Institution vs. Sanctuary,https://www.google.com/search?q=Taoyuan+American+School+Taipei+&+Major+Cities,lead-esl-0374
admissions@ta-hwa-international-school.edu,Ta Hwa International School,Director of Early Years & Admissions,@ta-hwa-international-school,Website,Pillar V: Multicultural & Bilingual Education,International School Early Division (IB PYP),Tier 1 (Macro / Institutional),Asia,Taiwan (Taipei & Major Cities),IB PYP,94,"Established international school in Taipei & Major Cities, Taiwan; seeking sensory and acoustic screen-free companions for early English immersion and kindergarten transitions.",Screen vs. Sensory; Testing vs. Arts; Institution vs. Sanctuary,https://www.google.com/search?q=Ta+Hwa+International+School+Taipei+&+Major+Cities,lead-esl-0375
admissions@united-education-international.edu,United Education International School,Director of Early Years & Admissions,@united-education-international,Website,Pillar V: Multicultural & Bilingual Education,International School Early Division (IB PYP),Tier 1 (Macro / Institutional),Asia,Taiwan (Taipei & Major Cities),IB PYP,94,"Established international school in Taipei & Major Cities, Taiwan; seeking sensory and acoustic screen-free companions for early English immersion and kindergarten transitions.",Screen vs. Sensory; Testing vs. Arts; Institution vs. Sanctuary,https://www.google.com/search?q=United+Education+International+School+Taipei+&+Major+Cities,lead-esl-0376
admissions@victoria-academy.edu,Victoria Academy,Director of Early Years & Admissions,@victoria-academy,Website,Pillar V: Multicultural & Bilingual Education,International School Early Division (IB PYP),Tier 1 (Macro / Institutional),Asia,Taiwan (Taipei & Major Cities),IB PYP,94,"Established international school in Taipei & Major Cities, Taiwan; seeking sensory and acoustic screen-free companions for early English immersion and kindergarten transitions.",Screen vs. Sensory; Testing vs. Arts; Institution vs. Sanctuary,https://www.google.com/search?q=Victoria+Academy+Taipei+&+Major+Cities,lead-esl-0377
admissions@taiwan-portal.edu,Taiwan portal,Director of Early Years & Admissions,@taiwan-portal,Website,Pillar V: Multicultural & Bilingual Education,International School Early Division (IB PYP),Tier 2 (Community Connector),Asia,Taiwan (Taipei & Major Cities),IB PYP,94,"Established international school in Taipei & Major Cities, Taiwan; seeking sensory and acoustic screen-free companions for early English immersion and kindergarten transitions.",Screen vs. Sensory; Testing vs. Arts; Institution vs. Sanctuary,https://www.google.com/search?q=Taiwan+portal+Taipei+&+Major+Cities,lead-esl-0378
admissions@schools-portal.edu,Schools portal,Director of Early Years & Admissions,@schools-portal,Website,Pillar V: Multicultural & Bilingual Education,International School Early Division (IB PYP),Tier 1 (Macro / Institutional),Asia,Taiwan (Taipei & Major Cities),IB PYP,94,"Established international school in Taipei & Major Cities, Taiwan; seeking sensory and acoustic screen-free companions for early English immersion and kindergarten transitions.",Screen vs. Sensory; Testing vs. Arts; Institution vs. Sanctuary,https://www.google.com/search?q=Schools+portal+Taipei+&+Major+Cities,lead-esl-0379
admissions@education-in-taiwan.edu,Education in Taiwan,Director of Early Years & Admissions,@education-in-taiwan,Website,Pillar V: Multicultural & Bilingual Education,International School Early Division (IB PYP),Tier 2 (Community Connector),Asia,Taiwan (Taipei & Major Cities),IB PYP,94,"Established international school in Taipei & Major Cities, Taiwan; seeking sensory and acoustic screen-free companions for early English immersion and kindergarten transitions.",Screen vs. Sensory; Testing vs. Arts; Institution vs. Sanctuary,https://www.google.com/search?q=Education+in+Taiwan+Taipei+&+Major+Cities,lead-esl-0380
admissions@list-of-international-schools.edu,List of international schools,Director of Early Years & Admissions,@list-of-international-schools,Website,Pillar V: Multicultural & Bilingual Education,International School Early Division (IB PYP),Tier 1 (Macro / Institutional),Asia,Taiwan (Taipei & Major Cities),IB PYP,94,"Established international school in Taipei & Major Cities, Taiwan; seeking sensory and acoustic screen-free companions for early English immersion and kindergarten transitions.",Screen vs. Sensory; Testing vs. Arts; Institution vs. Sanctuary,https://www.google.com/search?q=List+of+international+schools+Taipei+&+Major+Cities,lead-esl-0381
admissions@list-of-schools-in-taiwan.edu,List of schools in Taiwan,Director of Early Years & Admissions,@list-of-schools-in-taiwan,Website,Pillar V: Multicultural & Bilingual Education,International School Early Division (IB PYP),Tier 1 (Macro / Institutional),Asia,Taiwan (Taipei & Major Cities),IB PYP,94,"Established international school in Taipei & Major Cities, Taiwan; seeking sensory and acoustic screen-free companions for early English immersion and kindergarten transitions.",Screen vs. Sensory; Testing vs. Arts; Institution vs. Sanctuary,https://www.google.com/search?q=List+of+schools+in+Taiwan+Taipei+&+Major+Cities,lead-esl-0382
admissions@morrison-academy-taipei-campus.edu,Morrison Academy Taipei Campus (Bethany),Director of Early Years & Admissions,@morrison-academy-taipei-campus,Website,Pillar V: Multicultural & Bilingual Education,International School Early Division (IB PYP),Tier 1 (Macro / Institutional),Asia,Taiwan (Taipei & Major Cities),IB PYP,94,"Established international school in Taipei & Major Cities, Taiwan; seeking sensory and acoustic screen-free companions for early English immersion and kindergarten transitions.",Screen vs. Sensory; Testing vs. Arts; Institution vs. Sanctuary,https://www.google.com/search?q=Morrison+Academy+Taipei+Campus+(Bethany)+Taipei+&+Major+Cities,lead-esl-0383
admissions@taichung-japanese-school.edu,Taichung Japanese School,Director of Early Years & Admissions,@taichung-japanese-school,Website,Pillar V: Multicultural & Bilingual Education,International School Early Division (IB PYP),Tier 1 (Macro / Institutional),Asia,Taiwan (Taipei & Major Cities),IB PYP,94,"Established international school in Taipei & Major Cities, Taiwan; seeking sensory and acoustic screen-free companions for early English immersion and kindergarten transitions.",Screen vs. Sensory; Testing vs. Arts; Institution vs. Sanctuary,https://www.google.com/search?q=Taichung+Japanese+School+Taipei+&+Major+Cities,lead-esl-0384
admissions@kaohsiung-japanese-school.edu,Kaohsiung Japanese School,Director of Early Years & Admissions,@kaohsiung-japanese-school,Website,Pillar V: Multicultural & Bilingual Education,International School Early Division (IB PYP),Tier 1 (Macro / Institutional),Asia,Taiwan (Taipei & Major Cities),IB PYP,94,"Established international school in Taipei & Major Cities, Taiwan; seeking sensory and acoustic screen-free companions for early English immersion and kindergarten transitions.",Screen vs. Sensory; Testing vs. Arts; Institution vs. Sanctuary,https://www.google.com/search?q=Kaohsiung+Japanese+School+Taipei+&+Major+Cities,lead-esl-0385
admissions@aisb-hope-international-previo.edu,AISB-Hope International (Previously Australian International School Beijing),Director of Early Years & Admissions,@aisb-hope-international-previo,Website,Pillar V: Multicultural & Bilingual Education,International School Early Division (American Early Childhood),Tier 1 (Macro / Institutional),Asia,China (Beijing),American Early Childhood,94,"Established international school in Beijing, China; seeking sensory and acoustic screen-free companions for early English immersion and kindergarten transitions.",Screen vs. Sensory; Testing vs. Arts; Institution vs. Sanctuary,https://www.google.com/search?q=AISB-Hope+International+(Previously+Australian+International+School+Beijing)+Beijing,lead-esl-0386
admissions@canadian-international-school-.edu,Canadian International School of Beijing,Director of Early Years & Admissions,@canadian-international-school-,Website,Pillar V: Multicultural & Bilingual Education,International School Early Division (IB PYP),Tier 1 (Macro / Institutional),Asia,China (Beijing),IB PYP,94,"Established international school in Beijing, China; seeking sensory and acoustic screen-free companions for early English immersion and kindergarten transitions.",Screen vs. Sensory; Testing vs. Arts; Institution vs. Sanctuary,https://www.google.com/search?q=Canadian+International+School+of+Beijing+Beijing,lead-esl-0387
admissions@lyc-e-fran-ais-international-c.edu,Lycée Français International Charles de Gaulle de Pékin,Director of Early Years & Admissions,@lyc-e-fran-ais-international-c,Website,Pillar V: Multicultural & Bilingual Education,International School Early Division (IB PYP),Tier 1 (Macro / Institutional),Asia,China (Beijing),IB PYP,94,"Established international school in Beijing, China; seeking sensory and acoustic screen-free companions for early English immersion and kindergarten transitions.",Screen vs. Sensory; Testing vs. Arts; Institution vs. Sanctuary,https://www.google.com/search?q=Lycée+Français+International+Charles+de+Gaulle+de+Pékin+Beijing,lead-esl-0388
admissions@deutsche-botschaftsschule-peki.edu,Deutsche Botschaftsschule Peking,Director of Early Years & Admissions,@deutsche-botschaftsschule-peki,Website,Pillar V: Multicultural & Bilingual Education,International School Early Division (IB PYP),Tier 2 (Community Connector),Asia,China (Beijing),IB PYP,94,"Established international school in Beijing, China; seeking sensory and acoustic screen-free companions for early English immersion and kindergarten transitions.",Screen vs. Sensory; Testing vs. Arts; Institution vs. Sanctuary,https://www.google.com/search?q=Deutsche+Botschaftsschule+Peking+Beijing,lead-esl-0389
admissions@japanese-school-of-beijing.edu,Japanese School of Beijing,Director of Early Years & Admissions,@japanese-school-of-beijing,Website,Pillar V: Multicultural & Bilingual Education,International School Early Division (IB PYP),Tier 1 (Macro / Institutional),Asia,China (Beijing),IB PYP,94,"Established international school in Beijing, China; seeking sensory and acoustic screen-free companions for early English immersion and kindergarten transitions.",Screen vs. Sensory; Testing vs. Arts; Institution vs. Sanctuary,https://www.google.com/search?q=Japanese+School+of+Beijing+Beijing,lead-esl-0390
admissions@korean-international-school-in.edu,Korean International School in Beijing,Director of Early Years & Admissions,@korean-international-school-in,Website,Pillar V: Multicultural & Bilingual Education,International School Early Division (IB PYP),Tier 1 (Macro / Institutional),Asia,China (Beijing),IB PYP,94,"Established international school in Beijing, China; seeking sensory and acoustic screen-free companions for early English immersion and kindergarten transitions.",Screen vs. Sensory; Testing vs. Arts; Institution vs. Sanctuary,https://www.google.com/search?q=Korean+International+School+in+Beijing+Beijing,lead-esl-0391
admissions@pakistan-embassy-college-beiji.edu,Pakistan Embassy College Beijing,Director of Early Years & Admissions,@pakistan-embassy-college-beiji,Website,Pillar V: Multicultural & Bilingual Education,International School Early Division (IB PYP),Tier 1 (Macro / Institutional),Asia,China (Beijing),IB PYP,94,"Established international school in Beijing, China; seeking sensory and acoustic screen-free companions for early English immersion and kindergarten transitions.",Screen vs. Sensory; Testing vs. Arts; Institution vs. Sanctuary,https://www.google.com/search?q=Pakistan+Embassy+College+Beijing+Beijing,lead-esl-0392
admissions@russian-embassy-school-in-beij.edu,Russian Embassy School in Beijing,Director of Early Years & Admissions,@russian-embassy-school-in-beij,Website,Pillar V: Multicultural & Bilingual Education,International School Early Division (IB PYP),Tier 1 (Macro / Institutional),Asia,China (Beijing),IB PYP,94,"Established international school in Beijing, China; seeking sensory and acoustic screen-free companions for early English immersion and kindergarten transitions.",Screen vs. Sensory; Testing vs. Arts; Institution vs. Sanctuary,https://www.google.com/search?q=Russian+Embassy+School+in+Beijing+Beijing,lead-esl-0393
admissions@british-school-of-beijing-sanl.edu,"British School of Beijing, Sanlitun",Director of Early Years & Admissions,@british-school-of-beijing-sanl,Website,Pillar V: Multicultural & Bilingual Education,International School Early Division (British EYFS),Tier 1 (Macro / Institutional),Asia,China (Beijing),British EYFS,94,"Established international school in Beijing, China; seeking sensory and acoustic screen-free companions for early English immersion and kindergarten transitions.",Screen vs. Sensory; Testing vs. Arts; Institution vs. Sanctuary,"https://www.google.com/search?q=British+School+of+Beijing,+Sanlitun+Beijing",lead-esl-0394
admissions@british-school-of-beijing-shun.edu,"British School of Beijing, Shunyi",Director of Early Years & Admissions,@british-school-of-beijing-shun,Website,Pillar V: Multicultural & Bilingual Education,International School Early Division (British EYFS),Tier 1 (Macro / Institutional),Asia,China (Beijing),British EYFS,94,"Established international school in Beijing, China; seeking sensory and acoustic screen-free companions for early English immersion and kindergarten transitions.",Screen vs. Sensory; Testing vs. Arts; Institution vs. Sanctuary,"https://www.google.com/search?q=British+School+of+Beijing,+Shunyi+Beijing",lead-esl-0395
admissions@dulwich-college-beijing.edu,Dulwich College Beijing,Director of Early Years & Admissions,@dulwich-college-beijing,Website,Pillar V: Multicultural & Bilingual Education,International School Early Division (British EYFS),Tier 1 (Macro / Institutional),Asia,China (Beijing),British EYFS,94,"Established international school in Beijing, China; seeking sensory and acoustic screen-free companions for early English immersion and kindergarten transitions.",Screen vs. Sensory; Testing vs. Arts; Institution vs. Sanctuary,https://www.google.com/search?q=Dulwich+College+Beijing+Beijing,lead-esl-0396
admissions@harrow-international-school-be.edu,Harrow International School Beijing,Director of Early Years & Admissions,@harrow-international-school-be,Website,Pillar V: Multicultural & Bilingual Education,International School Early Division (British EYFS),Tier 1 (Macro / Institutional),Asia,China (Beijing),British EYFS,94,"Established international school in Beijing, China; seeking sensory and acoustic screen-free companions for early English immersion and kindergarten transitions.",Screen vs. Sensory; Testing vs. Arts; Institution vs. Sanctuary,https://www.google.com/search?q=Harrow+International+School+Beijing+Beijing,lead-esl-0397
admissions@nord-anglia-school-beijing-fan.edu,"Nord Anglia School Beijing, Fangshan",Director of Early Years & Admissions,@nord-anglia-school-beijing-fan,Website,Pillar V: Multicultural & Bilingual Education,International School Early Division (IB PYP),Tier 1 (Macro / Institutional),Asia,China (Beijing),IB PYP,94,"Established international school in Beijing, China; seeking sensory and acoustic screen-free companions for early English immersion and kindergarten transitions.",Screen vs. Sensory; Testing vs. Arts; Institution vs. Sanctuary,"https://www.google.com/search?q=Nord+Anglia+School+Beijing,+Fangshan+Beijing",lead-esl-0398
admissions@international-school-of-beijin.edu,International School of Beijing,Director of Early Years & Admissions,@international-school-of-beijin,Website,Pillar V: Multicultural & Bilingual Education,International School Early Division (IB PYP),Tier 1 (Macro / Institutional),Asia,China (Beijing),IB PYP,94,"Established international school in Beijing, China; seeking sensory and acoustic screen-free companions for early English immersion and kindergarten transitions.",Screen vs. Sensory; Testing vs. Arts; Institution vs. Sanctuary,https://www.google.com/search?q=International+School+of+Beijing+Beijing,lead-esl-0399
admissions@beanstalk-international-biling.edu,Beanstalk International Bilingual School,Director of Early Years & Admissions,@beanstalk-international-biling,Website,Pillar V: Multicultural & Bilingual Education,International School Early Division (Dual-Language Immersion),Tier 1 (Macro / Institutional),Asia,China (Beijing),Dual-Language Immersion,94,"Established international school in Beijing, China; seeking sensory and acoustic screen-free companions for early English immersion and kindergarten transitions.",Screen vs. Sensory; Testing vs. Arts; Institution vs. Sanctuary,https://www.google.com/search?q=Beanstalk+International+Bilingual+School+Beijing,lead-esl-0400
admissions@beijing-concord-college-of-sin.edu,Beijing Concord College of Sino-Canada,Director of Early Years & Admissions,@beijing-concord-college-of-sin,Website,Pillar V: Multicultural & Bilingual Education,International School Early Division (IB PYP),Tier 1 (Macro / Institutional),Asia,China (Beijing),IB PYP,94,"Established international school in Beijing, China; seeking sensory and acoustic screen-free companions for early English immersion and kindergarten transitions.",Screen vs. Sensory; Testing vs. Arts; Institution vs. Sanctuary,https://www.google.com/search?q=Beijing+Concord+College+of+Sino-Canada+Beijing,lead-esl-0401
admissions@beijing-city-international-sch.edu,Beijing City International School,Director of Early Years & Admissions,@beijing-city-international-sch,Website,Pillar V: Multicultural & Bilingual Education,International School Early Division (IB PYP),Tier 1 (Macro / Institutional),Asia,China (Beijing),IB PYP,94,"Established international school in Beijing, China; seeking sensory and acoustic screen-free companions for early English immersion and kindergarten transitions.",Screen vs. Sensory; Testing vs. Arts; Institution vs. Sanctuary,https://www.google.com/search?q=Beijing+City+International+School+Beijing,lead-esl-0402
admissions@beijing-haidian-international-.edu,Beijing Haidian International School,Director of Early Years & Admissions,@beijing-haidian-international-,Website,Pillar V: Multicultural & Bilingual Education,International School Early Division (IB PYP),Tier 1 (Macro / Institutional),Asia,China (Beijing),IB PYP,94,"Established international school in Beijing, China; seeking sensory and acoustic screen-free companions for early English immersion and kindergarten transitions.",Screen vs. Sensory; Testing vs. Arts; Institution vs. Sanctuary,https://www.google.com/search?q=Beijing+Haidian+International+School+Beijing,lead-esl-0403
admissions@beijing-huijia-private-school.edu,Beijing Huijia Private School,Director of Early Years & Admissions,@beijing-huijia-private-school,Website,Pillar V: Multicultural & Bilingual Education,International School Early Division (IB PYP),Tier 1 (Macro / Institutional),Asia,China (Beijing),IB PYP,94,"Established international school in Beijing, China; seeking sensory and acoustic screen-free companions for early English immersion and kindergarten transitions.",Screen vs. Sensory; Testing vs. Arts; Institution vs. Sanctuary,https://www.google.com/search?q=Beijing+Huijia+Private+School+Beijing,lead-esl-0404
admissions@beijing-international-bilingua.edu,Beijing International Bilingual Academy,Director of Early Years & Admissions,@beijing-international-bilingua,Website,Pillar V: Multicultural & Bilingual Education,International School Early Division (Dual-Language Immersion),Tier 1 (Macro / Institutional),Asia,China (Beijing),Dual-Language Immersion,94,"Established international school in Beijing, China; seeking sensory and acoustic screen-free companions for early English immersion and kindergarten transitions.",Screen vs. Sensory; Testing vs. Arts; Institution vs. Sanctuary,https://www.google.com/search?q=Beijing+International+Bilingual+Academy+Beijing,lead-esl-0405
admissions@beijing-kinglong-international.edu,Beijing Kinglong International School,Director of Early Years & Admissions,@beijing-kinglong-international,Website,Pillar V: Multicultural & Bilingual Education,International School Early Division (IB PYP),Tier 1 (Macro / Institutional),Asia,China (Beijing),IB PYP,94,"Established international school in Beijing, China; seeking sensory and acoustic screen-free companions for early English immersion and kindergarten transitions.",Screen vs. Sensory; Testing vs. Arts; Institution vs. Sanctuary,https://www.google.com/search?q=Beijing+Kinglong+International+School+Beijing,lead-esl-0406
admissions@beijing-royal-school.edu,Beijing Royal School,Director of Early Years & Admissions,@beijing-royal-school,Website,Pillar V: Multicultural & Bilingual Education,International School Early Division (IB PYP),Tier 1 (Macro / Institutional),Asia,China (Beijing),IB PYP,94,"Established international school in Beijing, China; seeking sensory and acoustic screen-free companions for early English immersion and kindergarten transitions.",Screen vs. Sensory; Testing vs. Arts; Institution vs. Sanctuary,https://www.google.com/search?q=Beijing+Royal+School+Beijing,lead-esl-0407
admissions@beijing-shuren-ribet-private-s.edu,Beijing Shuren Ribet Private School,Director of Early Years & Admissions,@beijing-shuren-ribet-private-s,Website,Pillar V: Multicultural & Bilingual Education,International School Early Division (IB PYP),Tier 1 (Macro / Institutional),Asia,China (Beijing),IB PYP,94,"Established international school in Beijing, China; seeking sensory and acoustic screen-free companions for early English immersion and kindergarten transitions.",Screen vs. Sensory; Testing vs. Arts; Institution vs. Sanctuary,https://www.google.com/search?q=Beijing+Shuren+Ribet+Private+School+Beijing,lead-esl-0408
admissions@beijing-world-youth-academy.edu,Beijing World Youth Academy,Director of Early Years & Admissions,@beijing-world-youth-academy,Website,Pillar V: Multicultural & Bilingual Education,International School Early Division (IB PYP),Tier 1 (Macro / Institutional),Asia,China (Beijing),IB PYP,94,"Established international school in Beijing, China; seeking sensory and acoustic screen-free companions for early English immersion and kindergarten transitions.",Screen vs. Sensory; Testing vs. Arts; Institution vs. Sanctuary,https://www.google.com/search?q=Beijing+World+Youth+Academy+Beijing,lead-esl-0409
admissions@beijing-zhongguancun-internati.edu,Beijing Zhongguancun International School,Director of Early Years & Admissions,@beijing-zhongguancun-internati,Website,Pillar V: Multicultural & Bilingual Education,International School Early Division (IB PYP),Tier 1 (Macro / Institutional),Asia,China (Beijing),IB PYP,94,"Established international school in Beijing, China; seeking sensory and acoustic screen-free companions for early English immersion and kindergarten transitions.",Screen vs. Sensory; Testing vs. Arts; Institution vs. Sanctuary,https://www.google.com/search?q=Beijing+Zhongguancun+International+School+Beijing,lead-esl-0410
admissions@pennon-foreign-language-school.edu,"Pennon Foreign Language School, Beijing",Director of Early Years & Admissions,@pennon-foreign-language-school,Website,Pillar V: Multicultural & Bilingual Education,International School Early Division (IB PYP),Tier 1 (Macro / Institutional),Asia,China (Beijing),IB PYP,94,"Established international school in Beijing, China; seeking sensory and acoustic screen-free companions for early English immersion and kindergarten transitions.",Screen vs. Sensory; Testing vs. Arts; Institution vs. Sanctuary,"https://www.google.com/search?q=Pennon+Foreign+Language+School,+Beijing+Beijing",lead-esl-0411
admissions@the-international-school-of-co.edu,The International School of Collaborative Learning,Director of Early Years & Admissions,@the-international-school-of-co,Website,Pillar V: Multicultural & Bilingual Education,International School Early Division (IB PYP),Tier 1 (Macro / Institutional),Asia,China (Beijing),IB PYP,94,"Established international school in Beijing, China; seeking sensory and acoustic screen-free companions for early English immersion and kindergarten transitions.",Screen vs. Sensory; Testing vs. Arts; Institution vs. Sanctuary,https://www.google.com/search?q=The+International+School+of+Collaborative+Learning+Beijing,lead-esl-0412
admissions@springboard-international-bili.edu,Springboard International Bilingual School,Director of Early Years & Admissions,@springboard-international-bili,Website,Pillar V: Multicultural & Bilingual Education,International School Early Division (Dual-Language Immersion),Tier 1 (Macro / Institutional),Asia,China (Beijing),Dual-Language Immersion,94,"Established international school in Beijing, China; seeking sensory and acoustic screen-free companions for early English immersion and kindergarten transitions.",Screen vs. Sensory; Testing vs. Arts; Institution vs. Sanctuary,https://www.google.com/search?q=Springboard+International+Bilingual+School+Beijing,lead-esl-0413
admissions@beijing-keystone-academy.edu,Beijing Keystone Academy,Director of Early Years & Admissions,@beijing-keystone-academy,Website,Pillar V: Multicultural & Bilingual Education,International School Early Division (IB PYP),Tier 1 (Macro / Institutional),Asia,China (Beijing),IB PYP,94,"Established international school in Beijing, China; seeking sensory and acoustic screen-free companions for early English immersion and kindergarten transitions.",Screen vs. Sensory; Testing vs. Arts; Institution vs. Sanctuary,https://www.google.com/search?q=Beijing+Keystone+Academy+Beijing,lead-esl-0414
admissions@tsinghua-international-school.edu,Tsinghua International School,Director of Early Years & Admissions,@tsinghua-international-school,Website,Pillar V: Multicultural & Bilingual Education,International School Early Division (IB PYP),Tier 1 (Macro / Institutional),Asia,China (Beijing),IB PYP,94,"Established international school in Beijing, China; seeking sensory and acoustic screen-free companions for early English immersion and kindergarten transitions.",Screen vs. Sensory; Testing vs. Arts; Institution vs. Sanctuary,https://www.google.com/search?q=Tsinghua+International+School+Beijing,lead-esl-0415
admissions@western-academy-of-beijing.edu,Western Academy of Beijing,Director of Early Years & Admissions,@western-academy-of-beijing,Website,Pillar V: Multicultural & Bilingual Education,International School Early Division (IB PYP),Tier 1 (Macro / Institutional),Asia,China (Beijing),IB PYP,94,"Established international school in Beijing, China; seeking sensory and acoustic screen-free companions for early English immersion and kindergarten transitions.",Screen vs. Sensory; Testing vs. Arts; Institution vs. Sanctuary,https://www.google.com/search?q=Western+Academy+of+Beijing+Beijing,lead-esl-0416
admissions@yang-guang-qing-school-of-beij.edu,Yang Guang Qing School of Beijing,Director of Early Years & Admissions,@yang-guang-qing-school-of-beij,Website,Pillar V: Multicultural & Bilingual Education,International School Early Division (IB PYP),Tier 1 (Macro / Institutional),Asia,China (Beijing),IB PYP,94,"Established international school in Beijing, China; seeking sensory and acoustic screen-free companions for early English immersion and kindergarten transitions.",Screen vs. Sensory; Testing vs. Arts; Institution vs. Sanctuary,https://www.google.com/search?q=Yang+Guang+Qing+School+of+Beijing+Beijing,lead-esl-0417
admissions@yew-chung-international-school.edu,Yew Chung International School of Beijing,Director of Early Years & Admissions,@yew-chung-international-school,Website,Pillar V: Multicultural & Bilingual Education,International School Early Division (IB PYP),Tier 1 (Macro / Institutional),Asia,China (Beijing),IB PYP,94,"Established international school in Beijing, China; seeking sensory and acoustic screen-free companions for early English immersion and kindergarten transitions.",Screen vs. Sensory; Testing vs. Arts; Institution vs. Sanctuary,https://www.google.com/search?q=Yew+Chung+International+School+of+Beijing+Beijing,lead-esl-0418
admissions@yew-wah-international-educatio.edu,Yew Wah International Education School of Beijing,Director of Early Years & Admissions,@yew-wah-international-educatio,Website,Pillar V: Multicultural & Bilingual Education,International School Early Division (IB PYP),Tier 1 (Macro / Institutional),Asia,China (Beijing),IB PYP,94,"Established international school in Beijing, China; seeking sensory and acoustic screen-free companions for early English immersion and kindergarten transitions.",Screen vs. Sensory; Testing vs. Arts; Institution vs. Sanctuary,https://www.google.com/search?q=Yew+Wah+International+Education+School+of+Beijing+Beijing,lead-esl-0419
admissions@beijing-horizon-international-.edu,Beijing Horizon International School,Director of Early Years & Admissions,@beijing-horizon-international-,Website,Pillar V: Multicultural & Bilingual Education,International School Early Division (IB PYP),Tier 1 (Macro / Institutional),Asia,China (Beijing),IB PYP,94,"Established international school in Beijing, China; seeking sensory and acoustic screen-free companions for early English immersion and kindergarten transitions.",Screen vs. Sensory; Testing vs. Arts; Institution vs. Sanctuary,https://www.google.com/search?q=Beijing+Horizon+International+School+Beijing,lead-esl-0420
admissions@beijing-moonshot-academy.edu,Beijing Moonshot Academy,Director of Early Years & Admissions,@beijing-moonshot-academy,Website,Pillar V: Multicultural & Bilingual Education,International School Early Division (IB PYP),Tier 1 (Macro / Institutional),Asia,China (Beijing),IB PYP,94,"Established international school in Beijing, China; seeking sensory and acoustic screen-free companions for early English immersion and kindergarten transitions.",Screen vs. Sensory; Testing vs. Arts; Institution vs. Sanctuary,https://www.google.com/search?q=Beijing+Moonshot+Academy+Beijing,lead-esl-0421
admissions@beijing-jped-academy.edu,Beijing JPED Academy,Director of Early Years & Admissions,@beijing-jped-academy,Website,Pillar V: Multicultural & Bilingual Education,International School Early Division (IB PYP),Tier 1 (Macro / Institutional),Asia,China (Beijing),IB PYP,94,"Established international school in Beijing, China; seeking sensory and acoustic screen-free companions for early English immersion and kindergarten transitions.",Screen vs. Sensory; Testing vs. Arts; Institution vs. Sanctuary,https://www.google.com/search?q=Beijing+JPED+Academy+Beijing,lead-esl-0422
admissions@beijing-etu-school.edu,Beijing Etu School,Director of Early Years & Admissions,@beijing-etu-school,Website,Pillar V: Multicultural & Bilingual Education,International School Early Division (IB PYP),Tier 1 (Macro / Institutional),Asia,China (Beijing),IB PYP,94,"Established international school in Beijing, China; seeking sensory and acoustic screen-free companions for early English immersion and kindergarten transitions.",Screen vs. Sensory; Testing vs. Arts; Institution vs. Sanctuary,https://www.google.com/search?q=Beijing+Etu+School+Beijing,lead-esl-0423
admissions@aurora-boya-academy-of-beijing.edu,Aurora Boya Academy Of Beijing,Director of Early Years & Admissions,@aurora-boya-academy-of-beijing,Website,Pillar V: Multicultural & Bilingual Education,International School Early Division (IB PYP),Tier 1 (Macro / Institutional),Asia,China (Beijing),IB PYP,94,"Established international school in Beijing, China; seeking sensory and acoustic screen-free companions for early English immersion and kindergarten transitions.",Screen vs. Sensory; Testing vs. Arts; Institution vs. Sanctuary,https://www.google.com/search?q=Aurora+Boya+Academy+Of+Beijing+Beijing,lead-esl-0424
admissions@beijing-national-day-school.edu,Beijing National Day School,Director of Early Years & Admissions,@beijing-national-day-school,Website,Pillar V: Multicultural & Bilingual Education,International School Early Division (IB PYP),Tier 1 (Macro / Institutional),Asia,China (Beijing),IB PYP,94,"Established international school in Beijing, China; seeking sensory and acoustic screen-free companions for early English immersion and kindergarten transitions.",Screen vs. Sensory; Testing vs. Arts; Institution vs. Sanctuary,https://www.google.com/search?q=Beijing+National+Day+School+Beijing,lead-esl-0425
admissions@beijing-no-101-school.edu,Beijing No. 101 School,Director of Early Years & Admissions,@beijing-no-101-school,Website,Pillar V: Multicultural & Bilingual Education,International School Early Division (IB PYP),Tier 1 (Macro / Institutional),Asia,China (Beijing),IB PYP,94,"Established international school in Beijing, China; seeking sensory and acoustic screen-free companions for early English immersion and kindergarten transitions.",Screen vs. Sensory; Testing vs. Arts; Institution vs. Sanctuary,https://www.google.com/search?q=Beijing+No.+101+School+Beijing,lead-esl-0426
admissions@beijing-no-4-school.edu,Beijing No. 4 School,Director of Early Years & Admissions,@beijing-no-4-school,Website,Pillar V: Multicultural & Bilingual Education,International School Early Division (IB PYP),Tier 1 (Macro / Institutional),Asia,China (Beijing),IB PYP,94,"Established international school in Beijing, China; seeking sensory and acoustic screen-free companions for early English immersion and kindergarten transitions.",Screen vs. Sensory; Testing vs. Arts; Institution vs. Sanctuary,https://www.google.com/search?q=Beijing+No.+4+School+Beijing,lead-esl-0427
admissions@beijing-rdfz-international-cur.edu,Beijing RDFZ International Curriculum Center,Director of Early Years & Admissions,@beijing-rdfz-international-cur,Website,Pillar V: Multicultural & Bilingual Education,International School Early Division (IB PYP),Tier 1 (Macro / Institutional),Asia,China (Beijing),IB PYP,94,"Established international school in Beijing, China; seeking sensory and acoustic screen-free companions for early English immersion and kindergarten transitions.",Screen vs. Sensory; Testing vs. Arts; Institution vs. Sanctuary,https://www.google.com/search?q=Beijing+RDFZ+International+Curriculum+Center+Beijing,lead-esl-0428
admissions@beijing-korean-school.edu,Beijing Korean School,Director of Early Years & Admissions,@beijing-korean-school,Website,Pillar V: Multicultural & Bilingual Education,International School Early Division (IB PYP),Tier 1 (Macro / Institutional),Asia,China (Beijing),IB PYP,94,"Established international school in Beijing, China; seeking sensory and acoustic screen-free companions for early English immersion and kindergarten transitions.",Screen vs. Sensory; Testing vs. Arts; Institution vs. Sanctuary,https://www.google.com/search?q=Beijing+Korean+School+Beijing,lead-esl-0429
admissions@swedish-school-beijing.edu,Swedish School Beijing,Director of Early Years & Admissions,@swedish-school-beijing,Website,Pillar V: Multicultural & Bilingual Education,International School Early Division (IB PYP),Tier 1 (Macro / Institutional),Asia,China (Beijing),IB PYP,94,"Established international school in Beijing, China; seeking sensory and acoustic screen-free companions for early English immersion and kindergarten transitions.",Screen vs. Sensory; Testing vs. Arts; Institution vs. Sanctuary,https://www.google.com/search?q=Swedish+School+Beijing+Beijing,lead-esl-0430
admissions@beijing-saint-paul-american-sc.edu,Beijing Saint Paul American School,Director of Early Years & Admissions,@beijing-saint-paul-american-sc,Website,Pillar V: Multicultural & Bilingual Education,International School Early Division (American Early Childhood),Tier 1 (Macro / Institutional),Asia,China (Beijing),American Early Childhood,94,"Established international school in Beijing, China; seeking sensory and acoustic screen-free companions for early English immersion and kindergarten transitions.",Screen vs. Sensory; Testing vs. Arts; Institution vs. Sanctuary,https://www.google.com/search?q=Beijing+Saint+Paul+American+School+Beijing,lead-esl-0431
admissions@beijing-biss-international-sch.edu,Beijing BISS International School,Director of Early Years & Admissions,@beijing-biss-international-sch,Website,Pillar V: Multicultural & Bilingual Education,International School Early Division (IB PYP),Tier 1 (Macro / Institutional),Asia,China (Beijing),IB PYP,94,"Established international school in Beijing, China; seeking sensory and acoustic screen-free companions for early English immersion and kindergarten transitions.",Screen vs. Sensory; Testing vs. Arts; Institution vs. Sanctuary,https://www.google.com/search?q=Beijing+BISS+International+School+Beijing,lead-esl-0432
admissions@beijing-rego-british-school.edu,Beijing Rego British School,Director of Early Years & Admissions,@beijing-rego-british-school,Website,Pillar V: Multicultural & Bilingual Education,International School Early Division (British EYFS),Tier 1 (Macro / Institutional),Asia,China (Beijing),British EYFS,94,"Established international school in Beijing, China; seeking sensory and acoustic screen-free companions for early English immersion and kindergarten transitions.",Screen vs. Sensory; Testing vs. Arts; Institution vs. Sanctuary,https://www.google.com/search?q=Beijing+Rego+British+School+Beijing,lead-esl-0433
admissions@canadian-international-school.edu,Canadian International School,Director of Early Years & Admissions,@canadian-international-school,Website,Pillar V: Multicultural & Bilingual Education,International School Early Division (IB PYP),Tier 1 (Macro / Institutional),Asia,China (Beijing),IB PYP,94,"Established international school in Beijing, China; seeking sensory and acoustic screen-free companions for early English immersion and kindergarten transitions.",Screen vs. Sensory; Testing vs. Arts; Institution vs. Sanctuary,https://www.google.com/search?q=Canadian+International+School+Beijing,lead-esl-0434
admissions@deutsche-botschaftsschule.edu,Deutsche Botschaftsschule,Director of Early Years & Admissions,@deutsche-botschaftsschule,Website,Pillar V: Multicultural & Bilingual Education,International School Early Division (IB PYP),Tier 2 (Community Connector),Asia,China (Beijing),IB PYP,94,"Established international school in Beijing, China; seeking sensory and acoustic screen-free companions for early English immersion and kindergarten transitions.",Screen vs. Sensory; Testing vs. Arts; Institution vs. Sanctuary,https://www.google.com/search?q=Deutsche+Botschaftsschule+Beijing,lead-esl-0435
admissions@japanese-school.edu,Japanese School,Director of Early Years & Admissions,@japanese-school,Website,Pillar V: Multicultural & Bilingual Education,International School Early Division (IB PYP),Tier 1 (Macro / Institutional),Asia,China (Beijing),IB PYP,94,"Established international school in Beijing, China; seeking sensory and acoustic screen-free companions for early English immersion and kindergarten transitions.",Screen vs. Sensory; Testing vs. Arts; Institution vs. Sanctuary,https://www.google.com/search?q=Japanese+School+Beijing,lead-esl-0436
admissions@korean-international-school.edu,Korean International School,Director of Early Years & Admissions,@korean-international-school,Website,Pillar V: Multicultural & Bilingual Education,International School Early Division (IB PYP),Tier 1 (Macro / Institutional),Asia,China (Beijing),IB PYP,94,"Established international school in Beijing, China; seeking sensory and acoustic screen-free companions for early English immersion and kindergarten transitions.",Screen vs. Sensory; Testing vs. Arts; Institution vs. Sanctuary,https://www.google.com/search?q=Korean+International+School+Beijing,lead-esl-0437
admissions@pakistan-embassy-college.edu,Pakistan Embassy College,Director of Early Years & Admissions,@pakistan-embassy-college,Website,Pillar V: Multicultural & Bilingual Education,International School Early Division (IB PYP),Tier 1 (Macro / Institutional),Asia,China (Beijing),IB PYP,94,"Established international school in Beijing, China; seeking sensory and acoustic screen-free companions for early English immersion and kindergarten transitions.",Screen vs. Sensory; Testing vs. Arts; Institution vs. Sanctuary,https://www.google.com/search?q=Pakistan+Embassy+College+Beijing,lead-esl-0438
admissions@british-school-sanlitun-shunyi.edu,British School Sanlitun Shunyi,Director of Early Years & Admissions,@british-school-sanlitun-shunyi,Website,Pillar V: Multicultural & Bilingual Education,International School Early Division (British EYFS),Tier 1 (Macro / Institutional),Asia,China (Beijing),British EYFS,94,"Established international school in Beijing, China; seeking sensory and acoustic screen-free companions for early English immersion and kindergarten transitions.",Screen vs. Sensory; Testing vs. Arts; Institution vs. Sanctuary,https://www.google.com/search?q=British+School+Sanlitun+Shunyi+Beijing,lead-esl-0439
admissions@sanlitun.edu,Sanlitun,Director of Early Years & Admissions,@sanlitun,Website,Pillar V: Multicultural & Bilingual Education,International School Early Division (IB PYP),Tier 2 (Community Connector),Asia,China (Beijing),IB PYP,94,"Established international school in Beijing, China; seeking sensory and acoustic screen-free companions for early English immersion and kindergarten transitions.",Screen vs. Sensory; Testing vs. Arts; Institution vs. Sanctuary,https://www.google.com/search?q=Sanlitun+Beijing,lead-esl-0440
admissions@shunyi.edu,Shunyi,Director of Early Years & Admissions,@shunyi,Website,Pillar V: Multicultural & Bilingual Education,International School Early Division (IB PYP),Tier 2 (Community Connector),Asia,China (Beijing),IB PYP,94,"Established international school in Beijing, China; seeking sensory and acoustic screen-free companions for early English immersion and kindergarten transitions.",Screen vs. Sensory; Testing vs. Arts; Institution vs. Sanctuary,https://www.google.com/search?q=Shunyi+Beijing,lead-esl-0441
admissions@dulwich.edu,Dulwich,Director of Early Years & Admissions,@dulwich,Website,Pillar V: Multicultural & Bilingual Education,International School Early Division (British EYFS),Tier 2 (Community Connector),Asia,China (Beijing),British EYFS,94,"Established international school in Beijing, China; seeking sensory and acoustic screen-free companions for early English immersion and kindergarten transitions.",Screen vs. Sensory; Testing vs. Arts; Institution vs. Sanctuary,https://www.google.com/search?q=Dulwich+Beijing,lead-esl-0442
admissions@harrow.edu,Harrow,Director of Early Years & Admissions,@harrow,Website,Pillar V: Multicultural & Bilingual Education,International School Early Division (British EYFS),Tier 2 (Community Connector),Asia,China (Beijing),British EYFS,94,"Established international school in Beijing, China; seeking sensory and acoustic screen-free companions for early English immersion and kindergarten transitions.",Screen vs. Sensory; Testing vs. Arts; Institution vs. Sanctuary,https://www.google.com/search?q=Harrow+Beijing,lead-esl-0443
admissions@saint-paul-american-school.edu,Saint Paul American School,Director of Early Years & Admissions,@saint-paul-american-school,Website,Pillar V: Multicultural & Bilingual Education,International School Early Division (American Early Childhood),Tier 1 (Macro / Institutional),Asia,China (Beijing),American Early Childhood,94,"Established international school in Beijing, China; seeking sensory and acoustic screen-free companions for early English immersion and kindergarten transitions.",Screen vs. Sensory; Testing vs. Arts; Institution vs. Sanctuary,https://www.google.com/search?q=Saint+Paul+American+School+Beijing,lead-esl-0444
admissions@beanstalk.edu,Beanstalk,Director of Early Years & Admissions,@beanstalk,Website,Pillar V: Multicultural & Bilingual Education,International School Early Division (Dual-Language Immersion),Tier 2 (Community Connector),Asia,China (Beijing),Dual-Language Immersion,94,"Established international school in Beijing, China; seeking sensory and acoustic screen-free companions for early English immersion and kindergarten transitions.",Screen vs. Sensory; Testing vs. Arts; Institution vs. Sanctuary,https://www.google.com/search?q=Beanstalk+Beijing,lead-esl-0445
admissions@beijing-city.edu,Beijing City,Director of Early Years & Admissions,@beijing-city,Website,Pillar V: Multicultural & Bilingual Education,International School Early Division (IB PYP),Tier 2 (Community Connector),Asia,China (Beijing),IB PYP,94,"Established international school in Beijing, China; seeking sensory and acoustic screen-free companions for early English immersion and kindergarten transitions.",Screen vs. Sensory; Testing vs. Arts; Institution vs. Sanctuary,https://www.google.com/search?q=Beijing+City+Beijing,lead-esl-0446
admissions@haidian.edu,Haidian,Director of Early Years & Admissions,@haidian,Website,Pillar V: Multicultural & Bilingual Education,International School Early Division (IB PYP),Tier 2 (Community Connector),Asia,China (Beijing),IB PYP,94,"Established international school in Beijing, China; seeking sensory and acoustic screen-free companions for early English immersion and kindergarten transitions.",Screen vs. Sensory; Testing vs. Arts; Institution vs. Sanctuary,https://www.google.com/search?q=Haidian+Beijing,lead-esl-0447
admissions@hujia.edu,Hujia,Director of Early Years & Admissions,@hujia,Website,Pillar V: Multicultural & Bilingual Education,International School Early Division (IB PYP),Tier 2 (Community Connector),Asia,China (Beijing),IB PYP,94,"Established international school in Beijing, China; seeking sensory and acoustic screen-free companions for early English immersion and kindergarten transitions.",Screen vs. Sensory; Testing vs. Arts; Institution vs. Sanctuary,https://www.google.com/search?q=Hujia+Beijing,lead-esl-0448
admissions@keystone-academy.edu,Keystone Academy,Director of Early Years & Admissions,@keystone-academy,Website,Pillar V: Multicultural & Bilingual Education,International School Early Division (IB PYP),Tier 1 (Macro / Institutional),Asia,China (Beijing),IB PYP,94,"Established international school in Beijing, China; seeking sensory and acoustic screen-free companions for early English immersion and kindergarten transitions.",Screen vs. Sensory; Testing vs. Arts; Institution vs. Sanctuary,https://www.google.com/search?q=Keystone+Academy+Beijing,lead-esl-0449
admissions@royal-school.edu,Royal School,Director of Early Years & Admissions,@royal-school,Website,Pillar V: Multicultural & Bilingual Education,International School Early Division (IB PYP),Tier 1 (Macro / Institutional),Asia,China (Beijing),IB PYP,94,"Established international school in Beijing, China; seeking sensory and acoustic screen-free companions for early English immersion and kindergarten transitions.",Screen vs. Sensory; Testing vs. Arts; Institution vs. Sanctuary,https://www.google.com/search?q=Royal+School+Beijing,lead-esl-0450
admissions@shuren-ribet.edu,Shuren-Ribet,Director of Early Years & Admissions,@shuren-ribet,Website,Pillar V: Multicultural & Bilingual Education,International School Early Division (IB PYP),Tier 2 (Community Connector),Asia,China (Beijing),IB PYP,94,"Established international school in Beijing, China; seeking sensory and acoustic screen-free companions for early English immersion and kindergarten transitions.",Screen vs. Sensory; Testing vs. Arts; Institution vs. Sanctuary,https://www.google.com/search?q=Shuren-Ribet+Beijing,lead-esl-0451
admissions@pennon.edu,Pennon,Director of Early Years & Admissions,@pennon,Website,Pillar V: Multicultural & Bilingual Education,International School Early Division (IB PYP),Tier 2 (Community Connector),Asia,China (Beijing),IB PYP,94,"Established international school in Beijing, China; seeking sensory and acoustic screen-free companions for early English immersion and kindergarten transitions.",Screen vs. Sensory; Testing vs. Arts; Institution vs. Sanctuary,https://www.google.com/search?q=Pennon+Beijing,lead-esl-0452
admissions@western-academy.edu,Western Academy,Director of Early Years & Admissions,@western-academy,Website,Pillar V: Multicultural & Bilingual Education,International School Early Division (IB PYP),Tier 1 (Macro / Institutional),Asia,China (Beijing),IB PYP,94,"Established international school in Beijing, China; seeking sensory and acoustic screen-free companions for early English immersion and kindergarten transitions.",Screen vs. Sensory; Testing vs. Arts; Institution vs. Sanctuary,https://www.google.com/search?q=Western+Academy+Beijing,lead-esl-0453
admissions@yang-guang-qing-school.edu,Yang Guang Qing School,Director of Early Years & Admissions,@yang-guang-qing-school,Website,Pillar V: Multicultural & Bilingual Education,International School Early Division (IB PYP),Tier 1 (Macro / Institutional),Asia,China (Beijing),IB PYP,94,"Established international school in Beijing, China; seeking sensory and acoustic screen-free companions for early English immersion and kindergarten transitions.",Screen vs. Sensory; Testing vs. Arts; Institution vs. Sanctuary,https://www.google.com/search?q=Yang+Guang+Qing+School+Beijing,lead-esl-0454
admissions@yew-chung-international-school.edu,Yew Chung International School,Director of Early Years & Admissions,@yew-chung-international-school,Website,Pillar V: Multicultural & Bilingual Education,International School Early Division (IB PYP),Tier 1 (Macro / Institutional),Asia,China (Beijing),IB PYP,94,"Established international school in Beijing, China; seeking sensory and acoustic screen-free companions for early English immersion and kindergarten transitions.",Screen vs. Sensory; Testing vs. Arts; Institution vs. Sanctuary,https://www.google.com/search?q=Yew+Chung+International+School+Beijing,lead-esl-0455
admissions@swedish-school.edu,Swedish School,Director of Early Years & Admissions,@swedish-school,Website,Pillar V: Multicultural & Bilingual Education,International School Early Division (IB PYP),Tier 1 (Macro / Institutional),Asia,China (Beijing),IB PYP,94,"Established international school in Beijing, China; seeking sensory and acoustic screen-free companions for early English immersion and kindergarten transitions.",Screen vs. Sensory; Testing vs. Arts; Institution vs. Sanctuary,https://www.google.com/search?q=Swedish+School+Beijing,lead-esl-0456
admissions@britannica-international-schoo.edu,Britannica International School Shanghai,Director of Early Years & Admissions,@britannica-international-schoo,Website,Pillar V: Multicultural & Bilingual Education,International School Early Division (IB PYP),Tier 1 (Macro / Institutional),Asia,China (Shanghai),IB PYP,94,"Established international school in Shanghai, China; seeking sensory and acoustic screen-free companions for early English immersion and kindergarten transitions.",Screen vs. Sensory; Testing vs. Arts; Institution vs. Sanctuary,https://www.google.com/search?q=Britannica+International+School+Shanghai+Shanghai,lead-esl-0457
admissions@british-international-school-s.edu,British International School Shanghai,Director of Early Years & Admissions,@british-international-school-s,Website,Pillar V: Multicultural & Bilingual Education,International School Early Division (British EYFS),Tier 1 (Macro / Institutional),Asia,China (Shanghai),British EYFS,94,"Established international school in Shanghai, China; seeking sensory and acoustic screen-free companions for early English immersion and kindergarten transitions.",Screen vs. Sensory; Testing vs. Arts; Institution vs. Sanctuary,https://www.google.com/search?q=British+International+School+Shanghai+Shanghai,lead-esl-0458
admissions@concordia-international-school.edu,Concordia International School Shanghai,Director of Early Years & Admissions,@concordia-international-school,Website,Pillar V: Multicultural & Bilingual Education,International School Early Division (American Early Childhood),Tier 1 (Macro / Institutional),Asia,China (Shanghai),American Early Childhood,94,"Established international school in Shanghai, China; seeking sensory and acoustic screen-free companions for early English immersion and kindergarten transitions.",Screen vs. Sensory; Testing vs. Arts; Institution vs. Sanctuary,https://www.google.com/search?q=Concordia+International+School+Shanghai+Shanghai,lead-esl-0459
admissions@dulwich-college-shanghai.edu,Dulwich College Shanghai,Director of Early Years & Admissions,@dulwich-college-shanghai,Website,Pillar V: Multicultural & Bilingual Education,International School Early Division (British EYFS),Tier 1 (Macro / Institutional),Asia,China (Shanghai),British EYFS,94,"Established international school in Shanghai, China; seeking sensory and acoustic screen-free companions for early English immersion and kindergarten transitions.",Screen vs. Sensory; Testing vs. Arts; Institution vs. Sanctuary,https://www.google.com/search?q=Dulwich+College+Shanghai+Shanghai,lead-esl-0460
admissions@shanghai-french-school.edu,Shanghai French School,Director of Early Years & Admissions,@shanghai-french-school,Website,Pillar V: Multicultural & Bilingual Education,International School Early Division (IB PYP),Tier 1 (Macro / Institutional),Asia,China (Shanghai),IB PYP,94,"Established international school in Shanghai, China; seeking sensory and acoustic screen-free companions for early English immersion and kindergarten transitions.",Screen vs. Sensory; Testing vs. Arts; Institution vs. Sanctuary,https://www.google.com/search?q=Shanghai+French+School+Shanghai,lead-esl-0461
admissions@german-school-shanghai.edu,German School Shanghai,Director of Early Years & Admissions,@german-school-shanghai,Website,Pillar V: Multicultural & Bilingual Education,International School Early Division (IB PYP),Tier 1 (Macro / Institutional),Asia,China (Shanghai),IB PYP,94,"Established international school in Shanghai, China; seeking sensory and acoustic screen-free companions for early English immersion and kindergarten transitions.",Screen vs. Sensory; Testing vs. Arts; Institution vs. Sanctuary,https://www.google.com/search?q=German+School+Shanghai+Shanghai,lead-esl-0462
admissions@harrow-international-school-sh.edu,Harrow International School Shanghai,Director of Early Years & Admissions,@harrow-international-school-sh,Website,Pillar V: Multicultural & Bilingual Education,International School Early Division (British EYFS),Tier 1 (Macro / Institutional),Asia,China (Shanghai),British EYFS,94,"Established international school in Shanghai, China; seeking sensory and acoustic screen-free companions for early English immersion and kindergarten transitions.",Screen vs. Sensory; Testing vs. Arts; Institution vs. Sanctuary,https://www.google.com/search?q=Harrow+International+School+Shanghai+Shanghai,lead-esl-0463
admissions@hong-qiao-international-school.edu,Hong Qiao International School - Rainbow Bridge International School,Director of Early Years & Admissions,@hong-qiao-international-school,Website,Pillar V: Multicultural & Bilingual Education,International School Early Division (Dual-Language Immersion),Tier 1 (Macro / Institutional),Asia,China (Shanghai),Dual-Language Immersion,94,"Established international school in Shanghai, China; seeking sensory and acoustic screen-free companions for early English immersion and kindergarten transitions.",Screen vs. Sensory; Testing vs. Arts; Institution vs. Sanctuary,https://www.google.com/search?q=Hong+Qiao+International+School+-+Rainbow+Bridge+International+School+Shanghai,lead-esl-0464
admissions@nord-anglia-international-scho.edu,"Nord Anglia International School Shanghai, Pudong",Director of Early Years & Admissions,@nord-anglia-international-scho,Website,Pillar V: Multicultural & Bilingual Education,International School Early Division (IB PYP),Tier 1 (Macro / Institutional),Asia,China (Shanghai),IB PYP,94,"Established international school in Shanghai, China; seeking sensory and acoustic screen-free companions for early English immersion and kindergarten transitions.",Screen vs. Sensory; Testing vs. Arts; Institution vs. Sanctuary,"https://www.google.com/search?q=Nord+Anglia+International+School+Shanghai,+Pudong+Shanghai",lead-esl-0465
admissions@shanghai-american-school.edu,Shanghai American School,Director of Early Years & Admissions,@shanghai-american-school,Website,Pillar V: Multicultural & Bilingual Education,International School Early Division (American Early Childhood),Tier 1 (Macro / Institutional),Asia,China (Shanghai),American Early Childhood,94,"Established international school in Shanghai, China; seeking sensory and acoustic screen-free companions for early English immersion and kindergarten transitions.",Screen vs. Sensory; Testing vs. Arts; Institution vs. Sanctuary,https://www.google.com/search?q=Shanghai+American+School+Shanghai,lead-esl-0466
admissions@shanghai-community-internation.edu,Shanghai Community International School,Director of Early Years & Admissions,@shanghai-community-internation,Website,Pillar V: Multicultural & Bilingual Education,International School Early Division (IB PYP),Tier 1 (Macro / Institutional),Asia,China (Shanghai),IB PYP,94,"Established international school in Shanghai, China; seeking sensory and acoustic screen-free companions for early English immersion and kindergarten transitions.",Screen vs. Sensory; Testing vs. Arts; Institution vs. Sanctuary,https://www.google.com/search?q=Shanghai+Community+International+School+Shanghai,lead-esl-0467
admissions@shanghai-japanese-school.edu,Shanghai Japanese School,Director of Early Years & Admissions,@shanghai-japanese-school,Website,Pillar V: Multicultural & Bilingual Education,International School Early Division (IB PYP),Tier 1 (Macro / Institutional),Asia,China (Shanghai),IB PYP,94,"Established international school in Shanghai, China; seeking sensory and acoustic screen-free companions for early English immersion and kindergarten transitions.",Screen vs. Sensory; Testing vs. Arts; Institution vs. Sanctuary,https://www.google.com/search?q=Shanghai+Japanese+School+Shanghai,lead-esl-0468
admissions@shanghai-livingston-american-s.edu,Shanghai Livingston American School,Director of Early Years & Admissions,@shanghai-livingston-american-s,Website,Pillar V: Multicultural & Bilingual Education,International School Early Division (American Early Childhood),Tier 1 (Macro / Institutional),Asia,China (Shanghai),American Early Childhood,94,"Established international school in Shanghai, China; seeking sensory and acoustic screen-free companions for early English immersion and kindergarten transitions.",Screen vs. Sensory; Testing vs. Arts; Institution vs. Sanctuary,https://www.google.com/search?q=Shanghai+Livingston+American+School+Shanghai,lead-esl-0469
admissions@shanghai-singapore-internation.edu,Shanghai Singapore International School,Director of Early Years & Admissions,@shanghai-singapore-internation,Website,Pillar V: Multicultural & Bilingual Education,International School Early Division (IB PYP),Tier 1 (Macro / Institutional),Asia,China (Shanghai),IB PYP,94,"Established international school in Shanghai, China; seeking sensory and acoustic screen-free companions for early English immersion and kindergarten transitions.",Screen vs. Sensory; Testing vs. Arts; Institution vs. Sanctuary,https://www.google.com/search?q=Shanghai+Singapore+International+School+Shanghai,lead-esl-0470
admissions@the-british-international-scho.edu,"The British International School Shanghai, Puxi Campus",Director of Early Years & Admissions,@the-british-international-scho,Website,Pillar V: Multicultural & Bilingual Education,International School Early Division (British EYFS),Tier 1 (Macro / Institutional),Asia,China (Shanghai),British EYFS,94,"Established international school in Shanghai, China; seeking sensory and acoustic screen-free companions for early English immersion and kindergarten transitions.",Screen vs. Sensory; Testing vs. Arts; Institution vs. Sanctuary,"https://www.google.com/search?q=The+British+International+School+Shanghai,+Puxi+Campus+Shanghai",lead-esl-0471
admissions@wellington-college-internation.edu,Wellington College International Shanghai,Director of Early Years & Admissions,@wellington-college-internation,Website,Pillar V: Multicultural & Bilingual Education,International School Early Division (British EYFS),Tier 1 (Macro / Institutional),Asia,China (Shanghai),British EYFS,94,"Established international school in Shanghai, China; seeking sensory and acoustic screen-free companions for early English immersion and kindergarten transitions.",Screen vs. Sensory; Testing vs. Arts; Institution vs. Sanctuary,https://www.google.com/search?q=Wellington+College+International+Shanghai+Shanghai,lead-esl-0472
admissions@western-international-school-o.edu,Western International School of Shanghai,Director of Early Years & Admissions,@western-international-school-o,Website,Pillar V: Multicultural & Bilingual Education,International School Early Division (IB PYP),Tier 1 (Macro / Institutional),Asia,China (Shanghai),IB PYP,94,"Established international school in Shanghai, China; seeking sensory and acoustic screen-free companions for early English immersion and kindergarten transitions.",Screen vs. Sensory; Testing vs. Arts; Institution vs. Sanctuary,https://www.google.com/search?q=Western+International+School+of+Shanghai+Shanghai,lead-esl-0473
admissions@yew-chung-international-school.edu,Yew Chung International School of Shanghai,Director of Early Years & Admissions,@yew-chung-international-school,Website,Pillar V: Multicultural & Bilingual Education,International School Early Division (IB PYP),Tier 1 (Macro / Institutional),Asia,China (Shanghai),IB PYP,94,"Established international school in Shanghai, China; seeking sensory and acoustic screen-free companions for early English immersion and kindergarten transitions.",Screen vs. Sensory; Testing vs. Arts; Institution vs. Sanctuary,https://www.google.com/search?q=Yew+Chung+International+School+of+Shanghai+Shanghai,lead-esl-0474
admissions@yk-pao-school.edu,YK Pao School,Director of Early Years & Admissions,@yk-pao-school,Website,Pillar V: Multicultural & Bilingual Education,International School Early Division (Dual-Language Immersion),Tier 1 (Macro / Institutional),Asia,China (Shanghai),Dual-Language Immersion,94,"Established international school in Shanghai, China; seeking sensory and acoustic screen-free companions for early English immersion and kindergarten transitions.",Screen vs. Sensory; Testing vs. Arts; Institution vs. Sanctuary,https://www.google.com/search?q=YK+Pao+School+Shanghai,lead-esl-0475
admissions@lyc-e-fran-ais.edu,Lycée Français,Director of Early Years & Admissions,@lyc-e-fran-ais,Website,Pillar V: Multicultural & Bilingual Education,International School Early Division (IB PYP),Tier 2 (Community Connector),Asia,China (Shanghai),IB PYP,94,"Established international school in Shanghai, China; seeking sensory and acoustic screen-free companions for early English immersion and kindergarten transitions.",Screen vs. Sensory; Testing vs. Arts; Institution vs. Sanctuary,https://www.google.com/search?q=Lycée+Français+Shanghai,lead-esl-0476
admissions@german.edu,German,Director of Early Years & Admissions,@german,Website,Pillar V: Multicultural & Bilingual Education,International School Early Division (IB PYP),Tier 2 (Community Connector),Asia,China (Shanghai),IB PYP,94,"Established international school in Shanghai, China; seeking sensory and acoustic screen-free companions for early English immersion and kindergarten transitions.",Screen vs. Sensory; Testing vs. Arts; Institution vs. Sanctuary,https://www.google.com/search?q=German+Shanghai,lead-esl-0477
admissions@japanese.edu,Japanese,Director of Early Years & Admissions,@japanese,Website,Pillar V: Multicultural & Bilingual Education,International School Early Division (IB PYP),Tier 2 (Community Connector),Asia,China (Shanghai),IB PYP,94,"Established international school in Shanghai, China; seeking sensory and acoustic screen-free companions for early English immersion and kindergarten transitions.",Screen vs. Sensory; Testing vs. Arts; Institution vs. Sanctuary,https://www.google.com/search?q=Japanese+Shanghai,lead-esl-0478
admissions@korean.edu,Korean,Director of Early Years & Admissions,@korean,Website,Pillar V: Multicultural & Bilingual Education,International School Early Division (IB PYP),Tier 2 (Community Connector),Asia,China (Shanghai),IB PYP,94,"Established international school in Shanghai, China; seeking sensory and acoustic screen-free companions for early English immersion and kindergarten transitions.",Screen vs. Sensory; Testing vs. Arts; Institution vs. Sanctuary,https://www.google.com/search?q=Korean+Shanghai,lead-esl-0479
admissions@singapore.edu,Singapore,Director of Early Years & Admissions,@singapore,Website,Pillar V: Multicultural & Bilingual Education,International School Early Division (IB PYP),Tier 2 (Community Connector),Asia,China (Shanghai),IB PYP,94,"Established international school in Shanghai, China; seeking sensory and acoustic screen-free companions for early English immersion and kindergarten transitions.",Screen vs. Sensory; Testing vs. Arts; Institution vs. Sanctuary,https://www.google.com/search?q=Singapore+Shanghai,lead-esl-0480
admissions@nord-anglia-pudong.edu,Nord Anglia Pudong,Director of Early Years & Admissions,@nord-anglia-pudong,Website,Pillar V: Multicultural & Bilingual Education,International School Early Division (IB PYP),Tier 2 (Community Connector),Asia,China (Shanghai),IB PYP,94,"Established international school in Shanghai, China; seeking sensory and acoustic screen-free companions for early English immersion and kindergarten transitions.",Screen vs. Sensory; Testing vs. Arts; Institution vs. Sanctuary,https://www.google.com/search?q=Nord+Anglia+Pudong+Shanghai,lead-esl-0481
admissions@biss-puxi.edu,BISS Puxi,Director of Early Years & Admissions,@biss-puxi,Website,Pillar V: Multicultural & Bilingual Education,International School Early Division (IB PYP),Tier 2 (Community Connector),Asia,China (Shanghai),IB PYP,94,"Established international school in Shanghai, China; seeking sensory and acoustic screen-free companions for early English immersion and kindergarten transitions.",Screen vs. Sensory; Testing vs. Arts; Institution vs. Sanctuary,https://www.google.com/search?q=BISS+Puxi+Shanghai,lead-esl-0482
admissions@britannica.edu,Britannica,Director of Early Years & Admissions,@britannica,Website,Pillar V: Multicultural & Bilingual Education,International School Early Division (IB PYP),Tier 2 (Community Connector),Asia,China (Shanghai),IB PYP,94,"Established international school in Shanghai, China; seeking sensory and acoustic screen-free companions for early English immersion and kindergarten transitions.",Screen vs. Sensory; Testing vs. Arts; Institution vs. Sanctuary,https://www.google.com/search?q=Britannica+Shanghai,lead-esl-0483
admissions@wellington.edu,Wellington,Director of Early Years & Admissions,@wellington,Website,Pillar V: Multicultural & Bilingual Education,International School Early Division (British EYFS),Tier 2 (Community Connector),Asia,China (Shanghai),British EYFS,94,"Established international school in Shanghai, China; seeking sensory and acoustic screen-free companions for early English immersion and kindergarten transitions.",Screen vs. Sensory; Testing vs. Arts; Institution vs. Sanctuary,https://www.google.com/search?q=Wellington+Shanghai,lead-esl-0484
admissions@american.edu,American,Director of Early Years & Admissions,@american,Website,Pillar V: Multicultural & Bilingual Education,International School Early Division (American Early Childhood),Tier 2 (Community Connector),Asia,China (Shanghai),American Early Childhood,94,"Established international school in Shanghai, China; seeking sensory and acoustic screen-free companions for early English immersion and kindergarten transitions.",Screen vs. Sensory; Testing vs. Arts; Institution vs. Sanctuary,https://www.google.com/search?q=American+Shanghai,lead-esl-0485
admissions@livingston.edu,Livingston,Director of Early Years & Admissions,@livingston,Website,Pillar V: Multicultural & Bilingual Education,International School Early Division (American Early Childhood),Tier 2 (Community Connector),Asia,China (Shanghai),American Early Childhood,94,"Established international school in Shanghai, China; seeking sensory and acoustic screen-free companions for early English immersion and kindergarten transitions.",Screen vs. Sensory; Testing vs. Arts; Institution vs. Sanctuary,https://www.google.com/search?q=Livingston+Shanghai,lead-esl-0486
admissions@concordia.edu,Concordia,Director of Early Years & Admissions,@concordia,Website,Pillar V: Multicultural & Bilingual Education,International School Early Division (American Early Childhood),Tier 2 (Community Connector),Asia,China (Shanghai),American Early Childhood,94,"Established international school in Shanghai, China; seeking sensory and acoustic screen-free companions for early English immersion and kindergarten transitions.",Screen vs. Sensory; Testing vs. Arts; Institution vs. Sanctuary,https://www.google.com/search?q=Concordia+Shanghai,lead-esl-0487
admissions@shanghai-high-school-internati.edu,Shanghai High School International Division,Director of Early Years & Admissions,@shanghai-high-school-internati,Website,Pillar V: Multicultural & Bilingual Education,International School Early Division (IB PYP),Tier 1 (Macro / Institutional),Asia,China (Shanghai),IB PYP,94,"Established international school in Shanghai, China; seeking sensory and acoustic screen-free companions for early English immersion and kindergarten transitions.",Screen vs. Sensory; Testing vs. Arts; Institution vs. Sanctuary,https://www.google.com/search?q=Shanghai+High+School+International+Division+Shanghai,lead-esl-0488
admissions@fudan.edu,Fudan,Director of Early Years & Admissions,@fudan,Website,Pillar V: Multicultural & Bilingual Education,International School Early Division (IB PYP),Tier 2 (Community Connector),Asia,China (Shanghai),IB PYP,94,"Established international school in Shanghai, China; seeking sensory and acoustic screen-free companions for early English immersion and kindergarten transitions.",Screen vs. Sensory; Testing vs. Arts; Institution vs. Sanctuary,https://www.google.com/search?q=Fudan+Shanghai,lead-esl-0489
admissions@hong-qiao.edu,Hong Qiao,Director of Early Years & Admissions,@hong-qiao,Website,Pillar V: Multicultural & Bilingual Education,International School Early Division (IB PYP),Tier 2 (Community Connector),Asia,China (Shanghai),IB PYP,94,"Established international school in Shanghai, China; seeking sensory and acoustic screen-free companions for early English immersion and kindergarten transitions.",Screen vs. Sensory; Testing vs. Arts; Institution vs. Sanctuary,https://www.google.com/search?q=Hong+Qiao+Shanghai,lead-esl-0490
admissions@pinghe.edu,Pinghe,Director of Early Years & Admissions,@pinghe,Website,Pillar V: Multicultural & Bilingual Education,International School Early Division (IB PYP),Tier 2 (Community Connector),Asia,China (Shanghai),IB PYP,94,"Established international school in Shanghai, China; seeking sensory and acoustic screen-free companions for early English immersion and kindergarten transitions.",Screen vs. Sensory; Testing vs. Arts; Institution vs. Sanctuary,https://www.google.com/search?q=Pinghe+Shanghai,lead-esl-0491
admissions@united.edu,United,Director of Early Years & Admissions,@united,Website,Pillar V: Multicultural & Bilingual Education,International School Early Division (IB PYP),Tier 2 (Community Connector),Asia,China (Shanghai),IB PYP,94,"Established international school in Shanghai, China; seeking sensory and acoustic screen-free companions for early English immersion and kindergarten transitions.",Screen vs. Sensory; Testing vs. Arts; Institution vs. Sanctuary,https://www.google.com/search?q=United+Shanghai,lead-esl-0492
admissions@shanghai-world-foreign-languag.edu,Shanghai World Foreign Language Middle School,Director of Early Years & Admissions,@shanghai-world-foreign-languag,Website,Pillar V: Multicultural & Bilingual Education,International School Early Division (IB PYP),Tier 1 (Macro / Institutional),Asia,China (Shanghai),IB PYP,94,"Established international school in Shanghai, China; seeking sensory and acoustic screen-free companions for early English immersion and kindergarten transitions.",Screen vs. Sensory; Testing vs. Arts; Institution vs. Sanctuary,https://www.google.com/search?q=Shanghai+World+Foreign+Language+Middle+School+Shanghai,lead-esl-0493
admissions@western.edu,Western,Director of Early Years & Admissions,@western,Website,Pillar V: Multicultural & Bilingual Education,International School Early Division (IB PYP),Tier 2 (Community Connector),Asia,China (Shanghai),IB PYP,94,"Established international school in Shanghai, China; seeking sensory and acoustic screen-free companions for early English immersion and kindergarten transitions.",Screen vs. Sensory; Testing vs. Arts; Institution vs. Sanctuary,https://www.google.com/search?q=Western+Shanghai,lead-esl-0494
admissions@yk-pao.edu,YK Pao,Director of Early Years & Admissions,@yk-pao,Website,Pillar V: Multicultural & Bilingual Education,International School Early Division (Dual-Language Immersion),Tier 2 (Community Connector),Asia,China (Shanghai),Dual-Language Immersion,94,"Established international school in Shanghai, China; seeking sensory and acoustic screen-free companions for early English immersion and kindergarten transitions.",Screen vs. Sensory; Testing vs. Arts; Institution vs. Sanctuary,https://www.google.com/search?q=YK+Pao+Shanghai,lead-esl-0495
admissions@yew-chung.edu,Yew Chung,Director of Early Years & Admissions,@yew-chung,Website,Pillar V: Multicultural & Bilingual Education,International School Early Division (IB PYP),Tier 2 (Community Connector),Asia,China (Shanghai),IB PYP,94,"Established international school in Shanghai, China; seeking sensory and acoustic screen-free companions for early English immersion and kindergarten transitions.",Screen vs. Sensory; Testing vs. Arts; Institution vs. Sanctuary,https://www.google.com/search?q=Yew+Chung+Shanghai,lead-esl-0496
admissions@shanghai-rego-international-sc.edu,Shanghai Rego International School,Director of Early Years & Admissions,@shanghai-rego-international-sc,Website,Pillar V: Multicultural & Bilingual Education,International School Early Division (IB PYP),Tier 1 (Macro / Institutional),Asia,China (Shanghai),IB PYP,94,"Established international school in Shanghai, China; seeking sensory and acoustic screen-free companions for early English immersion and kindergarten transitions.",Screen vs. Sensory; Testing vs. Arts; Institution vs. Sanctuary,https://www.google.com/search?q=Shanghai+Rego+International+School+Shanghai,lead-esl-0497
admissions@politics.edu,Politics,Director of Early Years & Admissions,@politics,Website,Pillar V: Multicultural & Bilingual Education,International School Early Division (IB PYP),Tier 2 (Community Connector),Asia,China (Shanghai),IB PYP,94,"Established international school in Shanghai, China; seeking sensory and acoustic screen-free companions for early English immersion and kindergarten transitions.",Screen vs. Sensory; Testing vs. Arts; Institution vs. Sanctuary,https://www.google.com/search?q=Politics+Shanghai,lead-esl-0498
admissions@schools.edu,Schools,Director of Early Years & Admissions,@schools,Website,Pillar V: Multicultural & Bilingual Education,International School Early Division (IB PYP),Tier 1 (Macro / Institutional),Asia,China (Shanghai),IB PYP,94,"Established international school in Shanghai, China; seeking sensory and acoustic screen-free companions for early English immersion and kindergarten transitions.",Screen vs. Sensory; Testing vs. Arts; Institution vs. Sanctuary,https://www.google.com/search?q=Schools+Shanghai,lead-esl-0499
admissions@abu-dhabi-international-school.edu,Abu Dhabi International School,Director of Early Years & Admissions,@abu-dhabi-international-school,Website,Pillar V: Multicultural & Bilingual Education,International School Early Division (British EYFS),Tier 1 (Macro / Institutional),Middle East,United Arab Emirates (Abu Dhabi),British EYFS,94,"Established international school in Abu Dhabi, United Arab Emirates; seeking sensory and acoustic screen-free companions for early English immersion and kindergarten transitions.",Screen vs. Sensory; Testing vs. Arts; Institution vs. Sanctuary,https://www.google.com/search?q=Abu+Dhabi+International+School+Abu+Dhabi,lead-esl-0500
admissions@american-international-school-.edu,"American International School, Abu Dhabi",Director of Early Years & Admissions,@american-international-school-,Website,Pillar V: Multicultural & Bilingual Education,International School Early Division (American Early Childhood),Tier 1 (Macro / Institutional),Middle East,United Arab Emirates (Abu Dhabi),American Early Childhood,94,"Established international school in Abu Dhabi, United Arab Emirates; seeking sensory and acoustic screen-free companions for early English immersion and kindergarten transitions.",Screen vs. Sensory; Testing vs. Arts; Institution vs. Sanctuary,"https://www.google.com/search?q=American+International+School,+Abu+Dhabi+Abu+Dhabi",lead-esl-0501
admissions@al-ain-english-speaking-school.edu,Al Ain English Speaking School,Director of Early Years & Admissions,@al-ain-english-speaking-school,Website,Pillar V: Multicultural & Bilingual Education,International School Early Division (British EYFS),Tier 1 (Macro / Institutional),Middle East,United Arab Emirates (Abu Dhabi),British EYFS,94,"Established international school in Abu Dhabi, United Arab Emirates; seeking sensory and acoustic screen-free companions for early English immersion and kindergarten transitions.",Screen vs. Sensory; Testing vs. Arts; Institution vs. Sanctuary,https://www.google.com/search?q=Al+Ain+English+Speaking+School+Abu+Dhabi,lead-esl-0502
admissions@al-dhafra-private-school-al-ai.edu,"Al Dhafra Private School, Al Ain",Director of Early Years & Admissions,@al-dhafra-private-school-al-ai,Website,Pillar V: Multicultural & Bilingual Education,International School Early Division (British EYFS),Tier 1 (Macro / Institutional),Middle East,United Arab Emirates (Abu Dhabi),British EYFS,94,"Established international school in Abu Dhabi, United Arab Emirates; seeking sensory and acoustic screen-free companions for early English immersion and kindergarten transitions.",Screen vs. Sensory; Testing vs. Arts; Institution vs. Sanctuary,"https://www.google.com/search?q=Al+Dhafra+Private+School,+Al+Ain+Abu+Dhabi",lead-esl-0503
admissions@al-dhafra-private-school-abu-d.edu,"Al Dhafra Private School, Abu Dhabi",Director of Early Years & Admissions,@al-dhafra-private-school-abu-d,Website,Pillar V: Multicultural & Bilingual Education,International School Early Division (British EYFS),Tier 1 (Macro / Institutional),Middle East,United Arab Emirates (Abu Dhabi),British EYFS,94,"Established international school in Abu Dhabi, United Arab Emirates; seeking sensory and acoustic screen-free companions for early English immersion and kindergarten transitions.",Screen vs. Sensory; Testing vs. Arts; Institution vs. Sanctuary,"https://www.google.com/search?q=Al+Dhafra+Private+School,+Abu+Dhabi+Abu+Dhabi",lead-esl-0504
admissions@al-dhafra-private-academy.edu,Al Dhafra Private Academy,Director of Early Years & Admissions,@al-dhafra-private-academy,Website,Pillar V: Multicultural & Bilingual Education,International School Early Division (British EYFS),Tier 1 (Macro / Institutional),Middle East,United Arab Emirates (Abu Dhabi),British EYFS,94,"Established international school in Abu Dhabi, United Arab Emirates; seeking sensory and acoustic screen-free companions for early English immersion and kindergarten transitions.",Screen vs. Sensory; Testing vs. Arts; Institution vs. Sanctuary,https://www.google.com/search?q=Al+Dhafra+Private+Academy+Abu+Dhabi,lead-esl-0505
admissions@al-sanawbar-school.edu,Al Sanawbar School,Director of Early Years & Admissions,@al-sanawbar-school,Website,Pillar V: Multicultural & Bilingual Education,International School Early Division (British EYFS),Tier 1 (Macro / Institutional),Middle East,United Arab Emirates (Abu Dhabi),British EYFS,94,"Established international school in Abu Dhabi, United Arab Emirates; seeking sensory and acoustic screen-free companions for early English immersion and kindergarten transitions.",Screen vs. Sensory; Testing vs. Arts; Institution vs. Sanctuary,https://www.google.com/search?q=Al+Sanawbar+School+Abu+Dhabi,lead-esl-0506
admissions@al-ain-juniors-school.edu,Al Ain Juniors School,Director of Early Years & Admissions,@al-ain-juniors-school,Website,Pillar V: Multicultural & Bilingual Education,Premier Early Childhood Center (British EYFS),Tier 1 (Macro / Institutional),Middle East,United Arab Emirates (Abu Dhabi),British EYFS,98,"Dedicated early learning institution in Abu Dhabi, United Arab Emirates; prime partner for SOE 90–110 BPM acoustic rhythm, non-American phonemic clarity, and tactile screen-free workbooks.",Screen vs. Sensory; Testing vs. Arts; Institution vs. Sanctuary,https://www.google.com/search?q=Al+Ain+Juniors+School+Abu+Dhabi,lead-esl-0507
admissions@al-ittihad-national-private-sc.edu,Al Ittihad National Private School,Director of Early Years & Admissions,@al-ittihad-national-private-sc,Website,Pillar V: Multicultural & Bilingual Education,International School Early Division (British EYFS),Tier 1 (Macro / Institutional),Middle East,United Arab Emirates (Abu Dhabi),British EYFS,94,"Established international school in Abu Dhabi, United Arab Emirates; seeking sensory and acoustic screen-free companions for early English immersion and kindergarten transitions.",Screen vs. Sensory; Testing vs. Arts; Institution vs. Sanctuary,https://www.google.com/search?q=Al+Ittihad+National+Private+School+Abu+Dhabi,lead-esl-0508
admissions@al-bateen-world-academy.edu,Al Bateen World Academy,Director of Early Years & Admissions,@al-bateen-world-academy,Website,Pillar V: Multicultural & Bilingual Education,International School Early Division (British EYFS),Tier 1 (Macro / Institutional),Middle East,United Arab Emirates (Abu Dhabi),British EYFS,94,"Established international school in Abu Dhabi, United Arab Emirates; seeking sensory and acoustic screen-free companions for early English immersion and kindergarten transitions.",Screen vs. Sensory; Testing vs. Arts; Institution vs. Sanctuary,https://www.google.com/search?q=Al+Bateen+World+Academy+Abu+Dhabi,lead-esl-0509
admissions@abu-dhabi-indian-school.edu,Abu Dhabi Indian School,Director of Early Years & Admissions,@abu-dhabi-indian-school,Website,Pillar V: Multicultural & Bilingual Education,International School Early Division (CBSE Early Years),Tier 1 (Macro / Institutional),Middle East,United Arab Emirates (Abu Dhabi),CBSE Early Years,94,"Established international school in Abu Dhabi, United Arab Emirates; seeking sensory and acoustic screen-free companions for early English immersion and kindergarten transitions.",Screen vs. Sensory; Testing vs. Arts; Institution vs. Sanctuary,https://www.google.com/search?q=Abu+Dhabi+Indian+School+Abu+Dhabi,lead-esl-0510
admissions@abu-dhabi-indian-school-branch.edu,"Abu Dhabi Indian School-Branch 1, Al Wathba",Director of Early Years & Admissions,@abu-dhabi-indian-school-branch,Website,Pillar V: Multicultural & Bilingual Education,International School Early Division (CBSE Early Years),Tier 1 (Macro / Institutional),Middle East,United Arab Emirates (Abu Dhabi),CBSE Early Years,94,"Established international school in Abu Dhabi, United Arab Emirates; seeking sensory and acoustic screen-free companions for early English immersion and kindergarten transitions.",Screen vs. Sensory; Testing vs. Arts; Institution vs. Sanctuary,"https://www.google.com/search?q=Abu+Dhabi+Indian+School-Branch+1,+Al+Wathba+Abu+Dhabi",lead-esl-0511
admissions@abu-dhabi-model-school.edu,Abu Dhabi Model School,Director of Early Years & Admissions,@abu-dhabi-model-school,Website,Pillar V: Multicultural & Bilingual Education,International School Early Division (British EYFS),Tier 1 (Macro / Institutional),Middle East,United Arab Emirates (Abu Dhabi),British EYFS,94,"Established international school in Abu Dhabi, United Arab Emirates; seeking sensory and acoustic screen-free companions for early English immersion and kindergarten transitions.",Screen vs. Sensory; Testing vs. Arts; Institution vs. Sanctuary,https://www.google.com/search?q=Abu+Dhabi+Model+School+Abu+Dhabi,lead-esl-0512
admissions@adnoc-schools.edu,ADNOC Schools,Director of Early Years & Admissions,@adnoc-schools,Website,Pillar V: Multicultural & Bilingual Education,International School Early Division (British EYFS),Tier 1 (Macro / Institutional),Middle East,United Arab Emirates (Abu Dhabi),British EYFS,94,"Established international school in Abu Dhabi, United Arab Emirates; seeking sensory and acoustic screen-free companions for early English immersion and kindergarten transitions.",Screen vs. Sensory; Testing vs. Arts; Institution vs. Sanctuary,https://www.google.com/search?q=ADNOC+Schools+Abu+Dhabi,lead-esl-0513
admissions@al-nahda-national-schools.edu,Al Nahda National Schools,Director of Early Years & Admissions,@al-nahda-national-schools,Website,Pillar V: Multicultural & Bilingual Education,International School Early Division (British EYFS),Tier 1 (Macro / Institutional),Middle East,United Arab Emirates (Abu Dhabi),British EYFS,94,"Established international school in Abu Dhabi, United Arab Emirates; seeking sensory and acoustic screen-free companions for early English immersion and kindergarten transitions.",Screen vs. Sensory; Testing vs. Arts; Institution vs. Sanctuary,https://www.google.com/search?q=Al+Nahda+National+Schools+Abu+Dhabi,lead-esl-0514
admissions@al-yasmina-school.edu,Al Yasmina School,Director of Early Years & Admissions,@al-yasmina-school,Website,Pillar V: Multicultural & Bilingual Education,International School Early Division (British EYFS),Tier 1 (Macro / Institutional),Middle East,United Arab Emirates (Abu Dhabi),British EYFS,94,"Established international school in Abu Dhabi, United Arab Emirates; seeking sensory and acoustic screen-free companions for early English immersion and kindergarten transitions.",Screen vs. Sensory; Testing vs. Arts; Institution vs. Sanctuary,https://www.google.com/search?q=Al+Yasmina+School+Abu+Dhabi,lead-esl-0515
admissions@al-worood-academy.edu,Al Worood Academy,Director of Early Years & Admissions,@al-worood-academy,Website,Pillar V: Multicultural & Bilingual Education,International School Early Division (British EYFS),Tier 1 (Macro / Institutional),Middle East,United Arab Emirates (Abu Dhabi),British EYFS,94,"Established international school in Abu Dhabi, United Arab Emirates; seeking sensory and acoustic screen-free companions for early English immersion and kindergarten transitions.",Screen vs. Sensory; Testing vs. Arts; Institution vs. Sanctuary,https://www.google.com/search?q=Al+Worood+Academy+Abu+Dhabi,lead-esl-0516
admissions@american-community-school-of-a.edu,American Community School of Abu Dhabi,Director of Early Years & Admissions,@american-community-school-of-a,Website,Pillar V: Multicultural & Bilingual Education,International School Early Division (American Early Childhood),Tier 1 (Macro / Institutional),Middle East,United Arab Emirates (Abu Dhabi),American Early Childhood,94,"Established international school in Abu Dhabi, United Arab Emirates; seeking sensory and acoustic screen-free companions for early English immersion and kindergarten transitions.",Screen vs. Sensory; Testing vs. Arts; Institution vs. Sanctuary,https://www.google.com/search?q=American+Community+School+of+Abu+Dhabi+Abu+Dhabi,lead-esl-0517
admissions@ashbal-al-quds-private-school.edu,Ashbal Al Quds Private School,Director of Early Years & Admissions,@ashbal-al-quds-private-school,Website,Pillar V: Multicultural & Bilingual Education,International School Early Division (British EYFS),Tier 1 (Macro / Institutional),Middle East,United Arab Emirates (Abu Dhabi),British EYFS,94,"Established international school in Abu Dhabi, United Arab Emirates; seeking sensory and acoustic screen-free companions for early English immersion and kindergarten transitions.",Screen vs. Sensory; Testing vs. Arts; Institution vs. Sanctuary,https://www.google.com/search?q=Ashbal+Al+Quds+Private+School+Abu+Dhabi,lead-esl-0518
admissions@bright-riders-school.edu,Bright Riders School,Director of Early Years & Admissions,@bright-riders-school,Website,Pillar V: Multicultural & Bilingual Education,International School Early Division (British EYFS),Tier 1 (Macro / Institutional),Middle East,United Arab Emirates (Abu Dhabi),British EYFS,94,"Established international school in Abu Dhabi, United Arab Emirates; seeking sensory and acoustic screen-free companions for early English immersion and kindergarten transitions.",Screen vs. Sensory; Testing vs. Arts; Institution vs. Sanctuary,https://www.google.com/search?q=Bright+Riders+School+Abu+Dhabi,lead-esl-0519
admissions@bhavans-pearl-wisdom-school-al.edu,"Bhavans Pearl Wisdom School, Al Ain",Director of Early Years & Admissions,@bhavans-pearl-wisdom-school-al,Website,Pillar V: Multicultural & Bilingual Education,International School Early Division (British EYFS),Tier 1 (Macro / Institutional),Middle East,United Arab Emirates (Abu Dhabi),British EYFS,94,"Established international school in Abu Dhabi, United Arab Emirates; seeking sensory and acoustic screen-free companions for early English immersion and kindergarten transitions.",Screen vs. Sensory; Testing vs. Arts; Institution vs. Sanctuary,"https://www.google.com/search?q=Bhavans+Pearl+Wisdom+School,+Al+Ain+Abu+Dhabi",lead-esl-0520
admissions@the-british-school-al-khubaira.edu,The British School – Al Khubairat,Director of Early Years & Admissions,@the-british-school-al-khubaira,Website,Pillar V: Multicultural & Bilingual Education,International School Early Division (British EYFS),Tier 1 (Macro / Institutional),Middle East,United Arab Emirates (Abu Dhabi),British EYFS,94,"Established international school in Abu Dhabi, United Arab Emirates; seeking sensory and acoustic screen-free companions for early English immersion and kindergarten transitions.",Screen vs. Sensory; Testing vs. Arts; Institution vs. Sanctuary,https://www.google.com/search?q=The+British+School+–+Al+Khubairat+Abu+Dhabi,lead-esl-0521
admissions@diyafah-international-school.edu,Diyafah International School,Director of Early Years & Admissions,@diyafah-international-school,Website,Pillar V: Multicultural & Bilingual Education,International School Early Division (British EYFS),Tier 1 (Macro / Institutional),Middle East,United Arab Emirates (Abu Dhabi),British EYFS,94,"Established international school in Abu Dhabi, United Arab Emirates; seeking sensory and acoustic screen-free companions for early English immersion and kindergarten transitions.",Screen vs. Sensory; Testing vs. Arts; Institution vs. Sanctuary,https://www.google.com/search?q=Diyafah+International+School+Abu+Dhabi,lead-esl-0522
admissions@dunes-international-school-abu.edu,"Dunes International School, Abu Dhabi",Director of Early Years & Admissions,@dunes-international-school-abu,Website,Pillar V: Multicultural & Bilingual Education,International School Early Division (British EYFS),Tier 1 (Macro / Institutional),Middle East,United Arab Emirates (Abu Dhabi),British EYFS,94,"Established international school in Abu Dhabi, United Arab Emirates; seeking sensory and acoustic screen-free companions for early English immersion and kindergarten transitions.",Screen vs. Sensory; Testing vs. Arts; Institution vs. Sanctuary,"https://www.google.com/search?q=Dunes+International+School,+Abu+Dhabi+Abu+Dhabi",lead-esl-0523
admissions@emirates-international-school.edu,Emirates International School,Director of Early Years & Admissions,@emirates-international-school,Website,Pillar V: Multicultural & Bilingual Education,International School Early Division (British EYFS),Tier 1 (Macro / Institutional),Middle East,United Arab Emirates (Abu Dhabi),British EYFS,94,"Established international school in Abu Dhabi, United Arab Emirates; seeking sensory and acoustic screen-free companions for early English immersion and kindergarten transitions.",Screen vs. Sensory; Testing vs. Arts; Institution vs. Sanctuary,https://www.google.com/search?q=Emirates+International+School+Abu+Dhabi,lead-esl-0524
admissions@emirates-international-school-.edu,Emirates International School - Meadows,Director of Early Years & Admissions,@emirates-international-school-,Website,Pillar V: Multicultural & Bilingual Education,International School Early Division (British EYFS),Tier 1 (Macro / Institutional),Middle East,United Arab Emirates (Abu Dhabi),British EYFS,94,"Established international school in Abu Dhabi, United Arab Emirates; seeking sensory and acoustic screen-free companions for early English immersion and kindergarten transitions.",Screen vs. Sensory; Testing vs. Arts; Institution vs. Sanctuary,https://www.google.com/search?q=Emirates+International+School+-+Meadows+Abu+Dhabi,lead-esl-0525
admissions@emirates-national-schools.edu,Emirates National Schools,Director of Early Years & Admissions,@emirates-national-schools,Website,Pillar V: Multicultural & Bilingual Education,International School Early Division (British EYFS),Tier 1 (Macro / Institutional),Middle East,United Arab Emirates (Abu Dhabi),British EYFS,94,"Established international school in Abu Dhabi, United Arab Emirates; seeking sensory and acoustic screen-free companions for early English immersion and kindergarten transitions.",Screen vs. Sensory; Testing vs. Arts; Institution vs. Sanctuary,https://www.google.com/search?q=Emirates+National+Schools+Abu+Dhabi,lead-esl-0526
admissions@emirates-future-international-.edu,Emirates Future International Academy,Director of Early Years & Admissions,@emirates-future-international-,Website,Pillar V: Multicultural & Bilingual Education,International School Early Division (British EYFS),Tier 1 (Macro / Institutional),Middle East,United Arab Emirates (Abu Dhabi),British EYFS,94,"Established international school in Abu Dhabi, United Arab Emirates; seeking sensory and acoustic screen-free companions for early English immersion and kindergarten transitions.",Screen vs. Sensory; Testing vs. Arts; Institution vs. Sanctuary,https://www.google.com/search?q=Emirates+Future+International+Academy+Abu+Dhabi,lead-esl-0527
admissions@first-lebanon-school.edu,First Lebanon School,Director of Early Years & Admissions,@first-lebanon-school,Website,Pillar V: Multicultural & Bilingual Education,International School Early Division (British EYFS),Tier 1 (Macro / Institutional),Middle East,United Arab Emirates (Abu Dhabi),British EYFS,94,"Established international school in Abu Dhabi, United Arab Emirates; seeking sensory and acoustic screen-free companions for early English immersion and kindergarten transitions.",Screen vs. Sensory; Testing vs. Arts; Institution vs. Sanctuary,https://www.google.com/search?q=First+Lebanon+School+Abu+Dhabi,lead-esl-0528
admissions@gems-american-academy-abu-dhab.edu,"GEMS American Academy, Abu Dhabi",Director of Early Years & Admissions,@gems-american-academy-abu-dhab,Website,Pillar V: Multicultural & Bilingual Education,International School Early Division (American Early Childhood),Tier 1 (Macro / Institutional),Middle East,United Arab Emirates (Abu Dhabi),American Early Childhood,94,"Established international school in Abu Dhabi, United Arab Emirates; seeking sensory and acoustic screen-free companions for early English immersion and kindergarten transitions.",Screen vs. Sensory; Testing vs. Arts; Institution vs. Sanctuary,"https://www.google.com/search?q=GEMS+American+Academy,+Abu+Dhabi+Abu+Dhabi",lead-esl-0529
admissions@gems-founders-school-masdar-ci.edu,GEMS Founders School Masdar City,Director of Early Years & Admissions,@gems-founders-school-masdar-ci,Website,Pillar V: Multicultural & Bilingual Education,International School Early Division (British EYFS),Tier 1 (Macro / Institutional),Middle East,United Arab Emirates (Abu Dhabi),British EYFS,94,"Established international school in Abu Dhabi, United Arab Emirates; seeking sensory and acoustic screen-free companions for early English immersion and kindergarten transitions.",Screen vs. Sensory; Testing vs. Arts; Institution vs. Sanctuary,https://www.google.com/search?q=GEMS+Founders+School+Masdar+City+Abu+Dhabi,lead-esl-0530
admissions@garden-city-british-school.edu,Garden City British school,Director of Early Years & Admissions,@garden-city-british-school,Website,Pillar V: Multicultural & Bilingual Education,International School Early Division (British EYFS),Tier 1 (Macro / Institutional),Middle East,United Arab Emirates (Abu Dhabi),British EYFS,94,"Established international school in Abu Dhabi, United Arab Emirates; seeking sensory and acoustic screen-free companions for early English immersion and kindergarten transitions.",Screen vs. Sensory; Testing vs. Arts; Institution vs. Sanctuary,https://www.google.com/search?q=Garden+City+British+school+Abu+Dhabi,lead-esl-0531
admissions@indian-school-al-ain.edu,"Indian School, Al-Ain",Director of Early Years & Admissions,@indian-school-al-ain,Website,Pillar V: Multicultural & Bilingual Education,International School Early Division (CBSE Early Years),Tier 1 (Macro / Institutional),Middle East,United Arab Emirates (Abu Dhabi),CBSE Early Years,94,"Established international school in Abu Dhabi, United Arab Emirates; seeking sensory and acoustic screen-free companions for early English immersion and kindergarten transitions.",Screen vs. Sensory; Testing vs. Arts; Institution vs. Sanctuary,"https://www.google.com/search?q=Indian+School,+Al-Ain+Abu+Dhabi",lead-esl-0532
admissions@islamia-english-school.edu,Islamia English School,Director of Early Years & Admissions,@islamia-english-school,Website,Pillar V: Multicultural & Bilingual Education,International School Early Division (British EYFS),Tier 1 (Macro / Institutional),Middle East,United Arab Emirates (Abu Dhabi),British EYFS,94,"Established international school in Abu Dhabi, United Arab Emirates; seeking sensory and acoustic screen-free companions for early English immersion and kindergarten transitions.",Screen vs. Sensory; Testing vs. Arts; Institution vs. Sanctuary,https://www.google.com/search?q=Islamia+English+School+Abu+Dhabi,lead-esl-0533
admissions@global-indian-international-sc.edu,"Global Indian International School, Abu Dhabi (One of the worst Indian Schools)",Director of Early Years & Admissions,@global-indian-international-sc,Website,Pillar V: Multicultural & Bilingual Education,International School Early Division (CBSE Early Years),Tier 1 (Macro / Institutional),Middle East,United Arab Emirates (Abu Dhabi),CBSE Early Years,94,"Established international school in Abu Dhabi, United Arab Emirates; seeking sensory and acoustic screen-free companions for early English immersion and kindergarten transitions.",Screen vs. Sensory; Testing vs. Arts; Institution vs. Sanctuary,"https://www.google.com/search?q=Global+Indian+International+School,+Abu+Dhabi+(One+of+the+worst+Indian+Schools)+Abu+Dhabi",lead-esl-0534
admissions@japanese-school-in-abu-dhabi.edu,Japanese School in Abu Dhabi,Director of Early Years & Admissions,@japanese-school-in-abu-dhabi,Website,Pillar V: Multicultural & Bilingual Education,International School Early Division (British EYFS),Tier 1 (Macro / Institutional),Middle East,United Arab Emirates (Abu Dhabi),British EYFS,94,"Established international school in Abu Dhabi, United Arab Emirates; seeking sensory and acoustic screen-free companions for early English immersion and kindergarten transitions.",Screen vs. Sensory; Testing vs. Arts; Institution vs. Sanctuary,https://www.google.com/search?q=Japanese+School+in+Abu+Dhabi+Abu+Dhabi,lead-esl-0535
admissions@liwa-international-school-al-m.edu,Liwa International School Al Mushrif,Director of Early Years & Admissions,@liwa-international-school-al-m,Website,Pillar V: Multicultural & Bilingual Education,International School Early Division (British EYFS),Tier 1 (Macro / Institutional),Middle East,United Arab Emirates (Abu Dhabi),British EYFS,94,"Established international school in Abu Dhabi, United Arab Emirates; seeking sensory and acoustic screen-free companions for early English immersion and kindergarten transitions.",Screen vs. Sensory; Testing vs. Arts; Institution vs. Sanctuary,https://www.google.com/search?q=Liwa+International+School+Al+Mushrif+Abu+Dhabi,lead-esl-0536
admissions@liwa-international-school-al-q.edu,Liwa International School Al Qattara,Director of Early Years & Admissions,@liwa-international-school-al-q,Website,Pillar V: Multicultural & Bilingual Education,International School Early Division (British EYFS),Tier 1 (Macro / Institutional),Middle East,United Arab Emirates (Abu Dhabi),British EYFS,94,"Established international school in Abu Dhabi, United Arab Emirates; seeking sensory and acoustic screen-free companions for early English immersion and kindergarten transitions.",Screen vs. Sensory; Testing vs. Arts; Institution vs. Sanctuary,https://www.google.com/search?q=Liwa+International+School+Al+Qattara+Abu+Dhabi,lead-esl-0537
admissions@liwa-international-school-for-.edu,Liwa International School for Girls,Director of Early Years & Admissions,@liwa-international-school-for-,Website,Pillar V: Multicultural & Bilingual Education,International School Early Division (British EYFS),Tier 1 (Macro / Institutional),Middle East,United Arab Emirates (Abu Dhabi),British EYFS,94,"Established international school in Abu Dhabi, United Arab Emirates; seeking sensory and acoustic screen-free companions for early English immersion and kindergarten transitions.",Screen vs. Sensory; Testing vs. Arts; Institution vs. Sanctuary,https://www.google.com/search?q=Liwa+International+School+for+Girls+Abu+Dhabi,lead-esl-0538
admissions@liwa-international-school-fala.edu,Liwa International School Falaj Hazza,Director of Early Years & Admissions,@liwa-international-school-fala,Website,Pillar V: Multicultural & Bilingual Education,International School Early Division (British EYFS),Tier 1 (Macro / Institutional),Middle East,United Arab Emirates (Abu Dhabi),British EYFS,94,"Established international school in Abu Dhabi, United Arab Emirates; seeking sensory and acoustic screen-free companions for early English immersion and kindergarten transitions.",Screen vs. Sensory; Testing vs. Arts; Institution vs. Sanctuary,https://www.google.com/search?q=Liwa+International+School+Falaj+Hazza+Abu+Dhabi,lead-esl-0539
admissions@lyc-e-fran-ais-th-odore-monod-.edu,Lycée Français Théodore Monod (United Arab Emirates),Director of Early Years & Admissions,@lyc-e-fran-ais-th-odore-monod-,Website,Pillar V: Multicultural & Bilingual Education,International School Early Division (French Immersion),Tier 2 (Community Connector),Middle East,United Arab Emirates (Abu Dhabi),French Immersion,94,"Established international school in Abu Dhabi, United Arab Emirates; seeking sensory and acoustic screen-free companions for early English immersion and kindergarten transitions.",Screen vs. Sensory; Testing vs. Arts; Institution vs. Sanctuary,https://www.google.com/search?q=Lycée+Français+Théodore+Monod+(United+Arab+Emirates)+Abu+Dhabi,lead-esl-0540
admissions@madar-international-school.edu,Madar International School,Director of Early Years & Admissions,@madar-international-school,Website,Pillar V: Multicultural & Bilingual Education,International School Early Division (British EYFS),Tier 1 (Macro / Institutional),Middle East,United Arab Emirates (Abu Dhabi),British EYFS,94,"Established international school in Abu Dhabi, United Arab Emirates; seeking sensory and acoustic screen-free companions for early English immersion and kindergarten transitions.",Screen vs. Sensory; Testing vs. Arts; Institution vs. Sanctuary,https://www.google.com/search?q=Madar+International+School+Abu+Dhabi,lead-esl-0541
admissions@the-military-high-school-al-ai.edu,"The Military High School, Al-Ain",Director of Early Years & Admissions,@the-military-high-school-al-ai,Website,Pillar V: Multicultural & Bilingual Education,International School Early Division (British EYFS),Tier 1 (Macro / Institutional),Middle East,United Arab Emirates (Abu Dhabi),British EYFS,94,"Established international school in Abu Dhabi, United Arab Emirates; seeking sensory and acoustic screen-free companions for early English immersion and kindergarten transitions.",Screen vs. Sensory; Testing vs. Arts; Institution vs. Sanctuary,"https://www.google.com/search?q=The+Military+High+School,+Al-Ain+Abu+Dhabi",lead-esl-0542
admissions@the-model-school-abu-dhabi.edu,"The Model School, Abu Dhabi",Director of Early Years & Admissions,@the-model-school-abu-dhabi,Website,Pillar V: Multicultural & Bilingual Education,International School Early Division (British EYFS),Tier 1 (Macro / Institutional),Middle East,United Arab Emirates (Abu Dhabi),British EYFS,94,"Established international school in Abu Dhabi, United Arab Emirates; seeking sensory and acoustic screen-free companions for early English immersion and kindergarten transitions.",Screen vs. Sensory; Testing vs. Arts; Institution vs. Sanctuary,"https://www.google.com/search?q=The+Model+School,+Abu+Dhabi+Abu+Dhabi",lead-esl-0543
admissions@merryland-international-school.edu,Merryland International School,Director of Early Years & Admissions,@merryland-international-school,Website,Pillar V: Multicultural & Bilingual Education,International School Early Division (British EYFS),Tier 1 (Macro / Institutional),Middle East,United Arab Emirates (Abu Dhabi),British EYFS,94,"Established international school in Abu Dhabi, United Arab Emirates; seeking sensory and acoustic screen-free companions for early English immersion and kindergarten transitions.",Screen vs. Sensory; Testing vs. Arts; Institution vs. Sanctuary,https://www.google.com/search?q=Merryland+International+School+Abu+Dhabi,lead-esl-0544
admissions@our-own-english-high-school-al.edu,"Our Own English High School, Al Ain",Director of Early Years & Admissions,@our-own-english-high-school-al,Website,Pillar V: Multicultural & Bilingual Education,International School Early Division (British EYFS),Tier 1 (Macro / Institutional),Middle East,United Arab Emirates (Abu Dhabi),British EYFS,94,"Established international school in Abu Dhabi, United Arab Emirates; seeking sensory and acoustic screen-free companions for early English immersion and kindergarten transitions.",Screen vs. Sensory; Testing vs. Arts; Institution vs. Sanctuary,"https://www.google.com/search?q=Our+Own+English+High+School,+Al+Ain+Abu+Dhabi",lead-esl-0545
admissions@new-indian-model-school-al-ain.edu,"New Indian Model School, Al Ain",Director of Early Years & Admissions,@new-indian-model-school-al-ain,Website,Pillar V: Multicultural & Bilingual Education,International School Early Division (CBSE Early Years),Tier 1 (Macro / Institutional),Middle East,United Arab Emirates (Abu Dhabi),CBSE Early Years,94,"Established international school in Abu Dhabi, United Arab Emirates; seeking sensory and acoustic screen-free companions for early English immersion and kindergarten transitions.",Screen vs. Sensory; Testing vs. Arts; Institution vs. Sanctuary,"https://www.google.com/search?q=New+Indian+Model+School,+Al+Ain+Abu+Dhabi",lead-esl-0546
admissions@reach-british-school.edu,Reach British School,Director of Early Years & Admissions,@reach-british-school,Website,Pillar V: Multicultural & Bilingual Education,International School Early Division (British EYFS),Tier 1 (Macro / Institutional),Middle East,United Arab Emirates (Abu Dhabi),British EYFS,94,"Established international school in Abu Dhabi, United Arab Emirates; seeking sensory and acoustic screen-free companions for early English immersion and kindergarten transitions.",Screen vs. Sensory; Testing vs. Arts; Institution vs. Sanctuary,https://www.google.com/search?q=Reach+British+School+Abu+Dhabi,lead-esl-0547
admissions@raha-international-school.edu,Raha International School,Director of Early Years & Admissions,@raha-international-school,Website,Pillar V: Multicultural & Bilingual Education,International School Early Division (British EYFS),Tier 1 (Macro / Institutional),Middle East,United Arab Emirates (Abu Dhabi),British EYFS,94,"Established international school in Abu Dhabi, United Arab Emirates; seeking sensory and acoustic screen-free companions for early English immersion and kindergarten transitions.",Screen vs. Sensory; Testing vs. Arts; Institution vs. Sanctuary,https://www.google.com/search?q=Raha+International+School+Abu+Dhabi,lead-esl-0548
admissions@al-saad-indian-school-al-ain.edu,"Al Saad Indian School, Al Ain",Director of Early Years & Admissions,@al-saad-indian-school-al-ain,Website,Pillar V: Multicultural & Bilingual Education,International School Early Division (CBSE Early Years),Tier 1 (Macro / Institutional),Middle East,United Arab Emirates (Abu Dhabi),CBSE Early Years,94,"Established international school in Abu Dhabi, United Arab Emirates; seeking sensory and acoustic screen-free companions for early English immersion and kindergarten transitions.",Screen vs. Sensory; Testing vs. Arts; Institution vs. Sanctuary,"https://www.google.com/search?q=Al+Saad+Indian+School,+Al+Ain+Abu+Dhabi",lead-esl-0549
admissions@st-joseph-s-school-abu-dhabi.edu,St Joseph's School (Abu Dhabi),Director of Early Years & Admissions,@st-joseph-s-school-abu-dhabi,Website,Pillar V: Multicultural & Bilingual Education,International School Early Division (British EYFS),Tier 1 (Macro / Institutional),Middle East,United Arab Emirates (Abu Dhabi),British EYFS,94,"Established international school in Abu Dhabi, United Arab Emirates; seeking sensory and acoustic screen-free companions for early English immersion and kindergarten transitions.",Screen vs. Sensory; Testing vs. Arts; Institution vs. Sanctuary,https://www.google.com/search?q=St+Joseph's+School+(Abu+Dhabi)+Abu+Dhabi,lead-esl-0550
admissions@universal-philippine-school.edu,Universal Philippine School,Director of Early Years & Admissions,@universal-philippine-school,Website,Pillar V: Multicultural & Bilingual Education,International School Early Division (British EYFS),Tier 1 (Macro / Institutional),Middle East,United Arab Emirates (Abu Dhabi),British EYFS,94,"Established international school in Abu Dhabi, United Arab Emirates; seeking sensory and acoustic screen-free companions for early English immersion and kindergarten transitions.",Screen vs. Sensory; Testing vs. Arts; Institution vs. Sanctuary,https://www.google.com/search?q=Universal+Philippine+School+Abu+Dhabi,lead-esl-0551
admissions@shaikh-khalifa-bin-zayed-bangl.edu,Shaikh Khalifa Bin Zayed Bangladesh Islamia School,Director of Early Years & Admissions,@shaikh-khalifa-bin-zayed-bangl,Website,Pillar V: Multicultural & Bilingual Education,International School Early Division (British EYFS),Tier 1 (Macro / Institutional),Middle East,United Arab Emirates (Abu Dhabi),British EYFS,94,"Established international school in Abu Dhabi, United Arab Emirates; seeking sensory and acoustic screen-free companions for early English immersion and kindergarten transitions.",Screen vs. Sensory; Testing vs. Arts; Institution vs. Sanctuary,https://www.google.com/search?q=Shaikh+Khalifa+Bin+Zayed+Bangladesh+Islamia+School+Abu+Dhabi,lead-esl-0552
admissions@zayed-al-awwal-secondary-schoo.edu,Zayed Al Awwal Secondary School,Director of Early Years & Admissions,@zayed-al-awwal-secondary-schoo,Website,Pillar V: Multicultural & Bilingual Education,International School Early Division (British EYFS),Tier 1 (Macro / Institutional),Middle East,United Arab Emirates (Abu Dhabi),British EYFS,94,"Established international school in Abu Dhabi, United Arab Emirates; seeking sensory and acoustic screen-free companions for early English immersion and kindergarten transitions.",Screen vs. Sensory; Testing vs. Arts; Institution vs. Sanctuary,https://www.google.com/search?q=Zayed+Al+Awwal+Secondary+School+Abu+Dhabi,lead-esl-0553
admissions@sheikh-zayed-private-academy-f.edu,Sheikh Zayed Private Academy For Girls,Director of Early Years & Admissions,@sheikh-zayed-private-academy-f,Website,Pillar V: Multicultural & Bilingual Education,International School Early Division (British EYFS),Tier 1 (Macro / Institutional),Middle East,United Arab Emirates (Abu Dhabi),British EYFS,94,"Established international school in Abu Dhabi, United Arab Emirates; seeking sensory and acoustic screen-free companions for early English immersion and kindergarten transitions.",Screen vs. Sensory; Testing vs. Arts; Institution vs. Sanctuary,https://www.google.com/search?q=Sheikh+Zayed+Private+Academy+For+Girls+Abu+Dhabi,lead-esl-0554
admissions@sunrise-english-private-school.edu,Sunrise English Private School,Director of Early Years & Admissions,@sunrise-english-private-school,Website,Pillar V: Multicultural & Bilingual Education,International School Early Division (British EYFS),Tier 1 (Macro / Institutional),Middle East,United Arab Emirates (Abu Dhabi),British EYFS,94,"Established international school in Abu Dhabi, United Arab Emirates; seeking sensory and acoustic screen-free companions for early English immersion and kindergarten transitions.",Screen vs. Sensory; Testing vs. Arts; Institution vs. Sanctuary,https://www.google.com/search?q=Sunrise+English+Private+School+Abu+Dhabi,lead-esl-0555
admissions@sheikh-zayed-private-academy-f.edu,Sheikh Zayed Private Academy For Boys,Director of Early Years & Admissions,@sheikh-zayed-private-academy-f,Website,Pillar V: Multicultural & Bilingual Education,International School Early Division (British EYFS),Tier 1 (Macro / Institutional),Middle East,United Arab Emirates (Abu Dhabi),British EYFS,94,"Established international school in Abu Dhabi, United Arab Emirates; seeking sensory and acoustic screen-free companions for early English immersion and kindergarten transitions.",Screen vs. Sensory; Testing vs. Arts; Institution vs. Sanctuary,https://www.google.com/search?q=Sheikh+Zayed+Private+Academy+For+Boys+Abu+Dhabi,lead-esl-0556
admissions@delhi-private-school-ajman.edu,"Delhi Private School, Ajman",Director of Early Years & Admissions,@delhi-private-school-ajman,Website,Pillar V: Multicultural & Bilingual Education,International School Early Division (British EYFS),Tier 1 (Macro / Institutional),Middle East,United Arab Emirates (Ajman),British EYFS,94,"Established international school in Ajman, United Arab Emirates; seeking sensory and acoustic screen-free companions for early English immersion and kindergarten transitions.",Screen vs. Sensory; Testing vs. Arts; Institution vs. Sanctuary,"https://www.google.com/search?q=Delhi+Private+School,+Ajman+Ajman",lead-esl-0557
admissions@al-ameer-english-school-ajman.edu,"Al Ameer English School, Ajman",Director of Early Years & Admissions,@al-ameer-english-school-ajman,Website,Pillar V: Multicultural & Bilingual Education,International School Early Division (British EYFS),Tier 1 (Macro / Institutional),Middle East,United Arab Emirates (Ajman),British EYFS,94,"Established international school in Ajman, United Arab Emirates; seeking sensory and acoustic screen-free companions for early English immersion and kindergarten transitions.",Screen vs. Sensory; Testing vs. Arts; Institution vs. Sanctuary,"https://www.google.com/search?q=Al+Ameer+English+School,+Ajman+Ajman",lead-esl-0558
admissions@habitat-schools.edu,Habitat Schools,Director of Early Years & Admissions,@habitat-schools,Website,Pillar V: Multicultural & Bilingual Education,International School Early Division (British EYFS),Tier 1 (Macro / Institutional),Middle East,United Arab Emirates (Ajman),British EYFS,94,"Established international school in Ajman, United Arab Emirates; seeking sensory and acoustic screen-free companions for early English immersion and kindergarten transitions.",Screen vs. Sensory; Testing vs. Arts; Institution vs. Sanctuary,https://www.google.com/search?q=Habitat+Schools+Ajman,lead-esl-0559
admissions@global-indian-school-ajman.edu,"Global Indian School, Ajman",Director of Early Years & Admissions,@global-indian-school-ajman,Website,Pillar V: Multicultural & Bilingual Education,International School Early Division (CBSE Early Years),Tier 1 (Macro / Institutional),Middle East,United Arab Emirates (Ajman),CBSE Early Years,94,"Established international school in Ajman, United Arab Emirates; seeking sensory and acoustic screen-free companions for early English immersion and kindergarten transitions.",Screen vs. Sensory; Testing vs. Arts; Institution vs. Sanctuary,"https://www.google.com/search?q=Global+Indian+School,+Ajman+Ajman",lead-esl-0560
admissions@british-international-school-a.edu,"British International School, Ajman",Director of Early Years & Admissions,@british-international-school-a,Website,Pillar V: Multicultural & Bilingual Education,International School Early Division (British EYFS),Tier 1 (Macro / Institutional),Middle East,United Arab Emirates (Ajman),British EYFS,94,"Established international school in Ajman, United Arab Emirates; seeking sensory and acoustic screen-free companions for early English immersion and kindergarten transitions.",Screen vs. Sensory; Testing vs. Arts; Institution vs. Sanctuary,"https://www.google.com/search?q=British+International+School,+Ajman+Ajman",lead-esl-0561
admissions@woodlem-park-school-ajman.edu,"Woodlem Park School, Ajman",Director of Early Years & Admissions,@woodlem-park-school-ajman,Website,Pillar V: Multicultural & Bilingual Education,International School Early Division (British EYFS),Tier 1 (Macro / Institutional),Middle East,United Arab Emirates (Ajman),British EYFS,94,"Established international school in Ajman, United Arab Emirates; seeking sensory and acoustic screen-free companions for early English immersion and kindergarten transitions.",Screen vs. Sensory; Testing vs. Arts; Institution vs. Sanctuary,"https://www.google.com/search?q=Woodlem+Park+School,+Ajman+Ajman",lead-esl-0562
admissions@the-royal-academy-ajman.edu,"The Royal Academy, Ajman",Director of Early Years & Admissions,@the-royal-academy-ajman,Website,Pillar V: Multicultural & Bilingual Education,International School Early Division (British EYFS),Tier 1 (Macro / Institutional),Middle East,United Arab Emirates (Ajman),British EYFS,94,"Established international school in Ajman, United Arab Emirates; seeking sensory and acoustic screen-free companions for early English immersion and kindergarten transitions.",Screen vs. Sensory; Testing vs. Arts; Institution vs. Sanctuary,"https://www.google.com/search?q=The+Royal+Academy,+Ajman+Ajman",lead-esl-0563
admissions@woodlem-park-al-hamidiya-priva.edu,Woodlem Park Al Hamidiya Private School,Director of Early Years & Admissions,@woodlem-park-al-hamidiya-priva,Website,Pillar V: Multicultural & Bilingual Education,International School Early Division (British EYFS),Tier 1 (Macro / Institutional),Middle East,United Arab Emirates (Ajman),British EYFS,94,"Established international school in Ajman, United Arab Emirates; seeking sensory and acoustic screen-free companions for early English immersion and kindergarten transitions.",Screen vs. Sensory; Testing vs. Arts; Institution vs. Sanctuary,https://www.google.com/search?q=Woodlem+Park+Al+Hamidiya+Private+School+Ajman,lead-esl-0564
admissions@woodlem-british-school-ajman.edu,"Woodlem British School, Ajman",Director of Early Years & Admissions,@woodlem-british-school-ajman,Website,Pillar V: Multicultural & Bilingual Education,International School Early Division (British EYFS),Tier 1 (Macro / Institutional),Middle East,United Arab Emirates (Ajman),British EYFS,94,"Established international school in Ajman, United Arab Emirates; seeking sensory and acoustic screen-free companions for early English immersion and kindergarten transitions.",Screen vs. Sensory; Testing vs. Arts; Institution vs. Sanctuary,"https://www.google.com/search?q=Woodlem+British+School,+Ajman+Ajman",lead-esl-0565
admissions@metropolitan-international-ind.edu,Metropolitan International Indian School,Director of Early Years & Admissions,@metropolitan-international-ind,Website,Pillar V: Multicultural & Bilingual Education,International School Early Division (CBSE Early Years),Tier 1 (Macro / Institutional),Middle East,United Arab Emirates (Ajman),CBSE Early Years,94,"Established international school in Ajman, United Arab Emirates; seeking sensory and acoustic screen-free companions for early English immersion and kindergarten transitions.",Screen vs. Sensory; Testing vs. Arts; Institution vs. Sanctuary,https://www.google.com/search?q=Metropolitan+International+Indian+School+Ajman,lead-esl-0566
admissions@cosmopolitan-international-ind.edu,Cosmopolitan International Indian School,Director of Early Years & Admissions,@cosmopolitan-international-ind,Website,Pillar V: Multicultural & Bilingual Education,International School Early Division (CBSE Early Years),Tier 1 (Macro / Institutional),Middle East,United Arab Emirates (Ajman),CBSE Early Years,94,"Established international school in Ajman, United Arab Emirates; seeking sensory and acoustic screen-free companions for early English immersion and kindergarten transitions.",Screen vs. Sensory; Testing vs. Arts; Institution vs. Sanctuary,https://www.google.com/search?q=Cosmopolitan+International+Indian+School+Ajman,lead-esl-0567
admissions@al-mawakeb-schools-al-barsha-a.edu,"Al Mawakeb Schools - Al Barsha, Al Garhoud, Al Khawaneej",Director of Early Years & Admissions,@al-mawakeb-schools-al-barsha-a,Website,Pillar V: Multicultural & Bilingual Education,International School Early Division (British EYFS),Tier 1 (Macro / Institutional),Middle East,United Arab Emirates (Dubai),British EYFS,94,"Established international school in Dubai, United Arab Emirates; seeking sensory and acoustic screen-free companions for early English immersion and kindergarten transitions.",Screen vs. Sensory; Testing vs. Arts; Institution vs. Sanctuary,"https://www.google.com/search?q=Al+Mawakeb+Schools+-+Al+Barsha,+Al+Garhoud,+Al+Khawaneej+Dubai",lead-esl-0568
admissions@american-academy-in-al-mizhar.edu,American Academy in Al-Mizhar,Director of Early Years & Admissions,@american-academy-in-al-mizhar,Website,Pillar V: Multicultural & Bilingual Education,International School Early Division (American Early Childhood),Tier 1 (Macro / Institutional),Middle East,United Arab Emirates (Dubai),American Early Childhood,94,"Established international school in Dubai, United Arab Emirates; seeking sensory and acoustic screen-free companions for early English immersion and kindergarten transitions.",Screen vs. Sensory; Testing vs. Arts; Institution vs. Sanctuary,https://www.google.com/search?q=American+Academy+in+Al-Mizhar+Dubai,lead-esl-0569
admissions@american-school-of-dubai.edu,American School of Dubai,Director of Early Years & Admissions,@american-school-of-dubai,Website,Pillar V: Multicultural & Bilingual Education,International School Early Division (American Early Childhood),Tier 1 (Macro / Institutional),Middle East,United Arab Emirates (Dubai),American Early Childhood,94,"Established international school in Dubai, United Arab Emirates; seeking sensory and acoustic screen-free companions for early English immersion and kindergarten transitions.",Screen vs. Sensory; Testing vs. Arts; Institution vs. Sanctuary,https://www.google.com/search?q=American+School+of+Dubai+Dubai,lead-esl-0570
admissions@al-diyafah-high-school.edu,Al Diyafah High School,Director of Early Years & Admissions,@al-diyafah-high-school,Website,Pillar V: Multicultural & Bilingual Education,International School Early Division (British EYFS),Tier 1 (Macro / Institutional),Middle East,United Arab Emirates (Dubai),British EYFS,94,"Established international school in Dubai, United Arab Emirates; seeking sensory and acoustic screen-free companions for early English immersion and kindergarten transitions.",Screen vs. Sensory; Testing vs. Arts; Institution vs. Sanctuary,https://www.google.com/search?q=Al+Diyafah+High+School+Dubai,lead-esl-0571
admissions@al-maaref-private-school.edu,Al Maaref Private School,Director of Early Years & Admissions,@al-maaref-private-school,Website,Pillar V: Multicultural & Bilingual Education,International School Early Division (British EYFS),Tier 1 (Macro / Institutional),Middle East,United Arab Emirates (Dubai),British EYFS,94,"Established international school in Dubai, United Arab Emirates; seeking sensory and acoustic screen-free companions for early English immersion and kindergarten transitions.",Screen vs. Sensory; Testing vs. Arts; Institution vs. Sanctuary,https://www.google.com/search?q=Al+Maaref+Private+School+Dubai,lead-esl-0572
admissions@al-salam-private-school.edu,Al Salam Private School,Director of Early Years & Admissions,@al-salam-private-school,Website,Pillar V: Multicultural & Bilingual Education,International School Early Division (British EYFS),Tier 1 (Macro / Institutional),Middle East,United Arab Emirates (Dubai),British EYFS,94,"Established international school in Dubai, United Arab Emirates; seeking sensory and acoustic screen-free companions for early English immersion and kindergarten transitions.",Screen vs. Sensory; Testing vs. Arts; Institution vs. Sanctuary,https://www.google.com/search?q=Al+Salam+Private+School+Dubai,lead-esl-0573
admissions@arab-unity-school.edu,Arab Unity School,Director of Early Years & Admissions,@arab-unity-school,Website,Pillar V: Multicultural & Bilingual Education,International School Early Division (British EYFS),Tier 1 (Macro / Institutional),Middle East,United Arab Emirates (Dubai),British EYFS,94,"Established international school in Dubai, United Arab Emirates; seeking sensory and acoustic screen-free companions for early English immersion and kindergarten transitions.",Screen vs. Sensory; Testing vs. Arts; Institution vs. Sanctuary,https://www.google.com/search?q=Arab+Unity+School+Dubai,lead-esl-0574
admissions@buds-public-school-dubai.edu,"Buds Public School, Dubai",Director of Early Years & Admissions,@buds-public-school-dubai,Website,Pillar V: Multicultural & Bilingual Education,International School Early Division (British EYFS),Tier 1 (Macro / Institutional),Middle East,United Arab Emirates (Dubai),British EYFS,94,"Established international school in Dubai, United Arab Emirates; seeking sensory and acoustic screen-free companions for early English immersion and kindergarten transitions.",Screen vs. Sensory; Testing vs. Arts; Institution vs. Sanctuary,"https://www.google.com/search?q=Buds+Public+School,+Dubai+Dubai",lead-esl-0575
admissions@clarion-school-dubai.edu,"Clarion School, Dubai",Director of Early Years & Admissions,@clarion-school-dubai,Website,Pillar V: Multicultural & Bilingual Education,International School Early Division (British EYFS),Tier 1 (Macro / Institutional),Middle East,United Arab Emirates (Dubai),British EYFS,94,"Established international school in Dubai, United Arab Emirates; seeking sensory and acoustic screen-free companions for early English immersion and kindergarten transitions.",Screen vs. Sensory; Testing vs. Arts; Institution vs. Sanctuary,"https://www.google.com/search?q=Clarion+School,+Dubai+Dubai",lead-esl-0576
admissions@credence-high-school-dubai.edu,"Credence High School, Dubai",Director of Early Years & Admissions,@credence-high-school-dubai,Website,Pillar V: Multicultural & Bilingual Education,International School Early Division (British EYFS),Tier 1 (Macro / Institutional),Middle East,United Arab Emirates (Dubai),British EYFS,94,"Established international school in Dubai, United Arab Emirates; seeking sensory and acoustic screen-free companions for early English immersion and kindergarten transitions.",Screen vs. Sensory; Testing vs. Arts; Institution vs. Sanctuary,"https://www.google.com/search?q=Credence+High+School,+Dubai+Dubai",lead-esl-0577
admissions@delhi-private-school-dubai.edu,"Delhi Private School, Dubai",Director of Early Years & Admissions,@delhi-private-school-dubai,Website,Pillar V: Multicultural & Bilingual Education,International School Early Division (British EYFS),Tier 1 (Macro / Institutional),Middle East,United Arab Emirates (Dubai),British EYFS,94,"Established international school in Dubai, United Arab Emirates; seeking sensory and acoustic screen-free companions for early English immersion and kindergarten transitions.",Screen vs. Sensory; Testing vs. Arts; Institution vs. Sanctuary,"https://www.google.com/search?q=Delhi+Private+School,+Dubai+Dubai",lead-esl-0578
admissions@dubai-american-academy.edu,Dubai American Academy,Director of Early Years & Admissions,@dubai-american-academy,Website,Pillar V: Multicultural & Bilingual Education,International School Early Division (American Early Childhood),Tier 1 (Macro / Institutional),Middle East,United Arab Emirates (Dubai),American Early Childhood,94,"Established international school in Dubai, United Arab Emirates; seeking sensory and acoustic screen-free companions for early English immersion and kindergarten transitions.",Screen vs. Sensory; Testing vs. Arts; Institution vs. Sanctuary,https://www.google.com/search?q=Dubai+American+Academy+Dubai,lead-esl-0579
admissions@dubai-british-school.edu,Dubai British School,Director of Early Years & Admissions,@dubai-british-school,Website,Pillar V: Multicultural & Bilingual Education,International School Early Division (British EYFS),Tier 1 (Macro / Institutional),Middle East,United Arab Emirates (Dubai),British EYFS,94,"Established international school in Dubai, United Arab Emirates; seeking sensory and acoustic screen-free companions for early English immersion and kindergarten transitions.",Screen vs. Sensory; Testing vs. Arts; Institution vs. Sanctuary,https://www.google.com/search?q=Dubai+British+School+Dubai,lead-esl-0580
admissions@dubai-college.edu,Dubai College,Director of Early Years & Admissions,@dubai-college,Website,Pillar V: Multicultural & Bilingual Education,International School Early Division (British EYFS),Tier 1 (Macro / Institutional),Middle East,United Arab Emirates (Dubai),British EYFS,94,"Established international school in Dubai, United Arab Emirates; seeking sensory and acoustic screen-free companions for early English immersion and kindergarten transitions.",Screen vs. Sensory; Testing vs. Arts; Institution vs. Sanctuary,https://www.google.com/search?q=Dubai+College+Dubai,lead-esl-0581
admissions@dubai-english-speaking-college.edu,Dubai English Speaking College,Director of Early Years & Admissions,@dubai-english-speaking-college,Website,Pillar V: Multicultural & Bilingual Education,International School Early Division (British EYFS),Tier 1 (Macro / Institutional),Middle East,United Arab Emirates (Dubai),British EYFS,94,"Established international school in Dubai, United Arab Emirates; seeking sensory and acoustic screen-free companions for early English immersion and kindergarten transitions.",Screen vs. Sensory; Testing vs. Arts; Institution vs. Sanctuary,https://www.google.com/search?q=Dubai+English+Speaking+College+Dubai,lead-esl-0582
admissions@dubai-international-academy.edu,Dubai International Academy,Director of Early Years & Admissions,@dubai-international-academy,Website,Pillar V: Multicultural & Bilingual Education,International School Early Division (British EYFS),Tier 1 (Macro / Institutional),Middle East,United Arab Emirates (Dubai),British EYFS,94,"Established international school in Dubai, United Arab Emirates; seeking sensory and acoustic screen-free companions for early English immersion and kindergarten transitions.",Screen vs. Sensory; Testing vs. Arts; Institution vs. Sanctuary,https://www.google.com/search?q=Dubai+International+Academy+Dubai,lead-esl-0583
admissions@dubai-international-school.edu,Dubai International School,Director of Early Years & Admissions,@dubai-international-school,Website,Pillar V: Multicultural & Bilingual Education,International School Early Division (British EYFS),Tier 1 (Macro / Institutional),Middle East,United Arab Emirates (Dubai),British EYFS,94,"Established international school in Dubai, United Arab Emirates; seeking sensory and acoustic screen-free companions for early English immersion and kindergarten transitions.",Screen vs. Sensory; Testing vs. Arts; Institution vs. Sanctuary,https://www.google.com/search?q=Dubai+International+School+Dubai,lead-esl-0584
admissions@dubai-japanese-school.edu,Dubai Japanese School,Director of Early Years & Admissions,@dubai-japanese-school,Website,Pillar V: Multicultural & Bilingual Education,International School Early Division (British EYFS),Tier 1 (Macro / Institutional),Middle East,United Arab Emirates (Dubai),British EYFS,94,"Established international school in Dubai, United Arab Emirates; seeking sensory and acoustic screen-free companions for early English immersion and kindergarten transitions.",Screen vs. Sensory; Testing vs. Arts; Institution vs. Sanctuary,https://www.google.com/search?q=Dubai+Japanese+School+Dubai,lead-esl-0585
admissions@dubai-national-school-al-barsh.edu,"Dubai National School, Al Barsha",Director of Early Years & Admissions,@dubai-national-school-al-barsh,Website,Pillar V: Multicultural & Bilingual Education,International School Early Division (British EYFS),Tier 1 (Macro / Institutional),Middle East,United Arab Emirates (Dubai),British EYFS,94,"Established international school in Dubai, United Arab Emirates; seeking sensory and acoustic screen-free companions for early English immersion and kindergarten transitions.",Screen vs. Sensory; Testing vs. Arts; Institution vs. Sanctuary,"https://www.google.com/search?q=Dubai+National+School,+Al+Barsha+Dubai",lead-esl-0586
admissions@dubai-national-school-al-twar.edu,"Dubai National School, Al Twar",Director of Early Years & Admissions,@dubai-national-school-al-twar,Website,Pillar V: Multicultural & Bilingual Education,International School Early Division (British EYFS),Tier 1 (Macro / Institutional),Middle East,United Arab Emirates (Dubai),British EYFS,94,"Established international school in Dubai, United Arab Emirates; seeking sensory and acoustic screen-free companions for early English immersion and kindergarten transitions.",Screen vs. Sensory; Testing vs. Arts; Institution vs. Sanctuary,"https://www.google.com/search?q=Dubai+National+School,+Al+Twar+Dubai",lead-esl-0587
admissions@dubai-scholars-private-school.edu,Dubai Scholars Private School,Director of Early Years & Admissions,@dubai-scholars-private-school,Website,Pillar V: Multicultural & Bilingual Education,International School Early Division (British EYFS),Tier 1 (Macro / Institutional),Middle East,United Arab Emirates (Dubai),British EYFS,94,"Established international school in Dubai, United Arab Emirates; seeking sensory and acoustic screen-free companions for early English immersion and kindergarten transitions.",Screen vs. Sensory; Testing vs. Arts; Institution vs. Sanctuary,https://www.google.com/search?q=Dubai+Scholars+Private+School+Dubai,lead-esl-0588
admissions@emirates-international-school-.edu,Emirates International School – Jumeirah,Director of Early Years & Admissions,@emirates-international-school-,Website,Pillar V: Multicultural & Bilingual Education,International School Early Division (British EYFS),Tier 1 (Macro / Institutional),Middle East,United Arab Emirates (Dubai),British EYFS,94,"Established international school in Dubai, United Arab Emirates; seeking sensory and acoustic screen-free companions for early English immersion and kindergarten transitions.",Screen vs. Sensory; Testing vs. Arts; Institution vs. Sanctuary,https://www.google.com/search?q=Emirates+International+School+–+Jumeirah+Dubai,lead-esl-0589
admissions@english-college-dubai.edu,English College Dubai,Director of Early Years & Admissions,@english-college-dubai,Website,Pillar V: Multicultural & Bilingual Education,International School Early Division (British EYFS),Tier 1 (Macro / Institutional),Middle East,United Arab Emirates (Dubai),British EYFS,94,"Established international school in Dubai, United Arab Emirates; seeking sensory and acoustic screen-free companions for early English immersion and kindergarten transitions.",Screen vs. Sensory; Testing vs. Arts; Institution vs. Sanctuary,https://www.google.com/search?q=English+College+Dubai+Dubai,lead-esl-0590
admissions@english-language-school-dubai.edu,"English Language School, Dubai",Director of Early Years & Admissions,@english-language-school-dubai,Website,Pillar V: Multicultural & Bilingual Education,International School Early Division (British EYFS),Tier 1 (Macro / Institutional),Middle East,United Arab Emirates (Dubai),British EYFS,94,"Established international school in Dubai, United Arab Emirates; seeking sensory and acoustic screen-free companions for early English immersion and kindergarten transitions.",Screen vs. Sensory; Testing vs. Arts; Institution vs. Sanctuary,"https://www.google.com/search?q=English+Language+School,+Dubai+Dubai",lead-esl-0591
admissions@gems-international-school-al-k.edu,"GEMS International School, Al Khail",Director of Early Years & Admissions,@gems-international-school-al-k,Website,Pillar V: Multicultural & Bilingual Education,International School Early Division (British EYFS),Tier 1 (Macro / Institutional),Middle East,United Arab Emirates (Dubai),British EYFS,94,"Established international school in Dubai, United Arab Emirates; seeking sensory and acoustic screen-free companions for early English immersion and kindergarten transitions.",Screen vs. Sensory; Testing vs. Arts; Institution vs. Sanctuary,"https://www.google.com/search?q=GEMS+International+School,+Al+Khail+Dubai",lead-esl-0592
admissions@gems-founders-school-dubai.edu,"GEMS Founders School, Dubai",Director of Early Years & Admissions,@gems-founders-school-dubai,Website,Pillar V: Multicultural & Bilingual Education,International School Early Division (British EYFS),Tier 1 (Macro / Institutional),Middle East,United Arab Emirates (Dubai),British EYFS,94,"Established international school in Dubai, United Arab Emirates; seeking sensory and acoustic screen-free companions for early English immersion and kindergarten transitions.",Screen vs. Sensory; Testing vs. Arts; Institution vs. Sanctuary,"https://www.google.com/search?q=GEMS+Founders+School,+Dubai+Dubai",lead-esl-0593
admissions@gems-modern-academy.edu,GEMS Modern Academy,Director of Early Years & Admissions,@gems-modern-academy,Website,Pillar V: Multicultural & Bilingual Education,International School Early Division (British EYFS),Tier 1 (Macro / Institutional),Middle East,United Arab Emirates (Dubai),British EYFS,94,"Established international school in Dubai, United Arab Emirates; seeking sensory and acoustic screen-free companions for early English immersion and kindergarten transitions.",Screen vs. Sensory; Testing vs. Arts; Institution vs. Sanctuary,https://www.google.com/search?q=GEMS+Modern+Academy+Dubai,lead-esl-0594
admissions@gems-our-own-indian-school.edu,GEMS Our Own Indian School,Director of Early Years & Admissions,@gems-our-own-indian-school,Website,Pillar V: Multicultural & Bilingual Education,International School Early Division (CBSE Early Years),Tier 1 (Macro / Institutional),Middle East,United Arab Emirates (Dubai),CBSE Early Years,94,"Established international school in Dubai, United Arab Emirates; seeking sensory and acoustic screen-free companions for early English immersion and kindergarten transitions.",Screen vs. Sensory; Testing vs. Arts; Institution vs. Sanctuary,https://www.google.com/search?q=GEMS+Our+Own+Indian+School+Dubai,lead-esl-0595
admissions@gems-wellington-academy-silico.edu,"GEMS Wellington Academy, Silicon Oasis",Director of Early Years & Admissions,@gems-wellington-academy-silico,Website,Pillar V: Multicultural & Bilingual Education,International School Early Division (British EYFS),Tier 1 (Macro / Institutional),Middle East,United Arab Emirates (Dubai),British EYFS,94,"Established international school in Dubai, United Arab Emirates; seeking sensory and acoustic screen-free companions for early English immersion and kindergarten transitions.",Screen vs. Sensory; Testing vs. Arts; Institution vs. Sanctuary,"https://www.google.com/search?q=GEMS+Wellington+Academy,+Silicon+Oasis+Dubai",lead-esl-0596
admissions@gems-wellington-international-.edu,GEMS Wellington International School,Director of Early Years & Admissions,@gems-wellington-international-,Website,Pillar V: Multicultural & Bilingual Education,International School Early Division (British EYFS),Tier 1 (Macro / Institutional),Middle East,United Arab Emirates (Dubai),British EYFS,94,"Established international school in Dubai, United Arab Emirates; seeking sensory and acoustic screen-free companions for early English immersion and kindergarten transitions.",Screen vs. Sensory; Testing vs. Arts; Institution vs. Sanctuary,https://www.google.com/search?q=GEMS+Wellington+International+School+Dubai,lead-esl-0597
admissions@gems-world-academy.edu,GEMS World Academy,Director of Early Years & Admissions,@gems-world-academy,Website,Pillar V: Multicultural & Bilingual Education,International School Early Division (British EYFS),Tier 1 (Macro / Institutional),Middle East,United Arab Emirates (Dubai),British EYFS,94,"Established international school in Dubai, United Arab Emirates; seeking sensory and acoustic screen-free companions for early English immersion and kindergarten transitions.",Screen vs. Sensory; Testing vs. Arts; Institution vs. Sanctuary,https://www.google.com/search?q=GEMS+World+Academy+Dubai,lead-esl-0598
admissions@greenfield-community-school.edu,Greenfield Community School,Director of Early Years & Admissions,@greenfield-community-school,Website,Pillar V: Multicultural & Bilingual Education,International School Early Division (British EYFS),Tier 1 (Macro / Institutional),Middle East,United Arab Emirates (Dubai),British EYFS,94,"Established international school in Dubai, United Arab Emirates; seeking sensory and acoustic screen-free companions for early English immersion and kindergarten transitions.",Screen vs. Sensory; Testing vs. Arts; Institution vs. Sanctuary,https://www.google.com/search?q=Greenfield+Community+School+Dubai,lead-esl-0599
admissions@greenwood-international-school.edu,Greenwood International School,Director of Early Years & Admissions,@greenwood-international-school,Website,Pillar V: Multicultural & Bilingual Education,International School Early Division (British EYFS),Tier 1 (Macro / Institutional),Middle East,United Arab Emirates (Dubai),British EYFS,94,"Established international school in Dubai, United Arab Emirates; seeking sensory and acoustic screen-free companions for early English immersion and kindergarten transitions.",Screen vs. Sensory; Testing vs. Arts; Institution vs. Sanctuary,https://www.google.com/search?q=Greenwood+International+School+Dubai,lead-esl-0600
admissions@gulf-indian-high-school.edu,Gulf Indian High School,Director of Early Years & Admissions,@gulf-indian-high-school,Website,Pillar V: Multicultural & Bilingual Education,International School Early Division (CBSE Early Years),Tier 1 (Macro / Institutional),Middle East,United Arab Emirates (Dubai),CBSE Early Years,94,"Established international school in Dubai, United Arab Emirates; seeking sensory and acoustic screen-free companions for early English immersion and kindergarten transitions.",Screen vs. Sensory; Testing vs. Arts; Institution vs. Sanctuary,https://www.google.com/search?q=Gulf+Indian+High+School+Dubai,lead-esl-0601
admissions@the-indian-high-school-dubai.edu,"The Indian High School, Dubai",Director of Early Years & Admissions,@the-indian-high-school-dubai,Website,Pillar V: Multicultural & Bilingual Education,International School Early Division (CBSE Early Years),Tier 1 (Macro / Institutional),Middle East,United Arab Emirates (Dubai),CBSE Early Years,94,"Established international school in Dubai, United Arab Emirates; seeking sensory and acoustic screen-free companions for early English immersion and kindergarten transitions.",Screen vs. Sensory; Testing vs. Arts; Institution vs. Sanctuary,"https://www.google.com/search?q=The+Indian+High+School,+Dubai+Dubai",lead-esl-0602
admissions@jumeira-baccalaureate-school.edu,Jumeira Baccalaureate School,Director of Early Years & Admissions,@jumeira-baccalaureate-school,Website,Pillar V: Multicultural & Bilingual Education,International School Early Division (British EYFS),Tier 1 (Macro / Institutional),Middle East,United Arab Emirates (Dubai),British EYFS,94,"Established international school in Dubai, United Arab Emirates; seeking sensory and acoustic screen-free companions for early English immersion and kindergarten transitions.",Screen vs. Sensory; Testing vs. Arts; Institution vs. Sanctuary,https://www.google.com/search?q=Jumeira+Baccalaureate+School+Dubai,lead-esl-0603
admissions@jumeirah-college.edu,Jumeirah College,Director of Early Years & Admissions,@jumeirah-college,Website,Pillar V: Multicultural & Bilingual Education,International School Early Division (British EYFS),Tier 1 (Macro / Institutional),Middle East,United Arab Emirates (Dubai),British EYFS,94,"Established international school in Dubai, United Arab Emirates; seeking sensory and acoustic screen-free companions for early English immersion and kindergarten transitions.",Screen vs. Sensory; Testing vs. Arts; Institution vs. Sanctuary,https://www.google.com/search?q=Jumeirah+College+Dubai,lead-esl-0604
admissions@latifa-school-for-girls.edu,Latifa School for Girls,Director of Early Years & Admissions,@latifa-school-for-girls,Website,Pillar V: Multicultural & Bilingual Education,International School Early Division (British EYFS),Tier 1 (Macro / Institutional),Middle East,United Arab Emirates (Dubai),British EYFS,94,"Established international school in Dubai, United Arab Emirates; seeking sensory and acoustic screen-free companions for early English immersion and kindergarten transitions.",Screen vs. Sensory; Testing vs. Arts; Institution vs. Sanctuary,https://www.google.com/search?q=Latifa+School+for+Girls+Dubai,lead-esl-0605
admissions@lycee-francais-international-d.edu,Lycee Francais International de Dubai,Director of Early Years & Admissions,@lycee-francais-international-d,Website,Pillar V: Multicultural & Bilingual Education,International School Early Division (British EYFS),Tier 1 (Macro / Institutional),Middle East,United Arab Emirates (Dubai),British EYFS,94,"Established international school in Dubai, United Arab Emirates; seeking sensory and acoustic screen-free companions for early English immersion and kindergarten transitions.",Screen vs. Sensory; Testing vs. Arts; Institution vs. Sanctuary,https://www.google.com/search?q=Lycee+Francais+International+de+Dubai+Dubai,lead-esl-0606
admissions@new-indian-model-school.edu,New Indian Model School,Director of Early Years & Admissions,@new-indian-model-school,Website,Pillar V: Multicultural & Bilingual Education,International School Early Division (CBSE Early Years),Tier 1 (Macro / Institutional),Middle East,United Arab Emirates (Dubai),CBSE Early Years,94,"Established international school in Dubai, United Arab Emirates; seeking sensory and acoustic screen-free companions for early English immersion and kindergarten transitions.",Screen vs. Sensory; Testing vs. Arts; Institution vs. Sanctuary,https://www.google.com/search?q=New+Indian+Model+School+Dubai,lead-esl-0607
admissions@newlands-school.edu,Newlands School,Director of Early Years & Admissions,@newlands-school,Website,Pillar V: Multicultural & Bilingual Education,International School Early Division (British EYFS),Tier 1 (Macro / Institutional),Middle East,United Arab Emirates (Dubai),British EYFS,94,"Established international school in Dubai, United Arab Emirates; seeking sensory and acoustic screen-free companions for early English immersion and kindergarten transitions.",Screen vs. Sensory; Testing vs. Arts; Institution vs. Sanctuary,https://www.google.com/search?q=Newlands+School+Dubai,lead-esl-0608
admissions@nibras-international-school.edu,Nibras International School,Director of Early Years & Admissions,@nibras-international-school,Website,Pillar V: Multicultural & Bilingual Education,International School Early Division (British EYFS),Tier 1 (Macro / Institutional),Middle East,United Arab Emirates (Dubai),British EYFS,94,"Established international school in Dubai, United Arab Emirates; seeking sensory and acoustic screen-free companions for early English immersion and kindergarten transitions.",Screen vs. Sensory; Testing vs. Arts; Institution vs. Sanctuary,https://www.google.com/search?q=Nibras+International+School+Dubai,lead-esl-0609
admissions@nord-anglia-international-scho.edu,Nord Anglia International School Dubai,Director of Early Years & Admissions,@nord-anglia-international-scho,Website,Pillar V: Multicultural & Bilingual Education,International School Early Division (British EYFS),Tier 1 (Macro / Institutional),Middle East,United Arab Emirates (Dubai),British EYFS,94,"Established international school in Dubai, United Arab Emirates; seeking sensory and acoustic screen-free companions for early English immersion and kindergarten transitions.",Screen vs. Sensory; Testing vs. Arts; Institution vs. Sanctuary,https://www.google.com/search?q=Nord+Anglia+International+School+Dubai+Dubai,lead-esl-0610
admissions@our-own-english-high-school.edu,Our Own English High School,Director of Early Years & Admissions,@our-own-english-high-school,Website,Pillar V: Multicultural & Bilingual Education,International School Early Division (British EYFS),Tier 1 (Macro / Institutional),Middle East,United Arab Emirates (Dubai),British EYFS,94,"Established international school in Dubai, United Arab Emirates; seeking sensory and acoustic screen-free companions for early English immersion and kindergarten transitions.",Screen vs. Sensory; Testing vs. Arts; Institution vs. Sanctuary,https://www.google.com/search?q=Our+Own+English+High+School+Dubai,lead-esl-0611
admissions@the-philippine-school-dubai.edu,"The Philippine School, Dubai",Director of Early Years & Admissions,@the-philippine-school-dubai,Website,Pillar V: Multicultural & Bilingual Education,International School Early Division (British EYFS),Tier 1 (Macro / Institutional),Middle East,United Arab Emirates (Dubai),British EYFS,94,"Established international school in Dubai, United Arab Emirates; seeking sensory and acoustic screen-free companions for early English immersion and kindergarten transitions.",Screen vs. Sensory; Testing vs. Arts; Institution vs. Sanctuary,"https://www.google.com/search?q=The+Philippine+School,+Dubai+Dubai",lead-esl-0612
admissions@rashid-school-for-boys.edu,Rashid School For Boys,Director of Early Years & Admissions,@rashid-school-for-boys,Website,Pillar V: Multicultural & Bilingual Education,International School Early Division (British EYFS),Tier 1 (Macro / Institutional),Middle East,United Arab Emirates (Dubai),British EYFS,94,"Established international school in Dubai, United Arab Emirates; seeking sensory and acoustic screen-free companions for early English immersion and kindergarten transitions.",Screen vs. Sensory; Testing vs. Arts; Institution vs. Sanctuary,https://www.google.com/search?q=Rashid+School+For+Boys+Dubai,lead-esl-0613
admissions@repton-school-dubai.edu,Repton School Dubai,Director of Early Years & Admissions,@repton-school-dubai,Website,Pillar V: Multicultural & Bilingual Education,International School Early Division (British EYFS),Tier 1 (Macro / Institutional),Middle East,United Arab Emirates (Dubai),British EYFS,94,"Established international school in Dubai, United Arab Emirates; seeking sensory and acoustic screen-free companions for early English immersion and kindergarten transitions.",Screen vs. Sensory; Testing vs. Arts; Institution vs. Sanctuary,https://www.google.com/search?q=Repton+School+Dubai+Dubai,lead-esl-0614
admissions@safa-community-school.edu,Safa Community School,Director of Early Years & Admissions,@safa-community-school,Website,Pillar V: Multicultural & Bilingual Education,International School Early Division (British EYFS),Tier 1 (Macro / Institutional),Middle East,United Arab Emirates (Dubai),British EYFS,94,"Established international school in Dubai, United Arab Emirates; seeking sensory and acoustic screen-free companions for early English immersion and kindergarten transitions.",Screen vs. Sensory; Testing vs. Arts; Institution vs. Sanctuary,https://www.google.com/search?q=Safa+Community+School+Dubai,lead-esl-0615
admissions@sunmarke-school.edu,Sunmarke School,Director of Early Years & Admissions,@sunmarke-school,Website,Pillar V: Multicultural & Bilingual Education,International School Early Division (British EYFS),Tier 1 (Macro / Institutional),Middle East,United Arab Emirates (Dubai),British EYFS,94,"Established international school in Dubai, United Arab Emirates; seeking sensory and acoustic screen-free companions for early English immersion and kindergarten transitions.",Screen vs. Sensory; Testing vs. Arts; Institution vs. Sanctuary,https://www.google.com/search?q=Sunmarke+School+Dubai,lead-esl-0616
admissions@the-winchester-school-jebel-al.edu,"The Winchester School, Jebel Ali",Director of Early Years & Admissions,@the-winchester-school-jebel-al,Website,Pillar V: Multicultural & Bilingual Education,International School Early Division (British EYFS),Tier 1 (Macro / Institutional),Middle East,United Arab Emirates (Dubai),British EYFS,94,"Established international school in Dubai, United Arab Emirates; seeking sensory and acoustic screen-free companions for early English immersion and kindergarten transitions.",Screen vs. Sensory; Testing vs. Arts; Institution vs. Sanctuary,"https://www.google.com/search?q=The+Winchester+School,+Jebel+Ali+Dubai",lead-esl-0617
admissions@global-indian-international-sc.edu,"Global Indian International School, Dubai",Director of Early Years & Admissions,@global-indian-international-sc,Website,Pillar V: Multicultural & Bilingual Education,International School Early Division (CBSE Early Years),Tier 1 (Macro / Institutional),Middle East,United Arab Emirates (Dubai),CBSE Early Years,94,"Established international school in Dubai, United Arab Emirates; seeking sensory and acoustic screen-free companions for early English immersion and kindergarten transitions.",Screen vs. Sensory; Testing vs. Arts; Institution vs. Sanctuary,"https://www.google.com/search?q=Global+Indian+International+School,+Dubai+Dubai",lead-esl-0618
admissions@glendale-international-school.edu,Glendale International School,Director of Early Years & Admissions,@glendale-international-school,Website,Pillar V: Multicultural & Bilingual Education,International School Early Division (British EYFS),Tier 1 (Macro / Institutional),Middle East,United Arab Emirates (Dubai),British EYFS,94,"Established international school in Dubai, United Arab Emirates; seeking sensory and acoustic screen-free companions for early English immersion and kindergarten transitions.",Screen vs. Sensory; Testing vs. Arts; Institution vs. Sanctuary,https://www.google.com/search?q=Glendale+International+School+Dubai,lead-esl-0619
admissions@fujairah-private-academy.edu,Fujairah Private Academy,Director of Early Years & Admissions,@fujairah-private-academy,Website,Pillar V: Multicultural & Bilingual Education,International School Early Division (British EYFS),Tier 1 (Macro / Institutional),Middle East,United Arab Emirates (Fujairah),British EYFS,94,"Established international school in Fujairah, United Arab Emirates; seeking sensory and acoustic screen-free companions for early English immersion and kindergarten transitions.",Screen vs. Sensory; Testing vs. Arts; Institution vs. Sanctuary,https://www.google.com/search?q=Fujairah+Private+Academy+Fujairah,lead-esl-0620
admissions@pakistan-islamia-higher-second.edu,Pakistan Islamia Higher Secondary School,Director of Early Years & Admissions,@pakistan-islamia-higher-second,Website,Pillar V: Multicultural & Bilingual Education,International School Early Division (British EYFS),Tier 1 (Macro / Institutional),Middle East,United Arab Emirates (Fujairah),British EYFS,94,"Established international school in Fujairah, United Arab Emirates; seeking sensory and acoustic screen-free companions for early English immersion and kindergarten transitions.",Screen vs. Sensory; Testing vs. Arts; Institution vs. Sanctuary,https://www.google.com/search?q=Pakistan+Islamia+Higher+Secondary+School+Fujairah,lead-esl-0621
admissions@gems-winchester-school.edu,GEMS Winchester School,Director of Early Years & Admissions,@gems-winchester-school,Website,Pillar V: Multicultural & Bilingual Education,International School Early Division (British EYFS),Tier 1 (Macro / Institutional),Middle East,United Arab Emirates (Fujairah),British EYFS,94,"Established international school in Fujairah, United Arab Emirates; seeking sensory and acoustic screen-free companions for early English immersion and kindergarten transitions.",Screen vs. Sensory; Testing vs. Arts; Institution vs. Sanctuary,https://www.google.com/search?q=GEMS+Winchester+School+Fujairah,lead-esl-0622
admissions@eminence-private-school.edu,Eminence Private School,Director of Early Years & Admissions,@eminence-private-school,Website,Pillar V: Multicultural & Bilingual Education,International School Early Division (British EYFS),Tier 1 (Macro / Institutional),Middle East,United Arab Emirates (Fujairah),British EYFS,94,"Established international school in Fujairah, United Arab Emirates; seeking sensory and acoustic screen-free companions for early English immersion and kindergarten transitions.",Screen vs. Sensory; Testing vs. Arts; Institution vs. Sanctuary,https://www.google.com/search?q=Eminence+Private+School+Fujairah,lead-esl-0623
admissions@indian-school-fujairah.edu,Indian School Fujairah,Director of Early Years & Admissions,@indian-school-fujairah,Website,Pillar V: Multicultural & Bilingual Education,International School Early Division (CBSE Early Years),Tier 1 (Macro / Institutional),Middle East,United Arab Emirates (Fujairah),CBSE Early Years,94,"Established international school in Fujairah, United Arab Emirates; seeking sensory and acoustic screen-free companions for early English immersion and kindergarten transitions.",Screen vs. Sensory; Testing vs. Arts; Institution vs. Sanctuary,https://www.google.com/search?q=Indian+School+Fujairah+Fujairah,lead-esl-0624
admissions@st-mary-s-catholic-high-school.edu,"St. Mary's Catholic High School, Fujairah",Director of Early Years & Admissions,@st-mary-s-catholic-high-school,Website,Pillar V: Multicultural & Bilingual Education,International School Early Division (British EYFS),Tier 1 (Macro / Institutional),Middle East,United Arab Emirates (Fujairah),British EYFS,94,"Established international school in Fujairah, United Arab Emirates; seeking sensory and acoustic screen-free companions for early English immersion and kindergarten transitions.",Screen vs. Sensory; Testing vs. Arts; Institution vs. Sanctuary,"https://www.google.com/search?q=St.+Mary's+Catholic+High+School,+Fujairah+Fujairah",lead-esl-0625
admissions@diyar-international-private-sc.edu,Diyar International Private School,Director of Early Years & Admissions,@diyar-international-private-sc,Website,Pillar V: Multicultural & Bilingual Education,International School Early Division (British EYFS),Tier 1 (Macro / Institutional),Middle East,United Arab Emirates (Fujairah),British EYFS,94,"Established international school in Fujairah, United Arab Emirates; seeking sensory and acoustic screen-free companions for early English immersion and kindergarten transitions.",Screen vs. Sensory; Testing vs. Arts; Institution vs. Sanctuary,https://www.google.com/search?q=Diyar+International+Private+School+Fujairah,lead-esl-0626
admissions@indian-public-high-school.edu,Indian Public High School,Director of Early Years & Admissions,@indian-public-high-school,Website,Pillar V: Multicultural & Bilingual Education,International School Early Division (CBSE Early Years),Tier 1 (Macro / Institutional),Middle East,United Arab Emirates (Ras al-Khaimah),CBSE Early Years,94,"Established international school in Ras al-Khaimah, United Arab Emirates; seeking sensory and acoustic screen-free companions for early English immersion and kindergarten transitions.",Screen vs. Sensory; Testing vs. Arts; Institution vs. Sanctuary,https://www.google.com/search?q=Indian+Public+High+School+Ras+al-Khaimah,lead-esl-0627
admissions@indian-school-ras-al-khaimah.edu,"Indian School, Ras al-Khaimah",Director of Early Years & Admissions,@indian-school-ras-al-khaimah,Website,Pillar V: Multicultural & Bilingual Education,International School Early Division (CBSE Early Years),Tier 1 (Macro / Institutional),Middle East,United Arab Emirates (Ras al-Khaimah),CBSE Early Years,94,"Established international school in Ras al-Khaimah, United Arab Emirates; seeking sensory and acoustic screen-free companions for early English immersion and kindergarten transitions.",Screen vs. Sensory; Testing vs. Arts; Institution vs. Sanctuary,"https://www.google.com/search?q=Indian+School,+Ras+al-Khaimah+Ras+al-Khaimah",lead-esl-0628
admissions@ras-al-khaimah-academy.edu,Ras Al Khaimah Academy,Director of Early Years & Admissions,@ras-al-khaimah-academy,Website,Pillar V: Multicultural & Bilingual Education,International School Early Division (British EYFS),Tier 1 (Macro / Institutional),Middle East,United Arab Emirates (Ras al-Khaimah),British EYFS,94,"Established international school in Ras al-Khaimah, United Arab Emirates; seeking sensory and acoustic screen-free companions for early English immersion and kindergarten transitions.",Screen vs. Sensory; Testing vs. Arts; Institution vs. Sanctuary,https://www.google.com/search?q=Ras+Al+Khaimah+Academy+Ras+al-Khaimah,lead-esl-0629
admissions@scholars-indian-school.edu,Scholars Indian School,Director of Early Years & Admissions,@scholars-indian-school,Website,Pillar V: Multicultural & Bilingual Education,International School Early Division (CBSE Early Years),Tier 1 (Macro / Institutional),Middle East,United Arab Emirates (Ras al-Khaimah),CBSE Early Years,94,"Established international school in Ras al-Khaimah, United Arab Emirates; seeking sensory and acoustic screen-free companions for early English immersion and kindergarten transitions.",Screen vs. Sensory; Testing vs. Arts; Institution vs. Sanctuary,https://www.google.com/search?q=Scholars+Indian+School+Ras+al-Khaimah,lead-esl-0630
admissions@emirates-national-school.edu,Emirates National School,Director of Early Years & Admissions,@emirates-national-school,Website,Pillar V: Multicultural & Bilingual Education,International School Early Division (British EYFS),Tier 1 (Macro / Institutional),Middle East,United Arab Emirates (Ras al-Khaimah),British EYFS,94,"Established international school in Ras al-Khaimah, United Arab Emirates; seeking sensory and acoustic screen-free companions for early English immersion and kindergarten transitions.",Screen vs. Sensory; Testing vs. Arts; Institution vs. Sanctuary,https://www.google.com/search?q=Emirates+National+School+Ras+al-Khaimah,lead-esl-0631
admissions@alpha-private-school.edu,Alpha Private School,Director of Early Years & Admissions,@alpha-private-school,Website,Pillar V: Multicultural & Bilingual Education,International School Early Division (British EYFS),Tier 1 (Macro / Institutional),Middle East,United Arab Emirates (Ras al-Khaimah),British EYFS,94,"Established international school in Ras al-Khaimah, United Arab Emirates; seeking sensory and acoustic screen-free companions for early English immersion and kindergarten transitions.",Screen vs. Sensory; Testing vs. Arts; Institution vs. Sanctuary,https://www.google.com/search?q=Alpha+Private+School+Ras+al-Khaimah,lead-esl-0632
admissions@gems-westminster-school-rak.edu,GEMS Westminster School RAK,Director of Early Years & Admissions,@gems-westminster-school-rak,Website,Pillar V: Multicultural & Bilingual Education,International School Early Division (British EYFS),Tier 1 (Macro / Institutional),Middle East,United Arab Emirates (Ras al-Khaimah),British EYFS,94,"Established international school in Ras al-Khaimah, United Arab Emirates; seeking sensory and acoustic screen-free companions for early English immersion and kindergarten transitions.",Screen vs. Sensory; Testing vs. Arts; Institution vs. Sanctuary,https://www.google.com/search?q=GEMS+Westminster+School+RAK+Ras+al-Khaimah,lead-esl-0633
admissions@the-wellspring-school.edu,The Wellspring School,Director of Early Years & Admissions,@the-wellspring-school,Website,Pillar V: Multicultural & Bilingual Education,International School Early Division (British EYFS),Tier 1 (Macro / Institutional),Middle East,United Arab Emirates (Ras al-Khaimah),British EYFS,94,"Established international school in Ras al-Khaimah, United Arab Emirates; seeking sensory and acoustic screen-free companions for early English immersion and kindergarten transitions.",Screen vs. Sensory; Testing vs. Arts; Institution vs. Sanctuary,https://www.google.com/search?q=The+Wellspring+School+Ras+al-Khaimah,lead-esl-0634
admissions@scholars-international-academy.edu,Scholars International Academy,Director of Early Years & Admissions,@scholars-international-academy,Website,Pillar V: Multicultural & Bilingual Education,International School Early Division (British EYFS),Tier 1 (Macro / Institutional),Middle East,United Arab Emirates (Sharjah),British EYFS,94,"Established international school in Sharjah, United Arab Emirates; seeking sensory and acoustic screen-free companions for early English immersion and kindergarten transitions.",Screen vs. Sensory; Testing vs. Arts; Institution vs. Sanctuary,https://www.google.com/search?q=Scholars+International+Academy+Sharjah,lead-esl-0635
admissions@new-world-american-pvt-school-.edu,"New World American Pvt School, Al Falah Suburb, Near to Sharjah National Park, Sharjah",Director of Early Years & Admissions,@new-world-american-pvt-school-,Website,Pillar V: Multicultural & Bilingual Education,International School Early Division (American Early Childhood),Tier 1 (Macro / Institutional),Middle East,United Arab Emirates (Sharjah),American Early Childhood,94,"Established international school in Sharjah, United Arab Emirates; seeking sensory and acoustic screen-free companions for early English immersion and kindergarten transitions.",Screen vs. Sensory; Testing vs. Arts; Institution vs. Sanctuary,"https://www.google.com/search?q=New+World+American+Pvt+School,+Al+Falah+Suburb,+Near+to+Sharjah+National+Park,+Sharjah+Sharjah",lead-esl-0636
admissions@wesgreen-international-school.edu,Wesgreen International School,Director of Early Years & Admissions,@wesgreen-international-school,Website,Pillar V: Multicultural & Bilingual Education,International School Early Division (British EYFS),Tier 1 (Macro / Institutional),Middle East,United Arab Emirates (Sharjah),British EYFS,94,"Established international school in Sharjah, United Arab Emirates; seeking sensory and acoustic screen-free companions for early English immersion and kindergarten transitions.",Screen vs. Sensory; Testing vs. Arts; Institution vs. Sanctuary,https://www.google.com/search?q=Wesgreen+International+School+Sharjah,lead-esl-0637
admissions@progressive-english-school-sha.edu,Progressive English School Sharjah,Director of Early Years & Admissions,@progressive-english-school-sha,Website,Pillar V: Multicultural & Bilingual Education,International School Early Division (British EYFS),Tier 1 (Macro / Institutional),Middle East,United Arab Emirates (Sharjah),British EYFS,94,"Established international school in Sharjah, United Arab Emirates; seeking sensory and acoustic screen-free companions for early English immersion and kindergarten transitions.",Screen vs. Sensory; Testing vs. Arts; Institution vs. Sanctuary,https://www.google.com/search?q=Progressive+English+School+Sharjah+Sharjah,lead-esl-0638
admissions@india-international-school.edu,India International School,Director of Early Years & Admissions,@india-international-school,Website,Pillar V: Multicultural & Bilingual Education,International School Early Division (British EYFS),Tier 1 (Macro / Institutional),Middle East,United Arab Emirates (Sharjah),British EYFS,94,"Established international school in Sharjah, United Arab Emirates; seeking sensory and acoustic screen-free companions for early English immersion and kindergarten transitions.",Screen vs. Sensory; Testing vs. Arts; Institution vs. Sanctuary,https://www.google.com/search?q=India+International+School+Sharjah,lead-esl-0639
admissions@new-indian-model-school-sharja.edu,"New Indian Model School, Sharjah",Director of Early Years & Admissions,@new-indian-model-school-sharja,Website,Pillar V: Multicultural & Bilingual Education,International School Early Division (CBSE Early Years),Tier 1 (Macro / Institutional),Middle East,United Arab Emirates (Sharjah),CBSE Early Years,94,"Established international school in Sharjah, United Arab Emirates; seeking sensory and acoustic screen-free companions for early English immersion and kindergarten transitions.",Screen vs. Sensory; Testing vs. Arts; Institution vs. Sanctuary,"https://www.google.com/search?q=New+Indian+Model+School,+Sharjah+Sharjah",lead-esl-0640
admissions@gems-millenium-school-sharjah.edu,Gems Millenium School Sharjah,Director of Early Years & Admissions,@gems-millenium-school-sharjah,Website,Pillar V: Multicultural & Bilingual Education,International School Early Division (British EYFS),Tier 1 (Macro / Institutional),Middle East,United Arab Emirates (Sharjah),British EYFS,94,"Established international school in Sharjah, United Arab Emirates; seeking sensory and acoustic screen-free companions for early English immersion and kindergarten transitions.",Screen vs. Sensory; Testing vs. Arts; Institution vs. Sanctuary,https://www.google.com/search?q=Gems+Millenium+School+Sharjah+Sharjah,lead-esl-0641
admissions@australian-international-schoo.edu,"Australian International School, Sharjah",Director of Early Years & Admissions,@australian-international-schoo,Website,Pillar V: Multicultural & Bilingual Education,International School Early Division (British EYFS),Tier 1 (Macro / Institutional),Middle East,United Arab Emirates (Sharjah),British EYFS,94,"Established international school in Sharjah, United Arab Emirates; seeking sensory and acoustic screen-free companions for early English immersion and kindergarten transitions.",Screen vs. Sensory; Testing vs. Arts; Institution vs. Sanctuary,"https://www.google.com/search?q=Australian+International+School,+Sharjah+Sharjah",lead-esl-0642
admissions@leaders-private-school-sharjah.edu,Leaders Private School Sharjah,Director of Early Years & Admissions,@leaders-private-school-sharjah,Website,Pillar V: Multicultural & Bilingual Education,International School Early Division (British EYFS),Tier 1 (Macro / Institutional),Middle East,United Arab Emirates (Sharjah),British EYFS,94,"Established international school in Sharjah, United Arab Emirates; seeking sensory and acoustic screen-free companions for early English immersion and kindergarten transitions.",Screen vs. Sensory; Testing vs. Arts; Institution vs. Sanctuary,https://www.google.com/search?q=Leaders+Private+School+Sharjah+Sharjah,lead-esl-0643
admissions@american-community-school-shar.edu,American Community School Sharjah,Director of Early Years & Admissions,@american-community-school-shar,Website,Pillar V: Multicultural & Bilingual Education,International School Early Division (American Early Childhood),Tier 1 (Macro / Institutional),Middle East,United Arab Emirates (Sharjah),American Early Childhood,94,"Established international school in Sharjah, United Arab Emirates; seeking sensory and acoustic screen-free companions for early English immersion and kindergarten transitions.",Screen vs. Sensory; Testing vs. Arts; Institution vs. Sanctuary,https://www.google.com/search?q=American+Community+School+Sharjah+Sharjah,lead-esl-0644
admissions@american-school-of-creative-sc.edu,"American School of Creative Science Al Layyah, Sharjah",Director of Early Years & Admissions,@american-school-of-creative-sc,Website,Pillar V: Multicultural & Bilingual Education,International School Early Division (American Early Childhood),Tier 1 (Macro / Institutional),Middle East,United Arab Emirates (Sharjah),American Early Childhood,94,"Established international school in Sharjah, United Arab Emirates; seeking sensory and acoustic screen-free companions for early English immersion and kindergarten transitions.",Screen vs. Sensory; Testing vs. Arts; Institution vs. Sanctuary,"https://www.google.com/search?q=American+School+of+Creative+Science+Al+Layyah,+Sharjah+Sharjah",lead-esl-0645
admissions@al-amaal-english-high-school.edu,Al Amaal English High School,Director of Early Years & Admissions,@al-amaal-english-high-school,Website,Pillar V: Multicultural & Bilingual Education,International School Early Division (British EYFS),Tier 1 (Macro / Institutional),Middle East,United Arab Emirates (Sharjah),British EYFS,94,"Established international school in Sharjah, United Arab Emirates; seeking sensory and acoustic screen-free companions for early English immersion and kindergarten transitions.",Screen vs. Sensory; Testing vs. Arts; Institution vs. Sanctuary,https://www.google.com/search?q=Al+Amaal+English+High+School+Sharjah,lead-esl-0646
admissions@delhi-private-school-sharjah.edu,"Delhi Private School, Sharjah",Director of Early Years & Admissions,@delhi-private-school-sharjah,Website,Pillar V: Multicultural & Bilingual Education,International School Early Division (British EYFS),Tier 1 (Macro / Institutional),Middle East,United Arab Emirates (Sharjah),British EYFS,94,"Established international school in Sharjah, United Arab Emirates; seeking sensory and acoustic screen-free companions for early English immersion and kindergarten transitions.",Screen vs. Sensory; Testing vs. Arts; Institution vs. Sanctuary,"https://www.google.com/search?q=Delhi+Private+School,+Sharjah+Sharjah",lead-esl-0647
admissions@ibn-seena-english-high-school.edu,Ibn Seena English High School,Director of Early Years & Admissions,@ibn-seena-english-high-school,Website,Pillar V: Multicultural & Bilingual Education,International School Early Division (British EYFS),Tier 1 (Macro / Institutional),Middle East,United Arab Emirates (Sharjah),British EYFS,94,"Established international school in Sharjah, United Arab Emirates; seeking sensory and acoustic screen-free companions for early English immersion and kindergarten transitions.",Screen vs. Sensory; Testing vs. Arts; Institution vs. Sanctuary,https://www.google.com/search?q=Ibn+Seena+English+High+School+Sharjah,lead-esl-0648
admissions@international-school-of-chouei.edu,International School of Choueifat,Director of Early Years & Admissions,@international-school-of-chouei,Website,Pillar V: Multicultural & Bilingual Education,International School Early Division (British EYFS),Tier 1 (Macro / Institutional),Middle East,United Arab Emirates (Sharjah),British EYFS,94,"Established international school in Sharjah, United Arab Emirates; seeking sensory and acoustic screen-free companions for early English immersion and kindergarten transitions.",Screen vs. Sensory; Testing vs. Arts; Institution vs. Sanctuary,https://www.google.com/search?q=International+School+of+Choueifat+Sharjah,lead-esl-0649
admissions@international-school-of-creati.edu,"International School of Creative Science Muwaileh, Sharjah",Director of Early Years & Admissions,@international-school-of-creati,Website,Pillar V: Multicultural & Bilingual Education,International School Early Division (British EYFS),Tier 1 (Macro / Institutional),Middle East,United Arab Emirates (Sharjah),British EYFS,94,"Established international school in Sharjah, United Arab Emirates; seeking sensory and acoustic screen-free companions for early English immersion and kindergarten transitions.",Screen vs. Sensory; Testing vs. Arts; Institution vs. Sanctuary,"https://www.google.com/search?q=International+School+of+Creative+Science+Muwaileh,+Sharjah+Sharjah",lead-esl-0650
admissions@our-own-english-high-school-sh.edu,"Our Own English High School, Sharjah",Director of Early Years & Admissions,@our-own-english-high-school-sh,Website,Pillar V: Multicultural & Bilingual Education,International School Early Division (British EYFS),Tier 1 (Macro / Institutional),Middle East,United Arab Emirates (Sharjah),British EYFS,94,"Established international school in Sharjah, United Arab Emirates; seeking sensory and acoustic screen-free companions for early English immersion and kindergarten transitions.",Screen vs. Sensory; Testing vs. Arts; Institution vs. Sanctuary,"https://www.google.com/search?q=Our+Own+English+High+School,+Sharjah+Sharjah",lead-esl-0651
admissions@sharjah-american-international.edu,Sharjah American International School,Director of Early Years & Admissions,@sharjah-american-international,Website,Pillar V: Multicultural & Bilingual Education,International School Early Division (American Early Childhood),Tier 1 (Macro / Institutional),Middle East,United Arab Emirates (Sharjah),American Early Childhood,94,"Established international school in Sharjah, United Arab Emirates; seeking sensory and acoustic screen-free companions for early English immersion and kindergarten transitions.",Screen vs. Sensory; Testing vs. Arts; Institution vs. Sanctuary,https://www.google.com/search?q=Sharjah+American+International+School+Sharjah,lead-esl-0652
admissions@sharjah-english-school.edu,Sharjah English School,Director of Early Years & Admissions,@sharjah-english-school,Website,Pillar V: Multicultural & Bilingual Education,International School Early Division (British EYFS),Tier 1 (Macro / Institutional),Middle East,United Arab Emirates (Sharjah),British EYFS,94,"Established international school in Sharjah, United Arab Emirates; seeking sensory and acoustic screen-free companions for early English immersion and kindergarten transitions.",Screen vs. Sensory; Testing vs. Arts; Institution vs. Sanctuary,https://www.google.com/search?q=Sharjah+English+School+Sharjah,lead-esl-0653
admissions@sharjah-indian-school.edu,Sharjah Indian School,Director of Early Years & Admissions,@sharjah-indian-school,Website,Pillar V: Multicultural & Bilingual Education,International School Early Division (CBSE Early Years),Tier 1 (Macro / Institutional),Middle East,United Arab Emirates (Sharjah),CBSE Early Years,94,"Established international school in Sharjah, United Arab Emirates; seeking sensory and acoustic screen-free companions for early English immersion and kindergarten transitions.",Screen vs. Sensory; Testing vs. Arts; Institution vs. Sanctuary,https://www.google.com/search?q=Sharjah+Indian+School+Sharjah,lead-esl-0654
admissions@aspam-indian-international-sch.edu,ASPAM Indian International School,Director of Early Years & Admissions,@aspam-indian-international-sch,Website,Pillar V: Multicultural & Bilingual Education,International School Early Division (CBSE Early Years),Tier 1 (Macro / Institutional),Middle East,United Arab Emirates (Sharjah),CBSE Early Years,94,"Established international school in Sharjah, United Arab Emirates; seeking sensory and acoustic screen-free companions for early English immersion and kindergarten transitions.",Screen vs. Sensory; Testing vs. Arts; Institution vs. Sanctuary,https://www.google.com/search?q=ASPAM+Indian+International+School+Sharjah,lead-esl-0655
admissions@al-wahda-private-school.edu,Al Wahda Private School,Director of Early Years & Admissions,@al-wahda-private-school,Website,Pillar V: Multicultural & Bilingual Education,International School Early Division (British EYFS),Tier 1 (Macro / Institutional),Middle East,United Arab Emirates (Sharjah),British EYFS,94,"Established international school in Sharjah, United Arab Emirates; seeking sensory and acoustic screen-free companions for early English immersion and kindergarten transitions.",Screen vs. Sensory; Testing vs. Arts; Institution vs. Sanctuary,https://www.google.com/search?q=Al+Wahda+Private+School+Sharjah,lead-esl-0656
admissions@sharjah-british-international-.edu,Sharjah British International School Sharjah,Director of Early Years & Admissions,@sharjah-british-international-,Website,Pillar V: Multicultural & Bilingual Education,International School Early Division (British EYFS),Tier 1 (Macro / Institutional),Middle East,United Arab Emirates (Sharjah),British EYFS,94,"Established international school in Sharjah, United Arab Emirates; seeking sensory and acoustic screen-free companions for early English immersion and kindergarten transitions.",Screen vs. Sensory; Testing vs. Arts; Institution vs. Sanctuary,https://www.google.com/search?q=Sharjah+British+International+School+Sharjah+Sharjah,lead-esl-0657
admissions@pace-british-school-sharjah.edu,"PACE British School, Sharjah",Director of Early Years & Admissions,@pace-british-school-sharjah,Website,Pillar V: Multicultural & Bilingual Education,International School Early Division (British EYFS),Tier 1 (Macro / Institutional),Middle East,United Arab Emirates (Sharjah),British EYFS,94,"Established international school in Sharjah, United Arab Emirates; seeking sensory and acoustic screen-free companions for early English immersion and kindergarten transitions.",Screen vs. Sensory; Testing vs. Arts; Institution vs. Sanctuary,"https://www.google.com/search?q=PACE+British+School,+Sharjah+Sharjah",lead-esl-0658
admissions@pace-international-school.edu,PACE International School,Director of Early Years & Admissions,@pace-international-school,Website,Pillar V: Multicultural & Bilingual Education,International School Early Division (British EYFS),Tier 1 (Macro / Institutional),Middle East,United Arab Emirates (Sharjah),British EYFS,94,"Established international school in Sharjah, United Arab Emirates; seeking sensory and acoustic screen-free companions for early English immersion and kindergarten transitions.",Screen vs. Sensory; Testing vs. Arts; Institution vs. Sanctuary,https://www.google.com/search?q=PACE+International+School+Sharjah,lead-esl-0659
admissions@school-of-knowledge.edu,School of Knowledge,Director of Early Years & Admissions,@school-of-knowledge,Website,Pillar V: Multicultural & Bilingual Education,International School Early Division (British EYFS),Tier 1 (Macro / Institutional),Middle East,United Arab Emirates (Sharjah),British EYFS,94,"Established international school in Sharjah, United Arab Emirates; seeking sensory and acoustic screen-free companions for early English immersion and kindergarten transitions.",Screen vs. Sensory; Testing vs. Arts; Institution vs. Sanctuary,https://www.google.com/search?q=School+of+Knowledge+Sharjah,lead-esl-0660
admissions@leaders-private-school.edu,Leaders Private School,Director of Early Years & Admissions,@leaders-private-school,Website,Pillar V: Multicultural & Bilingual Education,International School Early Division (British EYFS),Tier 1 (Macro / Institutional),Middle East,United Arab Emirates (Sharjah),British EYFS,94,"Established international school in Sharjah, United Arab Emirates; seeking sensory and acoustic screen-free companions for early English immersion and kindergarten transitions.",Screen vs. Sensory; Testing vs. Arts; Institution vs. Sanctuary,https://www.google.com/search?q=Leaders+Private+School+Sharjah,lead-esl-0661
admissions@emirates-american-school.edu,Emirates American School,Director of Early Years & Admissions,@emirates-american-school,Website,Pillar V: Multicultural & Bilingual Education,International School Early Division (American Early Childhood),Tier 1 (Macro / Institutional),Middle East,United Arab Emirates (Sharjah),American Early Childhood,94,"Established international school in Sharjah, United Arab Emirates; seeking sensory and acoustic screen-free companions for early English immersion and kindergarten transitions.",Screen vs. Sensory; Testing vs. Arts; Institution vs. Sanctuary,https://www.google.com/search?q=Emirates+American+School+Sharjah,lead-esl-0662
admissions@radiant.edu,radiant,Director of Early Years & Admissions,@radiant,Website,Pillar V: Multicultural & Bilingual Education,International School Early Division (British EYFS),Tier 2 (Community Connector),Middle East,United Arab Emirates (Sharjah),British EYFS,94,"Established international school in Sharjah, United Arab Emirates; seeking sensory and acoustic screen-free companions for early English immersion and kindergarten transitions.",Screen vs. Sensory; Testing vs. Arts; Institution vs. Sanctuary,https://www.google.com/search?q=radiant+Sharjah,lead-esl-0663
admissions@al-ma-arifa-international-priv.edu,Al Ma'arifa International Private School,Director of Early Years & Admissions,@al-ma-arifa-international-priv,Website,Pillar V: Multicultural & Bilingual Education,International School Early Division (British EYFS),Tier 1 (Macro / Institutional),Middle East,United Arab Emirates (Sharjah),British EYFS,94,"Established international school in Sharjah, United Arab Emirates; seeking sensory and acoustic screen-free companions for early English immersion and kindergarten transitions.",Screen vs. Sensory; Testing vs. Arts; Institution vs. Sanctuary,https://www.google.com/search?q=Al+Ma'arifa+International+Private+School+Sharjah,lead-esl-0664
admissions@the-emirates-national-school.edu,The Emirates National School,Director of Early Years & Admissions,@the-emirates-national-school,Website,Pillar V: Multicultural & Bilingual Education,International School Early Division (British EYFS),Tier 1 (Macro / Institutional),Middle East,United Arab Emirates (Sharjah),British EYFS,94,"Established international school in Sharjah, United Arab Emirates; seeking sensory and acoustic screen-free companions for early English immersion and kindergarten transitions.",Screen vs. Sensory; Testing vs. Arts; Institution vs. Sanctuary,https://www.google.com/search?q=The+Emirates+National+School+Sharjah,lead-esl-0665
admissions@bhavans-pearl-wisdom-school.edu,Bhavans Pearl Wisdom School,Director of Early Years & Admissions,@bhavans-pearl-wisdom-school,Website,Pillar V: Multicultural & Bilingual Education,International School Early Division (British EYFS),Tier 1 (Macro / Institutional),Middle East,United Arab Emirates (Sharjah),British EYFS,94,"Established international school in Sharjah, United Arab Emirates; seeking sensory and acoustic screen-free companions for early English immersion and kindergarten transitions.",Screen vs. Sensory; Testing vs. Arts; Institution vs. Sanctuary,https://www.google.com/search?q=Bhavans+Pearl+Wisdom+School+Sharjah,lead-esl-0666
admissions@brilliant-international-privat.edu,Brilliant International Private School,Director of Early Years & Admissions,@brilliant-international-privat,Website,Pillar V: Multicultural & Bilingual Education,International School Early Division (British EYFS),Tier 1 (Macro / Institutional),Middle East,United Arab Emirates (Sharjah),British EYFS,94,"Established international school in Sharjah, United Arab Emirates; seeking sensory and acoustic screen-free companions for early English immersion and kindergarten transitions.",Screen vs. Sensory; Testing vs. Arts; Institution vs. Sanctuary,https://www.google.com/search?q=Brilliant+International+Private+School+Sharjah,lead-esl-0667
admissions@al-ameer-secondary-school.edu,Al Ameer Secondary School,Director of Early Years & Admissions,@al-ameer-secondary-school,Website,Pillar V: Multicultural & Bilingual Education,International School Early Division (British EYFS),Tier 1 (Macro / Institutional),Middle East,United Arab Emirates (Umm al-Quwain),British EYFS,94,"Established international school in Umm al-Quwain, United Arab Emirates; seeking sensory and acoustic screen-free companions for early English immersion and kindergarten transitions.",Screen vs. Sensory; Testing vs. Arts; Institution vs. Sanctuary,https://www.google.com/search?q=Al+Ameer+Secondary+School+Umm+al-Quwain,lead-esl-0668
admissions@choueifat-school-umm-al-quwain.edu,Choueifat School Umm Al Quwain,Director of Early Years & Admissions,@choueifat-school-umm-al-quwain,Website,Pillar V: Multicultural & Bilingual Education,International School Early Division (British EYFS),Tier 1 (Macro / Institutional),Middle East,United Arab Emirates (Umm al-Quwain),British EYFS,94,"Established international school in Umm al-Quwain, United Arab Emirates; seeking sensory and acoustic screen-free companions for early English immersion and kindergarten transitions.",Screen vs. Sensory; Testing vs. Arts; Institution vs. Sanctuary,https://www.google.com/search?q=Choueifat+School+Umm+Al+Quwain+Umm+al-Quwain,lead-esl-0669
admissions@east-english-school.edu,East English School,Director of Early Years & Admissions,@east-english-school,Website,Pillar V: Multicultural & Bilingual Education,International School Early Division (British EYFS),Tier 1 (Macro / Institutional),Middle East,United Arab Emirates (Umm al-Quwain),British EYFS,94,"Established international school in Umm al-Quwain, United Arab Emirates; seeking sensory and acoustic screen-free companions for early English immersion and kindergarten transitions.",Screen vs. Sensory; Testing vs. Arts; Institution vs. Sanctuary,https://www.google.com/search?q=East+English+School+Umm+al-Quwain,lead-esl-0670
admissions@elite-american-private-school-.edu,"Elite American Private School, UAQ",Director of Early Years & Admissions,@elite-american-private-school-,Website,Pillar V: Multicultural & Bilingual Education,International School Early Division (American Early Childhood),Tier 1 (Macro / Institutional),Middle East,United Arab Emirates (Umm al-Quwain),American Early Childhood,94,"Established international school in Umm al-Quwain, United Arab Emirates; seeking sensory and acoustic screen-free companions for early English immersion and kindergarten transitions.",Screen vs. Sensory; Testing vs. Arts; Institution vs. Sanctuary,"https://www.google.com/search?q=Elite+American+Private+School,+UAQ+Umm+al-Quwain",lead-esl-0671
admissions@new-indian-school-umm-al-quwai.edu,"New Indian School, Umm Al Quwain",Director of Early Years & Admissions,@new-indian-school-umm-al-quwai,Website,Pillar V: Multicultural & Bilingual Education,International School Early Division (CBSE Early Years),Tier 1 (Macro / Institutional),Middle East,United Arab Emirates (Umm al-Quwain),CBSE Early Years,94,"Established international school in Umm al-Quwain, United Arab Emirates; seeking sensory and acoustic screen-free companions for early English immersion and kindergarten transitions.",Screen vs. Sensory; Testing vs. Arts; Institution vs. Sanctuary,"https://www.google.com/search?q=New+Indian+School,+Umm+Al+Quwain+Umm+al-Quwain",lead-esl-0672
admissions@sharjah-american-school-uaq.edu,"Sharjah American School, UAQ",Director of Early Years & Admissions,@sharjah-american-school-uaq,Website,Pillar V: Multicultural & Bilingual Education,International School Early Division (American Early Childhood),Tier 1 (Macro / Institutional),Middle East,United Arab Emirates (Umm al-Quwain),American Early Childhood,94,"Established international school in Umm al-Quwain, United Arab Emirates; seeking sensory and acoustic screen-free companions for early English immersion and kindergarten transitions.",Screen vs. Sensory; Testing vs. Arts; Institution vs. Sanctuary,"https://www.google.com/search?q=Sharjah+American+School,+UAQ+Umm+al-Quwain",lead-esl-0673
admissions@the-english-school-umm-al-quwa.edu,"The English School, Umm al-Quwain",Director of Early Years & Admissions,@the-english-school-umm-al-quwa,Website,Pillar V: Multicultural & Bilingual Education,International School Early Division (British EYFS),Tier 1 (Macro / Institutional),Middle East,United Arab Emirates (Umm al-Quwain),British EYFS,94,"Established international school in Umm al-Quwain, United Arab Emirates; seeking sensory and acoustic screen-free companions for early English immersion and kindergarten transitions.",Screen vs. Sensory; Testing vs. Arts; Institution vs. Sanctuary,"https://www.google.com/search?q=The+English+School,+Umm+al-Quwain+Umm+al-Quwain",lead-esl-0674
admissions@umm-al-qura-private-school.edu,Umm Al Qura Private School,Director of Early Years & Admissions,@umm-al-qura-private-school,Website,Pillar V: Multicultural & Bilingual Education,International School Early Division (British EYFS),Tier 1 (Macro / Institutional),Middle East,United Arab Emirates (Umm al-Quwain),British EYFS,94,"Established international school in Umm al-Quwain, United Arab Emirates; seeking sensory and acoustic screen-free companions for early English immersion and kindergarten transitions.",Screen vs. Sensory; Testing vs. Arts; Institution vs. Sanctuary,https://www.google.com/search?q=Umm+Al+Qura+Private+School+Umm+al-Quwain,lead-esl-0675
admissions@wise-indian-private-school.edu,Wise Indian Private School,Director of Early Years & Admissions,@wise-indian-private-school,Website,Pillar V: Multicultural & Bilingual Education,International School Early Division (CBSE Early Years),Tier 1 (Macro / Institutional),Middle East,United Arab Emirates (Umm al-Quwain),CBSE Early Years,94,"Established international school in Umm al-Quwain, United Arab Emirates; seeking sensory and acoustic screen-free companions for early English immersion and kindergarten transitions.",Screen vs. Sensory; Testing vs. Arts; Institution vs. Sanctuary,https://www.google.com/search?q=Wise+Indian+Private+School+Umm+al-Quwain,lead-esl-0676
admissions@asociaci-n-cultural-y-educativ.edu,Asociación Cultural y Educativa Japonesa,Director of Early Years & Admissions,@asociaci-n-cultural-y-educativ,Website,Pillar V: Multicultural & Bilingual Education,International School Early Division (IB PYP),Tier 2 (Community Connector),Latin America,Argentina (Major Metros (Argentina)),IB PYP,94,"Established international school in Major Metros (Argentina), Argentina; seeking sensory and acoustic screen-free companions for early English immersion and kindergarten transitions.",Screen vs. Sensory; Testing vs. Arts; Institution vs. Sanctuary,https://www.google.com/search?q=Asociación+Cultural+y+Educativa+Japonesa+Major+Metros+(Argentina),lead-esl-0677
admissions@asociaci-n-escuelas-lincoln.edu,Asociación Escuelas Lincoln,Director of Early Years & Admissions,@asociaci-n-escuelas-lincoln,Website,Pillar V: Multicultural & Bilingual Education,International School Early Division (IB PYP),Tier 2 (Community Connector),Latin America,Argentina (Major Metros (Argentina)),IB PYP,94,"Established international school in Major Metros (Argentina), Argentina; seeking sensory and acoustic screen-free companions for early English immersion and kindergarten transitions.",Screen vs. Sensory; Testing vs. Arts; Institution vs. Sanctuary,https://www.google.com/search?q=Asociación+Escuelas+Lincoln+Major+Metros+(Argentina),lead-esl-0678
admissions@colegio-pestalozzi-argentina.edu,Colegio Pestalozzi (Argentina),Director of Early Years & Admissions,@colegio-pestalozzi-argentina,Website,Pillar V: Multicultural & Bilingual Education,International School Early Division (IB PYP),Tier 2 (Community Connector),Latin America,Argentina (Major Metros (Argentina)),IB PYP,94,"Established international school in Major Metros (Argentina), Argentina; seeking sensory and acoustic screen-free companions for early English immersion and kindergarten transitions.",Screen vs. Sensory; Testing vs. Arts; Institution vs. Sanctuary,https://www.google.com/search?q=Colegio+Pestalozzi+(Argentina)+Major+Metros+(Argentina),lead-esl-0679
admissions@goethe-schule-buenos-aires.edu,Goethe-Schule Buenos Aires,Director of Early Years & Admissions,@goethe-schule-buenos-aires,Website,Pillar V: Multicultural & Bilingual Education,International School Early Division (IB PYP),Tier 2 (Community Connector),Latin America,Argentina (Major Metros (Argentina)),IB PYP,94,"Established international school in Major Metros (Argentina), Argentina; seeking sensory and acoustic screen-free companions for early English immersion and kindergarten transitions.",Screen vs. Sensory; Testing vs. Arts; Institution vs. Sanctuary,https://www.google.com/search?q=Goethe-Schule+Buenos+Aires+Major+Metros+(Argentina),lead-esl-0680
admissions@northlands-school.edu,Northlands School,Director of Early Years & Admissions,@northlands-school,Website,Pillar V: Multicultural & Bilingual Education,International School Early Division (IB PYP),Tier 1 (Macro / Institutional),Latin America,Argentina (Major Metros (Argentina)),IB PYP,94,"Established international school in Major Metros (Argentina), Argentina; seeking sensory and acoustic screen-free companions for early English immersion and kindergarten transitions.",Screen vs. Sensory; Testing vs. Arts; Institution vs. Sanctuary,https://www.google.com/search?q=Northlands+School+Major+Metros+(Argentina),lead-esl-0681
admissions@st-andrew-s-scots-school.edu,St. Andrew's Scots School,Director of Early Years & Admissions,@st-andrew-s-scots-school,Website,Pillar V: Multicultural & Bilingual Education,International School Early Division (IB PYP),Tier 1 (Macro / Institutional),Latin America,Argentina (Major Metros (Argentina)),IB PYP,94,"Established international school in Major Metros (Argentina), Argentina; seeking sensory and acoustic screen-free companions for early English immersion and kindergarten transitions.",Screen vs. Sensory; Testing vs. Arts; Institution vs. Sanctuary,https://www.google.com/search?q=St.+Andrew's+Scots+School+Major+Metros+(Argentina),lead-esl-0682
admissions@american-international-school-.edu,American International School - Salzburg,Director of Early Years & Admissions,@american-international-school-,Website,Pillar V: Multicultural & Bilingual Education,International School Early Division (American Early Childhood),Tier 1 (Macro / Institutional),Europe,Austria (Major Metros (Austria)),American Early Childhood,94,"Established international school in Major Metros (Austria), Austria; seeking sensory and acoustic screen-free companions for early English immersion and kindergarten transitions.",Screen vs. Sensory; Testing vs. Arts; Institution vs. Sanctuary,https://www.google.com/search?q=American+International+School+-+Salzburg+Major+Metros+(Austria),lead-esl-0683
admissions@american-international-school-.edu,American International School Vienna,Director of Early Years & Admissions,@american-international-school-,Website,Pillar V: Multicultural & Bilingual Education,International School Early Division (American Early Childhood),Tier 1 (Macro / Institutional),Europe,Austria (Major Metros (Austria)),American Early Childhood,94,"Established international school in Major Metros (Austria), Austria; seeking sensory and acoustic screen-free companions for early English immersion and kindergarten transitions.",Screen vs. Sensory; Testing vs. Arts; Institution vs. Sanctuary,https://www.google.com/search?q=American+International+School+Vienna+Major+Metros+(Austria),lead-esl-0684
admissions@danube-international-school-vi.edu,Danube International School Vienna,Director of Early Years & Admissions,@danube-international-school-vi,Website,Pillar V: Multicultural & Bilingual Education,International School Early Division (IB PYP),Tier 1 (Macro / Institutional),Europe,Austria (Major Metros (Austria)),IB PYP,94,"Established international school in Major Metros (Austria), Austria; seeking sensory and acoustic screen-free companions for early English immersion and kindergarten transitions.",Screen vs. Sensory; Testing vs. Arts; Institution vs. Sanctuary,https://www.google.com/search?q=Danube+International+School+Vienna+Major+Metros+(Austria),lead-esl-0685
admissions@graz-international-bilingual-s.edu,Graz International Bilingual School,Director of Early Years & Admissions,@graz-international-bilingual-s,Website,Pillar V: Multicultural & Bilingual Education,International School Early Division (IB PYP),Tier 1 (Macro / Institutional),Europe,Austria (Major Metros (Austria)),IB PYP,94,"Established international school in Major Metros (Austria), Austria; seeking sensory and acoustic screen-free companions for early English immersion and kindergarten transitions.",Screen vs. Sensory; Testing vs. Arts; Institution vs. Sanctuary,https://www.google.com/search?q=Graz+International+Bilingual+School+Major+Metros+(Austria),lead-esl-0686
admissions@international-christian-school.edu,International Christian School of Vienna,Director of Early Years & Admissions,@international-christian-school,Website,Pillar V: Multicultural & Bilingual Education,International School Early Division (IB PYP),Tier 1 (Macro / Institutional),Europe,Austria (Major Metros (Austria)),IB PYP,94,"Established international school in Major Metros (Austria), Austria; seeking sensory and acoustic screen-free companions for early English immersion and kindergarten transitions.",Screen vs. Sensory; Testing vs. Arts; Institution vs. Sanctuary,https://www.google.com/search?q=International+Christian+School+of+Vienna+Major+Metros+(Austria),lead-esl-0687
admissions@japanese-international-school-.edu,Japanese International School in Vienna,Director of Early Years & Admissions,@japanese-international-school-,Website,Pillar V: Multicultural & Bilingual Education,International School Early Division (IB PYP),Tier 1 (Macro / Institutional),Europe,Austria (Major Metros (Austria)),IB PYP,94,"Established international school in Major Metros (Austria), Austria; seeking sensory and acoustic screen-free companions for early English immersion and kindergarten transitions.",Screen vs. Sensory; Testing vs. Arts; Institution vs. Sanctuary,https://www.google.com/search?q=Japanese+International+School+in+Vienna+Major+Metros+(Austria),lead-esl-0688
admissions@linz-international-school-auho.edu,Linz International School Auhof,Director of Early Years & Admissions,@linz-international-school-auho,Website,Pillar V: Multicultural & Bilingual Education,International School Early Division (IB PYP),Tier 1 (Macro / Institutional),Europe,Austria (Major Metros (Austria)),IB PYP,94,"Established international school in Major Metros (Austria), Austria; seeking sensory and acoustic screen-free companions for early English immersion and kindergarten transitions.",Screen vs. Sensory; Testing vs. Arts; Institution vs. Sanctuary,https://www.google.com/search?q=Linz+International+School+Auhof+Major+Metros+(Austria),lead-esl-0689
admissions@lyc-e-fran-ais-de-vienne.edu,Lycée Français de Vienne,Director of Early Years & Admissions,@lyc-e-fran-ais-de-vienne,Website,Pillar V: Multicultural & Bilingual Education,International School Early Division (French Immersion),Tier 2 (Community Connector),Europe,Austria (Major Metros (Austria)),French Immersion,94,"Established international school in Major Metros (Austria), Austria; seeking sensory and acoustic screen-free companions for early English immersion and kindergarten transitions.",Screen vs. Sensory; Testing vs. Arts; Institution vs. Sanctuary,https://www.google.com/search?q=Lycée+Français+de+Vienne+Major+Metros+(Austria),lead-esl-0690
admissions@st-gilgen-international-school.edu,St. Gilgen International School,Director of Early Years & Admissions,@st-gilgen-international-school,Website,Pillar V: Multicultural & Bilingual Education,International School Early Division (IB PYP),Tier 1 (Macro / Institutional),Europe,Austria (Major Metros (Austria)),IB PYP,94,"Established international school in Major Metros (Austria), Austria; seeking sensory and acoustic screen-free companions for early English immersion and kindergarten transitions.",Screen vs. Sensory; Testing vs. Arts; Institution vs. Sanctuary,https://www.google.com/search?q=St.+Gilgen+International+School+Major+Metros+(Austria),lead-esl-0691
admissions@vienna-international-school.edu,Vienna International School,Director of Early Years & Admissions,@vienna-international-school,Website,Pillar V: Multicultural & Bilingual Education,International School Early Division (IB PYP),Tier 1 (Macro / Institutional),Europe,Austria (Major Metros (Austria)),IB PYP,94,"Established international school in Major Metros (Austria), Austria; seeking sensory and acoustic screen-free companions for early English immersion and kindergarten transitions.",Screen vs. Sensory; Testing vs. Arts; Institution vs. Sanctuary,https://www.google.com/search?q=Vienna+International+School+Major+Metros+(Austria),lead-esl-0692
admissions@abdul-rahman-kanoo-internation.edu,Abdul Rahman Kanoo International School,Director of Early Years & Admissions,@abdul-rahman-kanoo-internation,Website,Pillar V: Multicultural & Bilingual Education,International School Early Division (IB PYP),Tier 1 (Macro / Institutional),Middle East,Bahrain (Major Metros (Bahrain)),IB PYP,94,"Established international school in Major Metros (Bahrain), Bahrain; seeking sensory and acoustic screen-free companions for early English immersion and kindergarten transitions.",Screen vs. Sensory; Testing vs. Arts; Institution vs. Sanctuary,https://www.google.com/search?q=Abdul+Rahman+Kanoo+International+School+Major+Metros+(Bahrain),lead-esl-0693
admissions@al-noor-international-school.edu,Al Noor International School,Director of Early Years & Admissions,@al-noor-international-school,Website,Pillar V: Multicultural & Bilingual Education,International School Early Division (IB PYP),Tier 1 (Macro / Institutional),Middle East,Bahrain (Major Metros (Bahrain)),IB PYP,94,"Established international school in Major Metros (Bahrain), Bahrain; seeking sensory and acoustic screen-free companions for early English immersion and kindergarten transitions.",Screen vs. Sensory; Testing vs. Arts; Institution vs. Sanctuary,https://www.google.com/search?q=Al+Noor+International+School+Major+Metros+(Bahrain),lead-esl-0694
admissions@al-raja-school.edu,Al Raja School,Director of Early Years & Admissions,@al-raja-school,Website,Pillar V: Multicultural & Bilingual Education,International School Early Division (IB PYP),Tier 1 (Macro / Institutional),Middle East,Bahrain (Major Metros (Bahrain)),IB PYP,94,"Established international school in Major Metros (Bahrain), Bahrain; seeking sensory and acoustic screen-free companions for early English immersion and kindergarten transitions.",Screen vs. Sensory; Testing vs. Arts; Institution vs. Sanctuary,https://www.google.com/search?q=Al+Raja+School+Major+Metros+(Bahrain),lead-esl-0695
admissions@bahrain-school.edu,Bahrain School,Director of Early Years & Admissions,@bahrain-school,Website,Pillar V: Multicultural & Bilingual Education,International School Early Division (IB PYP),Tier 1 (Macro / Institutional),Middle East,Bahrain (Major Metros (Bahrain)),IB PYP,94,"Established international school in Major Metros (Bahrain), Bahrain; seeking sensory and acoustic screen-free companions for early English immersion and kindergarten transitions.",Screen vs. Sensory; Testing vs. Arts; Institution vs. Sanctuary,https://www.google.com/search?q=Bahrain+School+Major+Metros+(Bahrain),lead-esl-0696
admissions@british-school-of-bahrain.edu,British School of Bahrain,Director of Early Years & Admissions,@british-school-of-bahrain,Website,Pillar V: Multicultural & Bilingual Education,International School Early Division (British EYFS),Tier 1 (Macro / Institutional),Middle East,Bahrain (Major Metros (Bahrain)),British EYFS,94,"Established international school in Major Metros (Bahrain), Bahrain; seeking sensory and acoustic screen-free companions for early English immersion and kindergarten transitions.",Screen vs. Sensory; Testing vs. Arts; Institution vs. Sanctuary,https://www.google.com/search?q=British+School+of+Bahrain+Major+Metros+(Bahrain),lead-esl-0697
admissions@ibn-khuldoon-national-school.edu,Ibn Khuldoon National School,Director of Early Years & Admissions,@ibn-khuldoon-national-school,Website,Pillar V: Multicultural & Bilingual Education,International School Early Division (IB PYP),Tier 1 (Macro / Institutional),Middle East,Bahrain (Major Metros (Bahrain)),IB PYP,94,"Established international school in Major Metros (Bahrain), Bahrain; seeking sensory and acoustic screen-free companions for early English immersion and kindergarten transitions.",Screen vs. Sensory; Testing vs. Arts; Institution vs. Sanctuary,https://www.google.com/search?q=Ibn+Khuldoon+National+School+Major+Metros+(Bahrain),lead-esl-0698
admissions@st-christopher-s-school.edu,St. Christopher's School,Director of Early Years & Admissions,@st-christopher-s-school,Website,Pillar V: Multicultural & Bilingual Education,International School Early Division (IB PYP),Tier 1 (Macro / Institutional),Middle East,Bahrain (Major Metros (Bahrain)),IB PYP,94,"Established international school in Major Metros (Bahrain), Bahrain; seeking sensory and acoustic screen-free companions for early English immersion and kindergarten transitions.",Screen vs. Sensory; Testing vs. Arts; Institution vs. Sanctuary,https://www.google.com/search?q=St.+Christopher's+School+Major+Metros+(Bahrain),lead-esl-0699
admissions@the-japanese-school-in-bahrain.edu,The Japanese School in Bahrain,Director of Early Years & Admissions,@the-japanese-school-in-bahrain,Website,Pillar V: Multicultural & Bilingual Education,International School Early Division (IB PYP),Tier 1 (Macro / Institutional),Middle East,Bahrain (Major Metros (Bahrain)),IB PYP,94,"Established international school in Major Metros (Bahrain), Bahrain; seeking sensory and acoustic screen-free companions for early English immersion and kindergarten transitions.",Screen vs. Sensory; Testing vs. Arts; Institution vs. Sanctuary,https://www.google.com/search?q=The+Japanese+School+in+Bahrain+Major+Metros+(Bahrain),lead-esl-0700
admissions@antwerp-international-school.edu,Antwerp International School,Director of Early Years & Admissions,@antwerp-international-school,Website,Pillar V: Multicultural & Bilingual Education,International School Early Division (IB PYP),Tier 1 (Macro / Institutional),Europe,Belgium (Major Metros (Belgium)),IB PYP,94,"Established international school in Major Metros (Belgium), Belgium; seeking sensory and acoustic screen-free companions for early English immersion and kindergarten transitions.",Screen vs. Sensory; Testing vs. Arts; Institution vs. Sanctuary,https://www.google.com/search?q=Antwerp+International+School+Major+Metros+(Belgium),lead-esl-0701
admissions@bogaerts-international-school.edu,Bogaerts International School,Director of Early Years & Admissions,@bogaerts-international-school,Website,Pillar V: Multicultural & Bilingual Education,International School Early Division (IB PYP),Tier 1 (Macro / Institutional),Europe,Belgium (Major Metros (Belgium)),IB PYP,94,"Established international school in Major Metros (Belgium), Belgium; seeking sensory and acoustic screen-free companions for early English immersion and kindergarten transitions.",Screen vs. Sensory; Testing vs. Arts; Institution vs. Sanctuary,https://www.google.com/search?q=Bogaerts+International+School+Major+Metros+(Belgium),lead-esl-0702
admissions@british-school-of-brussels.edu,British School of Brussels,Director of Early Years & Admissions,@british-school-of-brussels,Website,Pillar V: Multicultural & Bilingual Education,International School Early Division (British EYFS),Tier 1 (Macro / Institutional),Europe,Belgium (Major Metros (Belgium)),British EYFS,94,"Established international school in Major Metros (Belgium), Belgium; seeking sensory and acoustic screen-free companions for early English immersion and kindergarten transitions.",Screen vs. Sensory; Testing vs. Arts; Institution vs. Sanctuary,https://www.google.com/search?q=British+School+of+Brussels+Major+Metros+(Belgium),lead-esl-0703
admissions@brussels-american-school.edu,Brussels American School,Director of Early Years & Admissions,@brussels-american-school,Website,Pillar V: Multicultural & Bilingual Education,International School Early Division (American Early Childhood),Tier 1 (Macro / Institutional),Europe,Belgium (Major Metros (Belgium)),American Early Childhood,94,"Established international school in Major Metros (Belgium), Belgium; seeking sensory and acoustic screen-free companions for early English immersion and kindergarten transitions.",Screen vs. Sensory; Testing vs. Arts; Institution vs. Sanctuary,https://www.google.com/search?q=Brussels+American+School+Major+Metros+(Belgium),lead-esl-0704
admissions@european-school-of-brussels-i.edu,European School of Brussels I,Director of Early Years & Admissions,@european-school-of-brussels-i,Website,Pillar V: Multicultural & Bilingual Education,International School Early Division (IB PYP),Tier 1 (Macro / Institutional),Europe,Belgium (Major Metros (Belgium)),IB PYP,94,"Established international school in Major Metros (Belgium), Belgium; seeking sensory and acoustic screen-free companions for early English immersion and kindergarten transitions.",Screen vs. Sensory; Testing vs. Arts; Institution vs. Sanctuary,https://www.google.com/search?q=European+School+of+Brussels+I+Major+Metros+(Belgium),lead-esl-0705
admissions@european-school-of-brussels-ii.edu,European School of Brussels II,Director of Early Years & Admissions,@european-school-of-brussels-ii,Website,Pillar V: Multicultural & Bilingual Education,International School Early Division (IB PYP),Tier 1 (Macro / Institutional),Europe,Belgium (Major Metros (Belgium)),IB PYP,94,"Established international school in Major Metros (Belgium), Belgium; seeking sensory and acoustic screen-free companions for early English immersion and kindergarten transitions.",Screen vs. Sensory; Testing vs. Arts; Institution vs. Sanctuary,https://www.google.com/search?q=European+School+of+Brussels+II+Major+Metros+(Belgium),lead-esl-0706
admissions@european-school-brussels-iii.edu,"European School, Brussels III",Director of Early Years & Admissions,@european-school-brussels-iii,Website,Pillar V: Multicultural & Bilingual Education,International School Early Division (IB PYP),Tier 1 (Macro / Institutional),Europe,Belgium (Major Metros (Belgium)),IB PYP,94,"Established international school in Major Metros (Belgium), Belgium; seeking sensory and acoustic screen-free companions for early English immersion and kindergarten transitions.",Screen vs. Sensory; Testing vs. Arts; Institution vs. Sanctuary,"https://www.google.com/search?q=European+School,+Brussels+III+Major+Metros+(Belgium)",lead-esl-0707
admissions@european-school-brussels-iv.edu,"European School, Brussels IV",Director of Early Years & Admissions,@european-school-brussels-iv,Website,Pillar V: Multicultural & Bilingual Education,International School Early Division (IB PYP),Tier 1 (Macro / Institutional),Europe,Belgium (Major Metros (Belgium)),IB PYP,94,"Established international school in Major Metros (Belgium), Belgium; seeking sensory and acoustic screen-free companions for early English immersion and kindergarten transitions.",Screen vs. Sensory; Testing vs. Arts; Institution vs. Sanctuary,"https://www.google.com/search?q=European+School,+Brussels+IV+Major+Metros+(Belgium)",lead-esl-0708
admissions@european-school-mol.edu,"European School, Mol",Director of Early Years & Admissions,@european-school-mol,Website,Pillar V: Multicultural & Bilingual Education,International School Early Division (IB PYP),Tier 1 (Macro / Institutional),Europe,Belgium (Major Metros (Belgium)),IB PYP,94,"Established international school in Major Metros (Belgium), Belgium; seeking sensory and acoustic screen-free companions for early English immersion and kindergarten transitions.",Screen vs. Sensory; Testing vs. Arts; Institution vs. Sanctuary,"https://www.google.com/search?q=European+School,+Mol+Major+Metros+(Belgium)",lead-esl-0709
admissions@international-school-ghent.edu,International School Ghent,Director of Early Years & Admissions,@international-school-ghent,Website,Pillar V: Multicultural & Bilingual Education,International School Early Division (IB PYP),Tier 1 (Macro / Institutional),Europe,Belgium (Major Metros (Belgium)),IB PYP,94,"Established international school in Major Metros (Belgium), Belgium; seeking sensory and acoustic screen-free companions for early English immersion and kindergarten transitions.",Screen vs. Sensory; Testing vs. Arts; Institution vs. Sanctuary,https://www.google.com/search?q=International+School+Ghent+Major+Metros+(Belgium),lead-esl-0710
admissions@international-school-of-brusse.edu,International School of Brussels,Director of Early Years & Admissions,@international-school-of-brusse,Website,Pillar V: Multicultural & Bilingual Education,International School Early Division (IB PYP),Tier 1 (Macro / Institutional),Europe,Belgium (Major Metros (Belgium)),IB PYP,94,"Established international school in Major Metros (Belgium), Belgium; seeking sensory and acoustic screen-free companions for early English immersion and kindergarten transitions.",Screen vs. Sensory; Testing vs. Arts; Institution vs. Sanctuary,https://www.google.com/search?q=International+School+of+Brussels+Major+Metros+(Belgium),lead-esl-0711
admissions@international-german-school-of.edu,International German School of Brussels,Director of Early Years & Admissions,@international-german-school-of,Website,Pillar V: Multicultural & Bilingual Education,International School Early Division (International Early Years),Tier 1 (Macro / Institutional),Europe,Belgium (Major Metros (Belgium)),International Early Years,94,"Established international school in Major Metros (Belgium), Belgium; seeking sensory and acoustic screen-free companions for early English immersion and kindergarten transitions.",Screen vs. Sensory; Testing vs. Arts; Institution vs. Sanctuary,https://www.google.com/search?q=International+German+School+of+Brussels+Major+Metros+(Belgium),lead-esl-0712
admissions@st-john-s-international-school.edu,St. John's International School,Director of Early Years & Admissions,@st-john-s-international-school,Website,Pillar V: Multicultural & Bilingual Education,International School Early Division (IB PYP),Tier 1 (Macro / Institutional),Europe,Belgium (Major Metros (Belgium)),IB PYP,94,"Established international school in Major Metros (Belgium), Belgium; seeking sensory and acoustic screen-free companions for early English immersion and kindergarten transitions.",Screen vs. Sensory; Testing vs. Arts; Institution vs. Sanctuary,https://www.google.com/search?q=St.+John's+International+School+Major+Metros+(Belgium),lead-esl-0713
admissions@shape-high-school.edu,SHAPE High School,Director of Early Years & Admissions,@shape-high-school,Website,Pillar V: Multicultural & Bilingual Education,International School Early Division (IB PYP),Tier 1 (Macro / Institutional),Europe,Belgium (Major Metros (Belgium)),IB PYP,94,"Established international school in Major Metros (Belgium), Belgium; seeking sensory and acoustic screen-free companions for early English immersion and kindergarten transitions.",Screen vs. Sensory; Testing vs. Arts; Institution vs. Sanctuary,https://www.google.com/search?q=SHAPE+High+School+Major+Metros+(Belgium),lead-esl-0714
admissions@world-international-school.edu,World International School,Director of Early Years & Admissions,@world-international-school,Website,Pillar V: Multicultural & Bilingual Education,International School Early Division (IB PYP),Tier 1 (Macro / Institutional),Europe,Belgium (Major Metros (Belgium)),IB PYP,94,"Established international school in Major Metros (Belgium), Belgium; seeking sensory and acoustic screen-free companions for early English immersion and kindergarten transitions.",Screen vs. Sensory; Testing vs. Arts; Institution vs. Sanctuary,https://www.google.com/search?q=World+International+School+Major+Metros+(Belgium),lead-esl-0715
admissions@scandinavian-school-of-brussel.edu,Scandinavian School of Brussels,Director of Early Years & Admissions,@scandinavian-school-of-brussel,Website,Pillar V: Multicultural & Bilingual Education,International School Early Division (IB PYP),Tier 1 (Macro / Institutional),Europe,Belgium (Major Metros (Belgium)),IB PYP,94,"Established international school in Major Metros (Belgium), Belgium; seeking sensory and acoustic screen-free companions for early English immersion and kindergarten transitions.",Screen vs. Sensory; Testing vs. Arts; Institution vs. Sanctuary,https://www.google.com/search?q=Scandinavian+School+of+Brussels+Major+Metros+(Belgium),lead-esl-0716
admissions@american-school-of-bras-lia.edu,American School of Brasília,Director of Early Years & Admissions,@american-school-of-bras-lia,Website,Pillar V: Multicultural & Bilingual Education,International School Early Division (American Early Childhood),Tier 1 (Macro / Institutional),Latin America,Brazil (Major Metros (Brazil)),American Early Childhood,94,"Established international school in Major Metros (Brazil), Brazil; seeking sensory and acoustic screen-free companions for early English immersion and kindergarten transitions.",Screen vs. Sensory; Testing vs. Arts; Institution vs. Sanctuary,https://www.google.com/search?q=American+School+of+Brasília+Major+Metros+(Brazil),lead-esl-0717
admissions@american-school-of-recife.edu,American School of Recife,Director of Early Years & Admissions,@american-school-of-recife,Website,Pillar V: Multicultural & Bilingual Education,International School Early Division (American Early Childhood),Tier 1 (Macro / Institutional),Latin America,Brazil (Major Metros (Brazil)),American Early Childhood,94,"Established international school in Major Metros (Brazil), Brazil; seeking sensory and acoustic screen-free companions for early English immersion and kindergarten transitions.",Screen vs. Sensory; Testing vs. Arts; Institution vs. Sanctuary,https://www.google.com/search?q=American+School+of+Recife+Major+Metros+(Brazil),lead-esl-0718
admissions@american-school-of-rio-de-jane.edu,American School of Rio de Janeiro,Director of Early Years & Admissions,@american-school-of-rio-de-jane,Website,Pillar V: Multicultural & Bilingual Education,International School Early Division (American Early Childhood),Tier 1 (Macro / Institutional),Latin America,Brazil (Major Metros (Brazil)),American Early Childhood,94,"Established international school in Major Metros (Brazil), Brazil; seeking sensory and acoustic screen-free companions for early English immersion and kindergarten transitions.",Screen vs. Sensory; Testing vs. Arts; Institution vs. Sanctuary,https://www.google.com/search?q=American+School+of+Rio+de+Janeiro+Major+Metros+(Brazil),lead-esl-0719
admissions@associa-o-escola-graduada-de-s.edu,"Associação Escola Graduada de São Paulo, American School",Director of Early Years & Admissions,@associa-o-escola-graduada-de-s,Website,Pillar V: Multicultural & Bilingual Education,International School Early Division (American Early Childhood),Tier 1 (Macro / Institutional),Latin America,Brazil (Major Metros (Brazil)),American Early Childhood,94,"Established international school in Major Metros (Brazil), Brazil; seeking sensory and acoustic screen-free companions for early English immersion and kindergarten transitions.",Screen vs. Sensory; Testing vs. Arts; Institution vs. Sanctuary,"https://www.google.com/search?q=Associação+Escola+Graduada+de+São+Paulo,+American+School+Major+Metros+(Brazil)",lead-esl-0720
admissions@associa-o-civil-de-divulga-o-c.edu,"Associação Civil de Divulgação Cultural e Educacional Japonesa do Rio de Janeiro, Japanese School",Director of Early Years & Admissions,@associa-o-civil-de-divulga-o-c,Website,Pillar V: Multicultural & Bilingual Education,International School Early Division (IB PYP),Tier 1 (Macro / Institutional),Latin America,Brazil (Major Metros (Brazil)),IB PYP,94,"Established international school in Major Metros (Brazil), Brazil; seeking sensory and acoustic screen-free companions for early English immersion and kindergarten transitions.",Screen vs. Sensory; Testing vs. Arts; Institution vs. Sanctuary,"https://www.google.com/search?q=Associação+Civil+de+Divulgação+Cultural+e+Educacional+Japonesa+do+Rio+de+Janeiro,+Japanese+School+Major+Metros+(Brazil)",lead-esl-0721
admissions@col-gio-dante-alighieri.edu,Colégio Dante Alighieri,Director of Early Years & Admissions,@col-gio-dante-alighieri,Website,Pillar V: Multicultural & Bilingual Education,International School Early Division (IB PYP),Tier 2 (Community Connector),Latin America,Brazil (Major Metros (Brazil)),IB PYP,94,"Established international school in Major Metros (Brazil), Brazil; seeking sensory and acoustic screen-free companions for early English immersion and kindergarten transitions.",Screen vs. Sensory; Testing vs. Arts; Institution vs. Sanctuary,https://www.google.com/search?q=Colégio+Dante+Alighieri+Major+Metros+(Brazil),lead-esl-0722
admissions@col-gio-humboldt-s-o-paulo.edu,Colégio Humboldt São Paulo,Director of Early Years & Admissions,@col-gio-humboldt-s-o-paulo,Website,Pillar V: Multicultural & Bilingual Education,International School Early Division (IB PYP),Tier 2 (Community Connector),Latin America,Brazil (Major Metros (Brazil)),IB PYP,94,"Established international school in Major Metros (Brazil), Brazil; seeking sensory and acoustic screen-free companions for early English immersion and kindergarten transitions.",Screen vs. Sensory; Testing vs. Arts; Institution vs. Sanctuary,https://www.google.com/search?q=Colégio+Humboldt+São+Paulo+Major+Metros+(Brazil),lead-esl-0723
admissions@col-gio-miguel-de-cervantes-sp.edu,Colégio Miguel de Cervantes. Spanish international school,Director of Early Years & Admissions,@col-gio-miguel-de-cervantes-sp,Website,Pillar V: Multicultural & Bilingual Education,International School Early Division (IB PYP),Tier 1 (Macro / Institutional),Latin America,Brazil (Major Metros (Brazil)),IB PYP,94,"Established international school in Major Metros (Brazil), Brazil; seeking sensory and acoustic screen-free companions for early English immersion and kindergarten transitions.",Screen vs. Sensory; Testing vs. Arts; Institution vs. Sanctuary,https://www.google.com/search?q=Colégio+Miguel+de+Cervantes.+Spanish+international+school+Major+Metros+(Brazil),lead-esl-0724
admissions@col-gio-su-o-brasileiro-de-cur.edu,"Colégio Suíço-Brasileiro de Curitiba, Swiss-Brazilian School",Director of Early Years & Admissions,@col-gio-su-o-brasileiro-de-cur,Website,Pillar V: Multicultural & Bilingual Education,International School Early Division (IB PYP),Tier 1 (Macro / Institutional),Latin America,Brazil (Major Metros (Brazil)),IB PYP,94,"Established international school in Major Metros (Brazil), Brazil; seeking sensory and acoustic screen-free companions for early English immersion and kindergarten transitions.",Screen vs. Sensory; Testing vs. Arts; Institution vs. Sanctuary,"https://www.google.com/search?q=Colégio+Suíço-Brasileiro+de+Curitiba,+Swiss-Brazilian+School+Major+Metros+(Brazil)",lead-esl-0725
admissions@col-gio-visconde-de-porto-segu.edu,"Colégio Visconde de Porto Seguro, German School founded in 1878 (Sao Paulo)",Director of Early Years & Admissions,@col-gio-visconde-de-porto-segu,Website,Pillar V: Multicultural & Bilingual Education,International School Early Division (International Early Years),Tier 1 (Macro / Institutional),Latin America,Brazil (Major Metros (Brazil)),International Early Years,94,"Established international school in Major Metros (Brazil), Brazil; seeking sensory and acoustic screen-free companions for early English immersion and kindergarten transitions.",Screen vs. Sensory; Testing vs. Arts; Institution vs. Sanctuary,"https://www.google.com/search?q=Colégio+Visconde+de+Porto+Seguro,+German+School+founded+in+1878+(Sao+Paulo)+Major+Metros+(Brazil)",lead-esl-0726
admissions@deutsche-schule-rio-de-janeiro.edu,Deutsche Schule Rio de Janeiro,Director of Early Years & Admissions,@deutsche-schule-rio-de-janeiro,Website,Pillar V: Multicultural & Bilingual Education,International School Early Division (International Early Years),Tier 2 (Community Connector),Latin America,Brazil (Major Metros (Brazil)),International Early Years,94,"Established international school in Major Metros (Brazil), Brazil; seeking sensory and acoustic screen-free companions for early English immersion and kindergarten transitions.",Screen vs. Sensory; Testing vs. Arts; Institution vs. Sanctuary,https://www.google.com/search?q=Deutsche+Schule+Rio+de+Janeiro+Major+Metros+(Brazil),lead-esl-0727
admissions@escola-japonesa-de-s-o-paulo-j.edu,"Escola Japonesa de São Paulo, Japanese School",Director of Early Years & Admissions,@escola-japonesa-de-s-o-paulo-j,Website,Pillar V: Multicultural & Bilingual Education,International School Early Division (IB PYP),Tier 1 (Macro / Institutional),Latin America,Brazil (Major Metros (Brazil)),IB PYP,94,"Established international school in Major Metros (Brazil), Brazil; seeking sensory and acoustic screen-free companions for early English immersion and kindergarten transitions.",Screen vs. Sensory; Testing vs. Arts; Institution vs. Sanctuary,"https://www.google.com/search?q=Escola+Japonesa+de+São+Paulo,+Japanese+School+Major+Metros+(Brazil)",lead-esl-0728
admissions@escola-su-o-brasileira-rio-de-.edu,"Escola Suíço-Brasileira Rio de Janeiro, Swiss-Brazilian International School",Director of Early Years & Admissions,@escola-su-o-brasileira-rio-de-,Website,Pillar V: Multicultural & Bilingual Education,International School Early Division (IB PYP),Tier 1 (Macro / Institutional),Latin America,Brazil (Major Metros (Brazil)),IB PYP,94,"Established international school in Major Metros (Brazil), Brazil; seeking sensory and acoustic screen-free companions for early English immersion and kindergarten transitions.",Screen vs. Sensory; Testing vs. Arts; Institution vs. Sanctuary,"https://www.google.com/search?q=Escola+Suíço-Brasileira+Rio+de+Janeiro,+Swiss-Brazilian+International+School+Major+Metros+(Brazil)",lead-esl-0729
admissions@istituto-italo-brasiliano-bicu.edu,"Istituto Italo-Brasiliano Biculturale Fondazione Torino, Belo Horizonte",Director of Early Years & Admissions,@istituto-italo-brasiliano-bicu,Website,Pillar V: Multicultural & Bilingual Education,International School Early Division (IB PYP),Tier 2 (Community Connector),Latin America,Brazil (Major Metros (Brazil)),IB PYP,94,"Established international school in Major Metros (Brazil), Brazil; seeking sensory and acoustic screen-free companions for early English immersion and kindergarten transitions.",Screen vs. Sensory; Testing vs. Arts; Institution vs. Sanctuary,"https://www.google.com/search?q=Istituto+Italo-Brasiliano+Biculturale+Fondazione+Torino,+Belo+Horizonte+Major+Metros+(Brazil)",lead-esl-0730
admissions@international-school-of-curiti.edu,International School of Curitiba,Director of Early Years & Admissions,@international-school-of-curiti,Website,Pillar V: Multicultural & Bilingual Education,International School Early Division (IB PYP),Tier 1 (Macro / Institutional),Latin America,Brazil (Major Metros (Brazil)),IB PYP,94,"Established international school in Major Metros (Brazil), Brazil; seeking sensory and acoustic screen-free companions for early English immersion and kindergarten transitions.",Screen vs. Sensory; Testing vs. Arts; Institution vs. Sanctuary,https://www.google.com/search?q=International+School+of+Curitiba+Major+Metros+(Brazil),lead-esl-0731
admissions@international-school-of-maca.edu,International School of Macaé,Director of Early Years & Admissions,@international-school-of-maca,Website,Pillar V: Multicultural & Bilingual Education,International School Early Division (IB PYP),Tier 1 (Macro / Institutional),Latin America,Brazil (Major Metros (Brazil)),IB PYP,94,"Established international school in Major Metros (Brazil), Brazil; seeking sensory and acoustic screen-free companions for early English immersion and kindergarten transitions.",Screen vs. Sensory; Testing vs. Arts; Institution vs. Sanctuary,https://www.google.com/search?q=International+School+of+Macaé+Major+Metros+(Brazil),lead-esl-0732
admissions@japanese-school-of-manaus.edu,Japanese School of Manaus,Director of Early Years & Admissions,@japanese-school-of-manaus,Website,Pillar V: Multicultural & Bilingual Education,International School Early Division (IB PYP),Tier 1 (Macro / Institutional),Latin America,Brazil (Major Metros (Brazil)),IB PYP,94,"Established international school in Major Metros (Brazil), Brazil; seeking sensory and acoustic screen-free companions for early English immersion and kindergarten transitions.",Screen vs. Sensory; Testing vs. Arts; Institution vs. Sanctuary,https://www.google.com/search?q=Japanese+School+of+Manaus+Major+Metros+(Brazil),lead-esl-0733
admissions@lyc-e-pasteur-de-s-o-paulo.edu,Lycée Pasteur de São Paulo,Director of Early Years & Admissions,@lyc-e-pasteur-de-s-o-paulo,Website,Pillar V: Multicultural & Bilingual Education,International School Early Division (French Immersion),Tier 2 (Community Connector),Latin America,Brazil (Major Metros (Brazil)),French Immersion,94,"Established international school in Major Metros (Brazil), Brazil; seeking sensory and acoustic screen-free companions for early English immersion and kindergarten transitions.",Screen vs. Sensory; Testing vs. Arts; Institution vs. Sanctuary,https://www.google.com/search?q=Lycée+Pasteur+de+São+Paulo+Major+Metros+(Brazil),lead-esl-0734
admissions@lyc-e-moli-re-de-rio-de-janeir.edu,Lycée Molière de Rio de Janeiro,Director of Early Years & Admissions,@lyc-e-moli-re-de-rio-de-janeir,Website,Pillar V: Multicultural & Bilingual Education,International School Early Division (French Immersion),Tier 2 (Community Connector),Latin America,Brazil (Major Metros (Brazil)),French Immersion,94,"Established international school in Major Metros (Brazil), Brazil; seeking sensory and acoustic screen-free companions for early English immersion and kindergarten transitions.",Screen vs. Sensory; Testing vs. Arts; Institution vs. Sanctuary,https://www.google.com/search?q=Lycée+Molière+de+Rio+de+Janeiro+Major+Metros+(Brazil),lead-esl-0735
admissions@lyc-e-fran-ais-fran-ois-mitter.edu,"Lycée Français François Mitterrand, Brasilia",Director of Early Years & Admissions,@lyc-e-fran-ais-fran-ois-mitter,Website,Pillar V: Multicultural & Bilingual Education,International School Early Division (French Immersion),Tier 2 (Community Connector),Latin America,Brazil (Major Metros (Brazil)),French Immersion,94,"Established international school in Major Metros (Brazil), Brazil; seeking sensory and acoustic screen-free companions for early English immersion and kindergarten transitions.",Screen vs. Sensory; Testing vs. Arts; Institution vs. Sanctuary,"https://www.google.com/search?q=Lycée+Français+François+Mitterrand,+Brasilia+Major+Metros+(Brazil)",lead-esl-0736
admissions@pan-american-christian-academy.edu,Pan American Christian Academy,Director of Early Years & Admissions,@pan-american-christian-academy,Website,Pillar V: Multicultural & Bilingual Education,International School Early Division (American Early Childhood),Tier 1 (Macro / Institutional),Latin America,Brazil (Major Metros (Brazil)),American Early Childhood,94,"Established international school in Major Metros (Brazil), Brazil; seeking sensory and acoustic screen-free companions for early English immersion and kindergarten transitions.",Screen vs. Sensory; Testing vs. Arts; Institution vs. Sanctuary,https://www.google.com/search?q=Pan+American+Christian+Academy+Major+Metros+(Brazil),lead-esl-0737
admissions@pan-american-school-of-bahia.edu,Pan American School of Bahia,Director of Early Years & Admissions,@pan-american-school-of-bahia,Website,Pillar V: Multicultural & Bilingual Education,International School Early Division (American Early Childhood),Tier 1 (Macro / Institutional),Latin America,Brazil (Major Metros (Brazil)),American Early Childhood,94,"Established international school in Major Metros (Brazil), Brazil; seeking sensory and acoustic screen-free companions for early English immersion and kindergarten transitions.",Screen vs. Sensory; Testing vs. Arts; Institution vs. Sanctuary,https://www.google.com/search?q=Pan+American+School+of+Bahia+Major+Metros+(Brazil),lead-esl-0738
admissions@school-of-the-nations-bah.edu,School of the Nations (Bahá'í),Director of Early Years & Admissions,@school-of-the-nations-bah,Website,Pillar V: Multicultural & Bilingual Education,International School Early Division (IB PYP),Tier 1 (Macro / Institutional),Latin America,Brazil (Major Metros (Brazil)),IB PYP,94,"Established international school in Major Metros (Brazil), Brazil; seeking sensory and acoustic screen-free companions for early English immersion and kindergarten transitions.",Screen vs. Sensory; Testing vs. Arts; Institution vs. Sanctuary,https://www.google.com/search?q=School+of+the+Nations+(Bahá'í)+Major+Metros+(Brazil),lead-esl-0739
admissions@scuola-italiana-eugenio-montal.edu,"Scuola Italiana Eugenio Montale, Italian international school in Sao Paulo",Director of Early Years & Admissions,@scuola-italiana-eugenio-montal,Website,Pillar V: Multicultural & Bilingual Education,International School Early Division (IB PYP),Tier 1 (Macro / Institutional),Latin America,Brazil (Major Metros (Brazil)),IB PYP,94,"Established international school in Major Metros (Brazil), Brazil; seeking sensory and acoustic screen-free companions for early English immersion and kindergarten transitions.",Screen vs. Sensory; Testing vs. Arts; Institution vs. Sanctuary,"https://www.google.com/search?q=Scuola+Italiana+Eugenio+Montale,+Italian+international+school+in+Sao+Paulo+Major+Metros+(Brazil)",lead-esl-0740
admissions@st-paul-s-school-brazil-britis.edu,"St Paul's School, Brazil, British international school (Sao Paulo)",Director of Early Years & Admissions,@st-paul-s-school-brazil-britis,Website,Pillar V: Multicultural & Bilingual Education,International School Early Division (British EYFS),Tier 1 (Macro / Institutional),Latin America,Brazil (Major Metros (Brazil)),British EYFS,94,"Established international school in Major Metros (Brazil), Brazil; seeking sensory and acoustic screen-free companions for early English immersion and kindergarten transitions.",Screen vs. Sensory; Testing vs. Arts; Institution vs. Sanctuary,"https://www.google.com/search?q=St+Paul's+School,+Brazil,+British+international+school+(Sao+Paulo)+Major+Metros+(Brazil)",lead-esl-0741
admissions@colegio-suizo-de-santiago.edu,Colegio Suizo de Santiago,Director of Early Years & Admissions,@colegio-suizo-de-santiago,Website,Pillar V: Multicultural & Bilingual Education,International School Early Division (IB PYP),Tier 2 (Community Connector),Latin America,Chile (Major Metros (Chile)),IB PYP,94,"Established international school in Major Metros (Chile), Chile; seeking sensory and acoustic screen-free companions for early English immersion and kindergarten transitions.",Screen vs. Sensory; Testing vs. Arts; Institution vs. Sanctuary,https://www.google.com/search?q=Colegio+Suizo+de+Santiago+Major+Metros+(Chile),lead-esl-0742
admissions@deutsche-schule-santiago.edu,Deutsche Schule Santiago,Director of Early Years & Admissions,@deutsche-schule-santiago,Website,Pillar V: Multicultural & Bilingual Education,International School Early Division (International Early Years),Tier 2 (Community Connector),Latin America,Chile (Major Metros (Chile)),International Early Years,94,"Established international school in Major Metros (Chile), Chile; seeking sensory and acoustic screen-free companions for early English immersion and kindergarten transitions.",Screen vs. Sensory; Testing vs. Arts; Institution vs. Sanctuary,https://www.google.com/search?q=Deutsche+Schule+Santiago+Major+Metros+(Chile),lead-esl-0743
admissions@grange-school-santiago.edu,"Grange School, Santiago",Director of Early Years & Admissions,@grange-school-santiago,Website,Pillar V: Multicultural & Bilingual Education,International School Early Division (IB PYP),Tier 1 (Macro / Institutional),Latin America,Chile (Major Metros (Chile)),IB PYP,94,"Established international school in Major Metros (Chile), Chile; seeking sensory and acoustic screen-free companions for early English immersion and kindergarten transitions.",Screen vs. Sensory; Testing vs. Arts; Institution vs. Sanctuary,"https://www.google.com/search?q=Grange+School,+Santiago+Major+Metros+(Chile)",lead-esl-0744
admissions@instituto-alem-n-carlos-anwand.edu,Instituto Alemán Carlos Anwandter,Director of Early Years & Admissions,@instituto-alem-n-carlos-anwand,Website,Pillar V: Multicultural & Bilingual Education,International School Early Division (IB PYP),Tier 2 (Community Connector),Latin America,Chile (Major Metros (Chile)),IB PYP,94,"Established international school in Major Metros (Chile), Chile; seeking sensory and acoustic screen-free companions for early English immersion and kindergarten transitions.",Screen vs. Sensory; Testing vs. Arts; Institution vs. Sanctuary,https://www.google.com/search?q=Instituto+Alemán+Carlos+Anwandter+Major+Metros+(Chile),lead-esl-0745
admissions@international-school-nido-de-a.edu,International School Nido de Aguilas,Director of Early Years & Admissions,@international-school-nido-de-a,Website,Pillar V: Multicultural & Bilingual Education,International School Early Division (IB PYP),Tier 1 (Macro / Institutional),Latin America,Chile (Major Metros (Chile)),IB PYP,94,"Established international school in Major Metros (Chile), Chile; seeking sensory and acoustic screen-free companions for early English immersion and kindergarten transitions.",Screen vs. Sensory; Testing vs. Arts; Institution vs. Sanctuary,https://www.google.com/search?q=International+School+Nido+de+Aguilas+Major+Metros+(Chile),lead-esl-0746
admissions@lyc-e-antoine-de-saint-exup-ry.edu,Lycée Antoine-de-Saint-Exupéry de Santiago,Director of Early Years & Admissions,@lyc-e-antoine-de-saint-exup-ry,Website,Pillar V: Multicultural & Bilingual Education,International School Early Division (French Immersion),Tier 2 (Community Connector),Latin America,Chile (Major Metros (Chile)),French Immersion,94,"Established international school in Major Metros (Chile), Chile; seeking sensory and acoustic screen-free companions for early English immersion and kindergarten transitions.",Screen vs. Sensory; Testing vs. Arts; Institution vs. Sanctuary,https://www.google.com/search?q=Lycée+Antoine-de-Saint-Exupéry+de+Santiago+Major+Metros+(Chile),lead-esl-0747
admissions@lyc-e-fran-ais-charles-de-gaul.edu,Lycée Français Charles de Gaulle (Chile),Director of Early Years & Admissions,@lyc-e-fran-ais-charles-de-gaul,Website,Pillar V: Multicultural & Bilingual Education,International School Early Division (French Immersion),Tier 2 (Community Connector),Latin America,Chile (Major Metros (Chile)),French Immersion,94,"Established international school in Major Metros (Chile), Chile; seeking sensory and acoustic screen-free companions for early English immersion and kindergarten transitions.",Screen vs. Sensory; Testing vs. Arts; Institution vs. Sanctuary,https://www.google.com/search?q=Lycée+Français+Charles+de+Gaulle+(Chile)+Major+Metros+(Chile),lead-esl-0748
admissions@santiago-college.edu,Santiago College,Director of Early Years & Admissions,@santiago-college,Website,Pillar V: Multicultural & Bilingual Education,International School Early Division (IB PYP),Tier 1 (Macro / Institutional),Latin America,Chile (Major Metros (Chile)),IB PYP,94,"Established international school in Major Metros (Chile), Chile; seeking sensory and acoustic screen-free companions for early English immersion and kindergarten transitions.",Screen vs. Sensory; Testing vs. Arts; Institution vs. Sanctuary,https://www.google.com/search?q=Santiago+College+Major+Metros+(Chile),lead-esl-0749
admissions@scuola-italiana-arturo-dell-or.edu,Scuola Italiana Arturo Dell'Oro,Director of Early Years & Admissions,@scuola-italiana-arturo-dell-or,Website,Pillar V: Multicultural & Bilingual Education,International School Early Division (IB PYP),Tier 2 (Community Connector),Latin America,Chile (Major Metros (Chile)),IB PYP,94,"Established international school in Major Metros (Chile), Chile; seeking sensory and acoustic screen-free companions for early English immersion and kindergarten transitions.",Screen vs. Sensory; Testing vs. Arts; Institution vs. Sanctuary,https://www.google.com/search?q=Scuola+Italiana+Arturo+Dell'Oro+Major+Metros+(Chile),lead-esl-0750
admissions@anglo-colombian-school.edu,Anglo Colombian School,Director of Early Years & Admissions,@anglo-colombian-school,Website,Pillar V: Multicultural & Bilingual Education,International School Early Division (IB PYP),Tier 1 (Macro / Institutional),Latin America,Colombia (Major Metros (Colombia)),IB PYP,94,"Established international school in Major Metros (Colombia), Colombia; seeking sensory and acoustic screen-free companions for early English immersion and kindergarten transitions.",Screen vs. Sensory; Testing vs. Arts; Institution vs. Sanctuary,https://www.google.com/search?q=Anglo+Colombian+School+Major+Metros+(Colombia),lead-esl-0751
admissions@colegio-bolivar.edu,Colegio Bolivar,Director of Early Years & Admissions,@colegio-bolivar,Website,Pillar V: Multicultural & Bilingual Education,International School Early Division (IB PYP),Tier 2 (Community Connector),Latin America,Colombia (Major Metros (Colombia)),IB PYP,94,"Established international school in Major Metros (Colombia), Colombia; seeking sensory and acoustic screen-free companions for early English immersion and kindergarten transitions.",Screen vs. Sensory; Testing vs. Arts; Institution vs. Sanctuary,https://www.google.com/search?q=Colegio+Bolivar+Major+Metros+(Colombia),lead-esl-0752
admissions@colegio-nueva-granada.edu,Colegio Nueva Granada,Director of Early Years & Admissions,@colegio-nueva-granada,Website,Pillar V: Multicultural & Bilingual Education,International School Early Division (IB PYP),Tier 2 (Community Connector),Latin America,Colombia (Major Metros (Colombia)),IB PYP,94,"Established international school in Major Metros (Colombia), Colombia; seeking sensory and acoustic screen-free companions for early English immersion and kindergarten transitions.",Screen vs. Sensory; Testing vs. Arts; Institution vs. Sanctuary,https://www.google.com/search?q=Colegio+Nueva+Granada+Major+Metros+(Colombia),lead-esl-0753
admissions@deutsche-schule-bogot.edu,Deutsche Schule Bogotá,Director of Early Years & Admissions,@deutsche-schule-bogot,Website,Pillar V: Multicultural & Bilingual Education,International School Early Division (International Early Years),Tier 2 (Community Connector),Latin America,Colombia (Major Metros (Colombia)),International Early Years,94,"Established international school in Major Metros (Colombia), Colombia; seeking sensory and acoustic screen-free companions for early English immersion and kindergarten transitions.",Screen vs. Sensory; Testing vs. Arts; Institution vs. Sanctuary,https://www.google.com/search?q=Deutsche+Schule+Bogotá+Major+Metros+(Colombia),lead-esl-0754
admissions@american-international-school-.edu,American International School in Egypt,Director of Early Years & Admissions,@american-international-school-,Website,Pillar V: Multicultural & Bilingual Education,International School Early Division (American Early Childhood),Tier 1 (Macro / Institutional),Middle East,Egypt (Major Metros (Egypt)),American Early Childhood,94,"Established international school in Major Metros (Egypt), Egypt; seeking sensory and acoustic screen-free companions for early English immersion and kindergarten transitions.",Screen vs. Sensory; Testing vs. Arts; Institution vs. Sanctuary,https://www.google.com/search?q=American+International+School+in+Egypt+Major+Metros+(Egypt),lead-esl-0755
admissions@british-international-college-.edu,British International College of Cairo,Director of Early Years & Admissions,@british-international-college-,Website,Pillar V: Multicultural & Bilingual Education,International School Early Division (British EYFS),Tier 1 (Macro / Institutional),Middle East,Egypt (Major Metros (Egypt)),British EYFS,94,"Established international school in Major Metros (Egypt), Egypt; seeking sensory and acoustic screen-free companions for early English immersion and kindergarten transitions.",Screen vs. Sensory; Testing vs. Arts; Institution vs. Sanctuary,https://www.google.com/search?q=British+International+College+of+Cairo+Major+Metros+(Egypt),lead-esl-0756
admissions@british-international-school-i.edu,British International School in Cairo,Director of Early Years & Admissions,@british-international-school-i,Website,Pillar V: Multicultural & Bilingual Education,International School Early Division (British EYFS),Tier 1 (Macro / Institutional),Middle East,Egypt (Major Metros (Egypt)),British EYFS,94,"Established international school in Major Metros (Egypt), Egypt; seeking sensory and acoustic screen-free companions for early English immersion and kindergarten transitions.",Screen vs. Sensory; Testing vs. Arts; Institution vs. Sanctuary,https://www.google.com/search?q=British+International+School+in+Cairo+Major+Metros+(Egypt),lead-esl-0757
admissions@cairo-american-college.edu,Cairo American College,Director of Early Years & Admissions,@cairo-american-college,Website,Pillar V: Multicultural & Bilingual Education,International School Early Division (American Early Childhood),Tier 1 (Macro / Institutional),Middle East,Egypt (Major Metros (Egypt)),American Early Childhood,94,"Established international school in Major Metros (Egypt), Egypt; seeking sensory and acoustic screen-free companions for early English immersion and kindergarten transitions.",Screen vs. Sensory; Testing vs. Arts; Institution vs. Sanctuary,https://www.google.com/search?q=Cairo+American+College+Major+Metros+(Egypt),lead-esl-0758
admissions@cairo-japanese-school.edu,Cairo Japanese School,Director of Early Years & Admissions,@cairo-japanese-school,Website,Pillar V: Multicultural & Bilingual Education,International School Early Division (IB PYP),Tier 1 (Macro / Institutional),Middle East,Egypt (Major Metros (Egypt)),IB PYP,94,"Established international school in Major Metros (Egypt), Egypt; seeking sensory and acoustic screen-free companions for early English immersion and kindergarten transitions.",Screen vs. Sensory; Testing vs. Arts; Institution vs. Sanctuary,https://www.google.com/search?q=Cairo+Japanese+School+Major+Metros+(Egypt),lead-esl-0759
admissions@deutsche-evangelische-oberschu.edu,Deutsche Evangelische Oberschule,Director of Early Years & Admissions,@deutsche-evangelische-oberschu,Website,Pillar V: Multicultural & Bilingual Education,International School Early Division (International Early Years),Tier 2 (Community Connector),Middle East,Egypt (Major Metros (Egypt)),International Early Years,94,"Established international school in Major Metros (Egypt), Egypt; seeking sensory and acoustic screen-free companions for early English immersion and kindergarten transitions.",Screen vs. Sensory; Testing vs. Arts; Institution vs. Sanctuary,https://www.google.com/search?q=Deutsche+Evangelische+Oberschule+Major+Metros+(Egypt),lead-esl-0760
admissions@deutsche-schule-der-borrom-eri.edu,Deutsche Schule der Borromäerinnen Alexandria,Director of Early Years & Admissions,@deutsche-schule-der-borrom-eri,Website,Pillar V: Multicultural & Bilingual Education,International School Early Division (International Early Years),Tier 2 (Community Connector),Middle East,Egypt (Major Metros (Egypt)),International Early Years,94,"Established international school in Major Metros (Egypt), Egypt; seeking sensory and acoustic screen-free companions for early English immersion and kindergarten transitions.",Screen vs. Sensory; Testing vs. Arts; Institution vs. Sanctuary,https://www.google.com/search?q=Deutsche+Schule+der+Borromäerinnen+Alexandria+Major+Metros+(Egypt),lead-esl-0761
admissions@deutsche-schule-der-borrom-eri.edu,Deutsche Schule der Borromäerinnen Kairo,Director of Early Years & Admissions,@deutsche-schule-der-borrom-eri,Website,Pillar V: Multicultural & Bilingual Education,International School Early Division (International Early Years),Tier 2 (Community Connector),Middle East,Egypt (Major Metros (Egypt)),International Early Years,94,"Established international school in Major Metros (Egypt), Egypt; seeking sensory and acoustic screen-free companions for early English immersion and kindergarten transitions.",Screen vs. Sensory; Testing vs. Arts; Institution vs. Sanctuary,https://www.google.com/search?q=Deutsche+Schule+der+Borromäerinnen+Kairo+Major+Metros+(Egypt),lead-esl-0762
admissions@german-school-hurghada.edu,German School Hurghada,Director of Early Years & Admissions,@german-school-hurghada,Website,Pillar V: Multicultural & Bilingual Education,International School Early Division (International Early Years),Tier 1 (Macro / Institutional),Middle East,Egypt (Major Metros (Egypt)),International Early Years,94,"Established international school in Major Metros (Egypt), Egypt; seeking sensory and acoustic screen-free companions for early English immersion and kindergarten transitions.",Screen vs. Sensory; Testing vs. Arts; Institution vs. Sanctuary,https://www.google.com/search?q=German+School+Hurghada+Major+Metros+(Egypt),lead-esl-0763
admissions@green-land-pr-vert-internation.edu,Green Land Pré Vert International School,Director of Early Years & Admissions,@green-land-pr-vert-internation,Website,Pillar V: Multicultural & Bilingual Education,International School Early Division (IB PYP),Tier 1 (Macro / Institutional),Middle East,Egypt (Major Metros (Egypt)),IB PYP,94,"Established international school in Major Metros (Egypt), Egypt; seeking sensory and acoustic screen-free companions for early English immersion and kindergarten transitions.",Screen vs. Sensory; Testing vs. Arts; Institution vs. Sanctuary,https://www.google.com/search?q=Green+Land+Pré+Vert+International+School+Major+Metros+(Egypt),lead-esl-0764
admissions@lyc-e-fran-ais-du-caire.edu,Lycée Français du Caire,Director of Early Years & Admissions,@lyc-e-fran-ais-du-caire,Website,Pillar V: Multicultural & Bilingual Education,International School Early Division (French Immersion),Tier 2 (Community Connector),Middle East,Egypt (Major Metros (Egypt)),French Immersion,94,"Established international school in Major Metros (Egypt), Egypt; seeking sensory and acoustic screen-free companions for early English immersion and kindergarten transitions.",Screen vs. Sensory; Testing vs. Arts; Institution vs. Sanctuary,https://www.google.com/search?q=Lycée+Français+du+Caire+Major+Metros+(Egypt),lead-esl-0765
admissions@malvern-college-egypt.edu,Malvern College Egypt,Director of Early Years & Admissions,@malvern-college-egypt,Website,Pillar V: Multicultural & Bilingual Education,International School Early Division (IB PYP),Tier 1 (Macro / Institutional),Middle East,Egypt (Major Metros (Egypt)),IB PYP,94,"Established international school in Major Metros (Egypt), Egypt; seeking sensory and acoustic screen-free companions for early English immersion and kindergarten transitions.",Screen vs. Sensory; Testing vs. Arts; Institution vs. Sanctuary,https://www.google.com/search?q=Malvern+College+Egypt+Major+Metros+(Egypt),lead-esl-0766
admissions@new-cairo-british-internationa.edu,New Cairo British International School,Director of Early Years & Admissions,@new-cairo-british-internationa,Website,Pillar V: Multicultural & Bilingual Education,International School Early Division (British EYFS),Tier 1 (Macro / Institutional),Middle East,Egypt (Major Metros (Egypt)),British EYFS,94,"Established international school in Major Metros (Egypt), Egypt; seeking sensory and acoustic screen-free companions for early English immersion and kindergarten transitions.",Screen vs. Sensory; Testing vs. Arts; Institution vs. Sanctuary,https://www.google.com/search?q=New+Cairo+British+International+School+Major+Metros+(Egypt),lead-esl-0767
admissions@new-generation-international-s.edu,New Generation International School,Director of Early Years & Admissions,@new-generation-international-s,Website,Pillar V: Multicultural & Bilingual Education,International School Early Division (IB PYP),Tier 1 (Macro / Institutional),Middle East,Egypt (Major Metros (Egypt)),IB PYP,94,"Established international school in Major Metros (Egypt), Egypt; seeking sensory and acoustic screen-free companions for early English immersion and kindergarten transitions.",Screen vs. Sensory; Testing vs. Arts; Institution vs. Sanctuary,https://www.google.com/search?q=New+Generation+International+School+Major+Metros+(Egypt),lead-esl-0768
admissions@port-said-american-school.edu,Port Said American School,Director of Early Years & Admissions,@port-said-american-school,Website,Pillar V: Multicultural & Bilingual Education,International School Early Division (American Early Childhood),Tier 1 (Macro / Institutional),Middle East,Egypt (Major Metros (Egypt)),American Early Childhood,94,"Established international school in Major Metros (Egypt), Egypt; seeking sensory and acoustic screen-free companions for early English immersion and kindergarten transitions.",Screen vs. Sensory; Testing vs. Arts; Institution vs. Sanctuary,https://www.google.com/search?q=Port+Said+American+School+Major+Metros+(Egypt),lead-esl-0769
admissions@port-said-international-school.edu,Port Said International School,Director of Early Years & Admissions,@port-said-international-school,Website,Pillar V: Multicultural & Bilingual Education,International School Early Division (IB PYP),Tier 1 (Macro / Institutional),Middle East,Egypt (Major Metros (Egypt)),IB PYP,94,"Established international school in Major Metros (Egypt), Egypt; seeking sensory and acoustic screen-free companions for early English immersion and kindergarten transitions.",Screen vs. Sensory; Testing vs. Arts; Institution vs. Sanctuary,https://www.google.com/search?q=Port+Said+International+School+Major+Metros+(Egypt),lead-esl-0770
admissions@schutz-american-school-alexand.edu,"Schutz American School, Alexandria",Director of Early Years & Admissions,@schutz-american-school-alexand,Website,Pillar V: Multicultural & Bilingual Education,International School Early Division (American Early Childhood),Tier 1 (Macro / Institutional),Middle East,Egypt (Major Metros (Egypt)),American Early Childhood,94,"Established international school in Major Metros (Egypt), Egypt; seeking sensory and acoustic screen-free companions for early English immersion and kindergarten transitions.",Screen vs. Sensory; Testing vs. Arts; Institution vs. Sanctuary,"https://www.google.com/search?q=Schutz+American+School,+Alexandria+Major+Metros+(Egypt)",lead-esl-0771
admissions@st-joseph-schools-sharm-el-she.edu,"St. Joseph Schools, Sharm El Sheikh",Director of Early Years & Admissions,@st-joseph-schools-sharm-el-she,Website,Pillar V: Multicultural & Bilingual Education,International School Early Division (IB PYP),Tier 1 (Macro / Institutional),Middle East,Egypt (Major Metros (Egypt)),IB PYP,94,"Established international school in Major Metros (Egypt), Egypt; seeking sensory and acoustic screen-free companions for early English immersion and kindergarten transitions.",Screen vs. Sensory; Testing vs. Arts; Institution vs. Sanctuary,"https://www.google.com/search?q=St.+Joseph+Schools,+Sharm+El+Sheikh+Major+Metros+(Egypt)",lead-esl-0772
admissions@the-british-school-alexandria.edu,"The British School, Alexandria",Director of Early Years & Admissions,@the-british-school-alexandria,Website,Pillar V: Multicultural & Bilingual Education,International School Early Division (British EYFS),Tier 1 (Macro / Institutional),Middle East,Egypt (Major Metros (Egypt)),British EYFS,94,"Established international school in Major Metros (Egypt), Egypt; seeking sensory and acoustic screen-free companions for early English immersion and kindergarten transitions.",Screen vs. Sensory; Testing vs. Arts; Institution vs. Sanctuary,"https://www.google.com/search?q=The+British+School,+Alexandria+Major+Metros+(Egypt)",lead-esl-0773
admissions@american-school-of-paris.edu,American School of Paris,Director of Early Years & Admissions,@american-school-of-paris,Website,Pillar V: Multicultural & Bilingual Education,International School Early Division (American Early Childhood),Tier 1 (Macro / Institutional),Europe,France (Major Metros (France)),American Early Childhood,94,"Established international school in Major Metros (France), France; seeking sensory and acoustic screen-free companions for early English immersion and kindergarten transitions.",Screen vs. Sensory; Testing vs. Arts; Institution vs. Sanctuary,https://www.google.com/search?q=American+School+of+Paris+Major+Metros+(France),lead-esl-0774
admissions@american-school-of-grenoble.edu,American School of Grenoble,Director of Early Years & Admissions,@american-school-of-grenoble,Website,Pillar V: Multicultural & Bilingual Education,International School Early Division (American Early Childhood),Tier 1 (Macro / Institutional),Europe,France (Major Metros (France)),American Early Childhood,94,"Established international school in Major Metros (France), France; seeking sensory and acoustic screen-free companions for early English immersion and kindergarten transitions.",Screen vs. Sensory; Testing vs. Arts; Institution vs. Sanctuary,https://www.google.com/search?q=American+School+of+Grenoble+Major+Metros+(France),lead-esl-0775
admissions@bordeaux-international-school.edu,Bordeaux International School,Director of Early Years & Admissions,@bordeaux-international-school,Website,Pillar V: Multicultural & Bilingual Education,International School Early Division (IB PYP),Tier 1 (Macro / Institutional),Europe,France (Major Metros (France)),IB PYP,94,"Established international school in Major Metros (France), France; seeking sensory and acoustic screen-free companions for early English immersion and kindergarten transitions.",Screen vs. Sensory; Testing vs. Arts; Institution vs. Sanctuary,https://www.google.com/search?q=Bordeaux+International+School+Major+Metros+(France),lead-esl-0776
admissions@british-school-of-paris.edu,British School of Paris,Director of Early Years & Admissions,@british-school-of-paris,Website,Pillar V: Multicultural & Bilingual Education,International School Early Division (British EYFS),Tier 1 (Macro / Institutional),Europe,France (Major Metros (France)),British EYFS,94,"Established international school in Major Metros (France), France; seeking sensory and acoustic screen-free companions for early English immersion and kindergarten transitions.",Screen vs. Sensory; Testing vs. Arts; Institution vs. Sanctuary,https://www.google.com/search?q=British+School+of+Paris+Major+Metros+(France),lead-esl-0777
admissions@chavagnes-international-colleg.edu,Chavagnes International College,Director of Early Years & Admissions,@chavagnes-international-colleg,Website,Pillar V: Multicultural & Bilingual Education,International School Early Division (IB PYP),Tier 1 (Macro / Institutional),Europe,France (Major Metros (France)),IB PYP,94,"Established international school in Major Metros (France), France; seeking sensory and acoustic screen-free companions for early English immersion and kindergarten transitions.",Screen vs. Sensory; Testing vs. Arts; Institution vs. Sanctuary,https://www.google.com/search?q=Chavagnes+International+College+Major+Metros+(France),lead-esl-0778
admissions@cit-scolaire-internationale-de.edu,Cité Scolaire Internationale de Grenoble,Director of Early Years & Admissions,@cit-scolaire-internationale-de,Website,Pillar V: Multicultural & Bilingual Education,International School Early Division (IB PYP),Tier 1 (Macro / Institutional),Europe,France (Major Metros (France)),IB PYP,94,"Established international school in Major Metros (France), France; seeking sensory and acoustic screen-free companions for early English immersion and kindergarten transitions.",Screen vs. Sensory; Testing vs. Arts; Institution vs. Sanctuary,https://www.google.com/search?q=Cité+Scolaire+Internationale+de+Grenoble+Major+Metros+(France),lead-esl-0779
admissions@cit-scolaire-internationale-de.edu,Cité Scolaire Internationale de Lyon,Director of Early Years & Admissions,@cit-scolaire-internationale-de,Website,Pillar V: Multicultural & Bilingual Education,International School Early Division (IB PYP),Tier 1 (Macro / Institutional),Europe,France (Major Metros (France)),IB PYP,94,"Established international school in Major Metros (France), France; seeking sensory and acoustic screen-free companions for early English immersion and kindergarten transitions.",Screen vs. Sensory; Testing vs. Arts; Institution vs. Sanctuary,https://www.google.com/search?q=Cité+Scolaire+Internationale+de+Lyon+Major+Metros+(France),lead-esl-0780
admissions@deutsch-franz-sisches-gymnasiu.edu,Deutsch-Französisches Gymnasium,Director of Early Years & Admissions,@deutsch-franz-sisches-gymnasiu,Website,Pillar V: Multicultural & Bilingual Education,International School Early Division (IB PYP),Tier 2 (Community Connector),Europe,France (Major Metros (France)),IB PYP,94,"Established international school in Major Metros (France), France; seeking sensory and acoustic screen-free companions for early English immersion and kindergarten transitions.",Screen vs. Sensory; Testing vs. Arts; Institution vs. Sanctuary,https://www.google.com/search?q=Deutsch-Französisches+Gymnasium+Major+Metros+(France),lead-esl-0781
admissions@deutsche-schule-toulouse.edu,Deutsche Schule Toulouse,Director of Early Years & Admissions,@deutsche-schule-toulouse,Website,Pillar V: Multicultural & Bilingual Education,International School Early Division (International Early Years),Tier 2 (Community Connector),Europe,France (Major Metros (France)),International Early Years,94,"Established international school in Major Metros (France), France; seeking sensory and acoustic screen-free companions for early English immersion and kindergarten transitions.",Screen vs. Sensory; Testing vs. Arts; Institution vs. Sanctuary,https://www.google.com/search?q=Deutsche+Schule+Toulouse+Major+Metros+(France),lead-esl-0782
admissions@ecole-active-bilingue-jeannine.edu,Ecole Active Bilingue Jeannine Manuel,Director of Early Years & Admissions,@ecole-active-bilingue-jeannine,Website,Pillar V: Multicultural & Bilingual Education,International School Early Division (IB PYP),Tier 2 (Community Connector),Europe,France (Major Metros (France)),IB PYP,94,"Established international school in Major Metros (France), France; seeking sensory and acoustic screen-free companions for early English immersion and kindergarten transitions.",Screen vs. Sensory; Testing vs. Arts; Institution vs. Sanctuary,https://www.google.com/search?q=Ecole+Active+Bilingue+Jeannine+Manuel+Major+Metros+(France),lead-esl-0783
admissions@international-bilingual-school.edu,International Bilingual School of Provence,Director of Early Years & Admissions,@international-bilingual-school,Website,Pillar V: Multicultural & Bilingual Education,International School Early Division (IB PYP),Tier 1 (Macro / Institutional),Europe,France (Major Metros (France)),IB PYP,94,"Established international school in Major Metros (France), France; seeking sensory and acoustic screen-free companions for early English immersion and kindergarten transitions.",Screen vs. Sensory; Testing vs. Arts; Institution vs. Sanctuary,https://www.google.com/search?q=International+Bilingual+School+of+Provence+Major+Metros+(France),lead-esl-0784
admissions@internationale-deutsche-schule.edu,Internationale Deutsche Schule Paris,Director of Early Years & Admissions,@internationale-deutsche-schule,Website,Pillar V: Multicultural & Bilingual Education,International School Early Division (International Early Years),Tier 1 (Macro / Institutional),Europe,France (Major Metros (France)),International Early Years,94,"Established international school in Major Metros (France), France; seeking sensory and acoustic screen-free companions for early English immersion and kindergarten transitions.",Screen vs. Sensory; Testing vs. Arts; Institution vs. Sanctuary,https://www.google.com/search?q=Internationale+Deutsche+Schule+Paris+Major+Metros+(France),lead-esl-0785
admissions@international-school-of-france.edu,International School of France,Director of Early Years & Admissions,@international-school-of-france,Website,Pillar V: Multicultural & Bilingual Education,International School Early Division (IB PYP),Tier 1 (Macro / Institutional),Europe,France (Major Metros (France)),IB PYP,94,"Established international school in Major Metros (France), France; seeking sensory and acoustic screen-free companions for early English immersion and kindergarten transitions.",Screen vs. Sensory; Testing vs. Arts; Institution vs. Sanctuary,https://www.google.com/search?q=International+School+of+France+Major+Metros+(France),lead-esl-0786
admissions@international-school-of-paris.edu,International School of Paris,Director of Early Years & Admissions,@international-school-of-paris,Website,Pillar V: Multicultural & Bilingual Education,International School Early Division (IB PYP),Tier 1 (Macro / Institutional),Europe,France (Major Metros (France)),IB PYP,94,"Established international school in Major Metros (France), France; seeking sensory and acoustic screen-free companions for early English immersion and kindergarten transitions.",Screen vs. Sensory; Testing vs. Arts; Institution vs. Sanctuary,https://www.google.com/search?q=International+School+of+Paris+Major+Metros+(France),lead-esl-0787
admissions@international-school-of-toulou.edu,International School of Toulouse,Director of Early Years & Admissions,@international-school-of-toulou,Website,Pillar V: Multicultural & Bilingual Education,International School Early Division (IB PYP),Tier 1 (Macro / Institutional),Europe,France (Major Metros (France)),IB PYP,94,"Established international school in Major Metros (France), France; seeking sensory and acoustic screen-free companions for early English immersion and kindergarten transitions.",Screen vs. Sensory; Testing vs. Arts; Institution vs. Sanctuary,https://www.google.com/search?q=International+School+of+Toulouse+Major+Metros+(France),lead-esl-0788
admissions@kingsworth-international-schoo.edu,Kingsworth International School,Director of Early Years & Admissions,@kingsworth-international-schoo,Website,Pillar V: Multicultural & Bilingual Education,International School Early Division (IB PYP),Tier 1 (Macro / Institutional),Europe,France (Major Metros (France)),IB PYP,94,"Established international school in Major Metros (France), France; seeking sensory and acoustic screen-free companions for early English immersion and kindergarten transitions.",Screen vs. Sensory; Testing vs. Arts; Institution vs. Sanctuary,https://www.google.com/search?q=Kingsworth+International+School+Major+Metros+(France),lead-esl-0789
admissions@lyc-e-international-de-saint-g.edu,Lycée International de Saint Germain-en-Laye,Director of Early Years & Admissions,@lyc-e-international-de-saint-g,Website,Pillar V: Multicultural & Bilingual Education,International School Early Division (French Immersion),Tier 1 (Macro / Institutional),Europe,France (Major Metros (France)),French Immersion,94,"Established international school in Major Metros (France), France; seeking sensory and acoustic screen-free companions for early English immersion and kindergarten transitions.",Screen vs. Sensory; Testing vs. Arts; Institution vs. Sanctuary,https://www.google.com/search?q=Lycée+International+de+Saint+Germain-en-Laye+Major+Metros+(France),lead-esl-0790
admissions@lyc-e-international-georges-du.edu,Lycée International Georges Duby,Director of Early Years & Admissions,@lyc-e-international-georges-du,Website,Pillar V: Multicultural & Bilingual Education,International School Early Division (French Immersion),Tier 1 (Macro / Institutional),Europe,France (Major Metros (France)),French Immersion,94,"Established international school in Major Metros (France), France; seeking sensory and acoustic screen-free companions for early English immersion and kindergarten transitions.",Screen vs. Sensory; Testing vs. Arts; Institution vs. Sanctuary,https://www.google.com/search?q=Lycée+International+Georges+Duby+Major+Metros+(France),lead-esl-0791
admissions@marymount-school.edu,Marymount School,Director of Early Years & Admissions,@marymount-school,Website,Pillar V: Multicultural & Bilingual Education,International School Early Division (IB PYP),Tier 1 (Macro / Institutional),Europe,France (Major Metros (France)),IB PYP,94,"Established international school in Major Metros (France), France; seeking sensory and acoustic screen-free companions for early English immersion and kindergarten transitions.",Screen vs. Sensory; Testing vs. Arts; Institution vs. Sanctuary,https://www.google.com/search?q=Marymount+School+Major+Metros+(France),lead-esl-0792
admissions@mougins-school.edu,Mougins School,Director of Early Years & Admissions,@mougins-school,Website,Pillar V: Multicultural & Bilingual Education,International School Early Division (IB PYP),Tier 1 (Macro / Institutional),Europe,France (Major Metros (France)),IB PYP,94,"Established international school in Major Metros (France), France; seeking sensory and acoustic screen-free companions for early English immersion and kindergarten transitions.",Screen vs. Sensory; Testing vs. Arts; Institution vs. Sanctuary,https://www.google.com/search?q=Mougins+School+Major+Metros+(France),lead-esl-0793
admissions@notre-dame-international-high-.edu,Notre-Dame International High School,Director of Early Years & Admissions,@notre-dame-international-high-,Website,Pillar V: Multicultural & Bilingual Education,International School Early Division (IB PYP),Tier 1 (Macro / Institutional),Europe,France (Major Metros (France)),IB PYP,94,"Established international school in Major Metros (France), France; seeking sensory and acoustic screen-free companions for early English immersion and kindergarten transitions.",Screen vs. Sensory; Testing vs. Arts; Institution vs. Sanctuary,https://www.google.com/search?q=Notre-Dame+International+High+School+Major+Metros+(France),lead-esl-0794
admissions@bavarian-international-school.edu,Bavarian International School,Director of Early Years & Admissions,@bavarian-international-school,Website,Pillar V: Multicultural & Bilingual Education,International School Early Division (IB PYP),Tier 1 (Macro / Institutional),Europe,Germany (Major Metros (Germany)),IB PYP,94,"Established international school in Major Metros (Germany), Germany; seeking sensory and acoustic screen-free companions for early English immersion and kindergarten transitions.",Screen vs. Sensory; Testing vs. Arts; Institution vs. Sanctuary,https://www.google.com/search?q=Bavarian+International+School+Major+Metros+(Germany),lead-esl-0795
admissions@berlin-brandenburg-internation.edu,Berlin Brandenburg International School,Director of Early Years & Admissions,@berlin-brandenburg-internation,Website,Pillar V: Multicultural & Bilingual Education,International School Early Division (IB PYP),Tier 1 (Macro / Institutional),Europe,Germany (Major Metros (Germany)),IB PYP,94,"Established international school in Major Metros (Germany), Germany; seeking sensory and acoustic screen-free companions for early English immersion and kindergarten transitions.",Screen vs. Sensory; Testing vs. Arts; Institution vs. Sanctuary,https://www.google.com/search?q=Berlin+Brandenburg+International+School+Major+Metros+(Germany),lead-esl-0796
admissions@berlin-british-school.edu,Berlin British School,Director of Early Years & Admissions,@berlin-british-school,Website,Pillar V: Multicultural & Bilingual Education,International School Early Division (British EYFS),Tier 1 (Macro / Institutional),Europe,Germany (Major Metros (Germany)),British EYFS,94,"Established international school in Major Metros (Germany), Germany; seeking sensory and acoustic screen-free companions for early English immersion and kindergarten transitions.",Screen vs. Sensory; Testing vs. Arts; Institution vs. Sanctuary,https://www.google.com/search?q=Berlin+British+School+Major+Metros+(Germany),lead-esl-0797
admissions@berlin-cosmopolitan-school.edu,Berlin Cosmopolitan School,Director of Early Years & Admissions,@berlin-cosmopolitan-school,Website,Pillar V: Multicultural & Bilingual Education,International School Early Division (IB PYP),Tier 1 (Macro / Institutional),Europe,Germany (Major Metros (Germany)),IB PYP,94,"Established international school in Major Metros (Germany), Germany; seeking sensory and acoustic screen-free companions for early English immersion and kindergarten transitions.",Screen vs. Sensory; Testing vs. Arts; Institution vs. Sanctuary,https://www.google.com/search?q=Berlin+Cosmopolitan+School+Major+Metros+(Germany),lead-esl-0798
admissions@berlin-metropolitan-school.edu,Berlin Metropolitan School,Director of Early Years & Admissions,@berlin-metropolitan-school,Website,Pillar V: Multicultural & Bilingual Education,International School Early Division (IB PYP),Tier 1 (Macro / Institutional),Europe,Germany (Major Metros (Germany)),IB PYP,94,"Established international school in Major Metros (Germany), Germany; seeking sensory and acoustic screen-free companions for early English immersion and kindergarten transitions.",Screen vs. Sensory; Testing vs. Arts; Institution vs. Sanctuary,https://www.google.com/search?q=Berlin+Metropolitan+School+Major+Metros+(Germany),lead-esl-0799
admissions@bonn-international-school.edu,Bonn International School,Director of Early Years & Admissions,@bonn-international-school,Website,Pillar V: Multicultural & Bilingual Education,International School Early Division (IB PYP),Tier 1 (Macro / Institutional),Europe,Germany (Major Metros (Germany)),IB PYP,94,"Established international school in Major Metros (Germany), Germany; seeking sensory and acoustic screen-free companions for early English immersion and kindergarten transitions.",Screen vs. Sensory; Testing vs. Arts; Institution vs. Sanctuary,https://www.google.com/search?q=Bonn+International+School+Major+Metros+(Germany),lead-esl-0800
admissions@franconian-international-schoo.edu,Franconian International School,Director of Early Years & Admissions,@franconian-international-schoo,Website,Pillar V: Multicultural & Bilingual Education,International School Early Division (IB PYP),Tier 1 (Macro / Institutional),Europe,Germany (Major Metros (Germany)),IB PYP,94,"Established international school in Major Metros (Germany), Germany; seeking sensory and acoustic screen-free companions for early English immersion and kindergarten transitions.",Screen vs. Sensory; Testing vs. Arts; Institution vs. Sanctuary,https://www.google.com/search?q=Franconian+International+School+Major+Metros+(Germany),lead-esl-0801
admissions@frankfurt-international-school.edu,Frankfurt International School,Director of Early Years & Admissions,@frankfurt-international-school,Website,Pillar V: Multicultural & Bilingual Education,International School Early Division (IB PYP),Tier 1 (Macro / Institutional),Europe,Germany (Major Metros (Germany)),IB PYP,94,"Established international school in Major Metros (Germany), Germany; seeking sensory and acoustic screen-free companions for early English immersion and kindergarten transitions.",Screen vs. Sensory; Testing vs. Arts; Institution vs. Sanctuary,https://www.google.com/search?q=Frankfurt+International+School+Major+Metros+(Germany),lead-esl-0802
admissions@heidelberg-international-schoo.edu,Heidelberg International School,Director of Early Years & Admissions,@heidelberg-international-schoo,Website,Pillar V: Multicultural & Bilingual Education,International School Early Division (IB PYP),Tier 1 (Macro / Institutional),Europe,Germany (Major Metros (Germany)),IB PYP,94,"Established international school in Major Metros (Germany), Germany; seeking sensory and acoustic screen-free companions for early English immersion and kindergarten transitions.",Screen vs. Sensory; Testing vs. Arts; Institution vs. Sanctuary,https://www.google.com/search?q=Heidelberg+International+School+Major+Metros+(Germany),lead-esl-0803
admissions@independent-bonn-international.edu,Independent Bonn International School,Director of Early Years & Admissions,@independent-bonn-international,Website,Pillar V: Multicultural & Bilingual Education,International School Early Division (IB PYP),Tier 1 (Macro / Institutional),Europe,Germany (Major Metros (Germany)),IB PYP,94,"Established international school in Major Metros (Germany), Germany; seeking sensory and acoustic screen-free companions for early English immersion and kindergarten transitions.",Screen vs. Sensory; Testing vs. Arts; Institution vs. Sanctuary,https://www.google.com/search?q=Independent+Bonn+International+School+Major+Metros+(Germany),lead-esl-0804
admissions@international-school-augsburg.edu,International School Augsburg,Director of Early Years & Admissions,@international-school-augsburg,Website,Pillar V: Multicultural & Bilingual Education,International School Early Division (IB PYP),Tier 1 (Macro / Institutional),Europe,Germany (Major Metros (Germany)),IB PYP,94,"Established international school in Major Metros (Germany), Germany; seeking sensory and acoustic screen-free companions for early English immersion and kindergarten transitions.",Screen vs. Sensory; Testing vs. Arts; Institution vs. Sanctuary,https://www.google.com/search?q=International+School+Augsburg+Major+Metros+(Germany),lead-esl-0805
admissions@international-school-of-bremen.edu,International School of Bremen,Director of Early Years & Admissions,@international-school-of-bremen,Website,Pillar V: Multicultural & Bilingual Education,International School Early Division (IB PYP),Tier 1 (Macro / Institutional),Europe,Germany (Major Metros (Germany)),IB PYP,94,"Established international school in Major Metros (Germany), Germany; seeking sensory and acoustic screen-free companions for early English immersion and kindergarten transitions.",Screen vs. Sensory; Testing vs. Arts; Institution vs. Sanctuary,https://www.google.com/search?q=International+School+of+Bremen+Major+Metros+(Germany),lead-esl-0806
admissions@international-school-of-d-ssel.edu,International School of Düsseldorf,Director of Early Years & Admissions,@international-school-of-d-ssel,Website,Pillar V: Multicultural & Bilingual Education,International School Early Division (IB PYP),Tier 1 (Macro / Institutional),Europe,Germany (Major Metros (Germany)),IB PYP,94,"Established international school in Major Metros (Germany), Germany; seeking sensory and acoustic screen-free companions for early English immersion and kindergarten transitions.",Screen vs. Sensory; Testing vs. Arts; Institution vs. Sanctuary,https://www.google.com/search?q=International+School+of+Düsseldorf+Major+Metros+(Germany),lead-esl-0807
admissions@international-school-of-stuttg.edu,International School of Stuttgart,Director of Early Years & Admissions,@international-school-of-stuttg,Website,Pillar V: Multicultural & Bilingual Education,International School Early Division (IB PYP),Tier 1 (Macro / Institutional),Europe,Germany (Major Metros (Germany)),IB PYP,94,"Established international school in Major Metros (Germany), Germany; seeking sensory and acoustic screen-free companions for early English immersion and kindergarten transitions.",Screen vs. Sensory; Testing vs. Arts; Institution vs. Sanctuary,https://www.google.com/search?q=International+School+of+Stuttgart+Major+Metros+(Germany),lead-esl-0808
admissions@john-f-kennedy-school-berlin.edu,"John F. Kennedy School, Berlin",Director of Early Years & Admissions,@john-f-kennedy-school-berlin,Website,Pillar V: Multicultural & Bilingual Education,International School Early Division (IB PYP),Tier 1 (Macro / Institutional),Europe,Germany (Major Metros (Germany)),IB PYP,94,"Established international school in Major Metros (Germany), Germany; seeking sensory and acoustic screen-free companions for early English immersion and kindergarten transitions.",Screen vs. Sensory; Testing vs. Arts; Institution vs. Sanctuary,"https://www.google.com/search?q=John+F.+Kennedy+School,+Berlin+Major+Metros+(Germany)",lead-esl-0809
admissions@leipzig-international-school.edu,Leipzig International School,Director of Early Years & Admissions,@leipzig-international-school,Website,Pillar V: Multicultural & Bilingual Education,International School Early Division (IB PYP),Tier 1 (Macro / Institutional),Europe,Germany (Major Metros (Germany)),IB PYP,94,"Established international school in Major Metros (Germany), Germany; seeking sensory and acoustic screen-free companions for early English immersion and kindergarten transitions.",Screen vs. Sensory; Testing vs. Arts; Institution vs. Sanctuary,https://www.google.com/search?q=Leipzig+International+School+Major+Metros+(Germany),lead-esl-0810
admissions@munich-international-school.edu,Munich International School,Director of Early Years & Admissions,@munich-international-school,Website,Pillar V: Multicultural & Bilingual Education,International School Early Division (IB PYP),Tier 1 (Macro / Institutional),Europe,Germany (Major Metros (Germany)),IB PYP,94,"Established international school in Major Metros (Germany), Germany; seeking sensory and acoustic screen-free companions for early English immersion and kindergarten transitions.",Screen vs. Sensory; Testing vs. Arts; Institution vs. Sanctuary,https://www.google.com/search?q=Munich+International+School+Major+Metros+(Germany),lead-esl-0811
admissions@nelson-mandela-school-berlin.edu,"Nelson Mandela School, Berlin",Director of Early Years & Admissions,@nelson-mandela-school-berlin,Website,Pillar V: Multicultural & Bilingual Education,International School Early Division (IB PYP),Tier 1 (Macro / Institutional),Europe,Germany (Major Metros (Germany)),IB PYP,94,"Established international school in Major Metros (Germany), Germany; seeking sensory and acoustic screen-free companions for early English immersion and kindergarten transitions.",Screen vs. Sensory; Testing vs. Arts; Institution vs. Sanctuary,"https://www.google.com/search?q=Nelson+Mandela+School,+Berlin+Major+Metros+(Germany)",lead-esl-0812
admissions@robert-bosch-united-world-coll.edu,"Robert Bosch United World College, Freiburg",Director of Early Years & Admissions,@robert-bosch-united-world-coll,Website,Pillar V: Multicultural & Bilingual Education,International School Early Division (IB PYP),Tier 1 (Macro / Institutional),Europe,Germany (Major Metros (Germany)),IB PYP,94,"Established international school in Major Metros (Germany), Germany; seeking sensory and acoustic screen-free companions for early English immersion and kindergarten transitions.",Screen vs. Sensory; Testing vs. Arts; Institution vs. Sanctuary,"https://www.google.com/search?q=Robert+Bosch+United+World+College,+Freiburg+Major+Metros+(Germany)",lead-esl-0813
admissions@st-george-s-school-cologne.edu,"St. George's School, Cologne",Director of Early Years & Admissions,@st-george-s-school-cologne,Website,Pillar V: Multicultural & Bilingual Education,International School Early Division (IB PYP),Tier 1 (Macro / Institutional),Europe,Germany (Major Metros (Germany)),IB PYP,94,"Established international school in Major Metros (Germany), Germany; seeking sensory and acoustic screen-free companions for early English immersion and kindergarten transitions.",Screen vs. Sensory; Testing vs. Arts; Institution vs. Sanctuary,"https://www.google.com/search?q=St.+George's+School,+Cologne+Major+Metros+(Germany)",lead-esl-0814
admissions@uwc-robert-bosch-college.edu,UWC Robert Bosch College,Director of Early Years & Admissions,@uwc-robert-bosch-college,Website,Pillar V: Multicultural & Bilingual Education,International School Early Division (IB PYP),Tier 1 (Macro / Institutional),Europe,Germany (Major Metros (Germany)),IB PYP,94,"Established international school in Major Metros (Germany), Germany; seeking sensory and acoustic screen-free companions for early English immersion and kindergarten transitions.",Screen vs. Sensory; Testing vs. Arts; Institution vs. Sanctuary,https://www.google.com/search?q=UWC+Robert+Bosch+College+Major+Metros+(Germany),lead-esl-0815
admissions@ais-indonesia.edu,AIS Indonesia,Director of Early Years & Admissions,@ais-indonesia,Website,Pillar V: Multicultural & Bilingual Education,International School Early Division (IB PYP),Tier 2 (Community Connector),Asia,Indonesia (Major Metros (Indonesia)),IB PYP,94,"Established international school in Major Metros (Indonesia), Indonesia; seeking sensory and acoustic screen-free companions for early English immersion and kindergarten transitions.",Screen vs. Sensory; Testing vs. Arts; Institution vs. Sanctuary,https://www.google.com/search?q=AIS+Indonesia+Major+Metros+(Indonesia),lead-esl-0816
admissions@british-school-jakarta.edu,British School Jakarta,Director of Early Years & Admissions,@british-school-jakarta,Website,Pillar V: Multicultural & Bilingual Education,International School Early Division (British EYFS),Tier 1 (Macro / Institutional),Asia,Indonesia (Major Metros (Indonesia)),British EYFS,94,"Established international school in Major Metros (Indonesia), Indonesia; seeking sensory and acoustic screen-free companions for early English immersion and kindergarten transitions.",Screen vs. Sensory; Testing vs. Arts; Institution vs. Sanctuary,https://www.google.com/search?q=British+School+Jakarta+Major+Metros+(Indonesia),lead-esl-0817
admissions@gandhi-memorial-international-.edu,Gandhi Memorial International School,Director of Early Years & Admissions,@gandhi-memorial-international-,Website,Pillar V: Multicultural & Bilingual Education,International School Early Division (IB PYP),Tier 1 (Macro / Institutional),Asia,Indonesia (Major Metros (Indonesia)),IB PYP,94,"Established international school in Major Metros (Indonesia), Indonesia; seeking sensory and acoustic screen-free companions for early English immersion and kindergarten transitions.",Screen vs. Sensory; Testing vs. Arts; Institution vs. Sanctuary,https://www.google.com/search?q=Gandhi+Memorial+International+School+Major+Metros+(Indonesia),lead-esl-0818
admissions@jakarta-intercultural-school.edu,Jakarta Intercultural School,Director of Early Years & Admissions,@jakarta-intercultural-school,Website,Pillar V: Multicultural & Bilingual Education,International School Early Division (IB PYP),Tier 1 (Macro / Institutional),Asia,Indonesia (Major Metros (Indonesia)),IB PYP,94,"Established international school in Major Metros (Indonesia), Indonesia; seeking sensory and acoustic screen-free companions for early English immersion and kindergarten transitions.",Screen vs. Sensory; Testing vs. Arts; Institution vs. Sanctuary,https://www.google.com/search?q=Jakarta+Intercultural+School+Major+Metros+(Indonesia),lead-esl-0819
admissions@jakarta-international-korean-s.edu,Jakarta International Korean School,Director of Early Years & Admissions,@jakarta-international-korean-s,Website,Pillar V: Multicultural & Bilingual Education,International School Early Division (IB PYP),Tier 1 (Macro / Institutional),Asia,Indonesia (Major Metros (Indonesia)),IB PYP,94,"Established international school in Major Metros (Indonesia), Indonesia; seeking sensory and acoustic screen-free companions for early English immersion and kindergarten transitions.",Screen vs. Sensory; Testing vs. Arts; Institution vs. Sanctuary,https://www.google.com/search?q=Jakarta+International+Korean+School+Major+Metros+(Indonesia),lead-esl-0820
admissions@north-jakarta-intercultural-sc.edu,North Jakarta Intercultural School,Director of Early Years & Admissions,@north-jakarta-intercultural-sc,Website,Pillar V: Multicultural & Bilingual Education,International School Early Division (IB PYP),Tier 1 (Macro / Institutional),Asia,Indonesia (Major Metros (Indonesia)),IB PYP,94,"Established international school in Major Metros (Indonesia), Indonesia; seeking sensory and acoustic screen-free companions for early English immersion and kindergarten transitions.",Screen vs. Sensory; Testing vs. Arts; Institution vs. Sanctuary,https://www.google.com/search?q=North+Jakarta+Intercultural+School+Major+Metros+(Indonesia),lead-esl-0821
admissions@raffles-christian-school.edu,Raffles Christian School,Director of Early Years & Admissions,@raffles-christian-school,Website,Pillar V: Multicultural & Bilingual Education,International School Early Division (IB PYP),Tier 1 (Macro / Institutional),Asia,Indonesia (Major Metros (Indonesia)),IB PYP,94,"Established international school in Major Metros (Indonesia), Indonesia; seeking sensory and acoustic screen-free companions for early English immersion and kindergarten transitions.",Screen vs. Sensory; Testing vs. Arts; Institution vs. Sanctuary,https://www.google.com/search?q=Raffles+Christian+School+Major+Metros+(Indonesia),lead-esl-0822
admissions@sekolah-pelita-harapan.edu,Sekolah Pelita Harapan,Director of Early Years & Admissions,@sekolah-pelita-harapan,Website,Pillar V: Multicultural & Bilingual Education,International School Early Division (IB PYP),Tier 2 (Community Connector),Asia,Indonesia (Major Metros (Indonesia)),IB PYP,94,"Established international school in Major Metros (Indonesia), Indonesia; seeking sensory and acoustic screen-free companions for early English immersion and kindergarten transitions.",Screen vs. Sensory; Testing vs. Arts; Institution vs. Sanctuary,https://www.google.com/search?q=Sekolah+Pelita+Harapan+Major+Metros+(Indonesia),lead-esl-0823
admissions@bandung-alliance-international.edu,Bandung Alliance International School,Director of Early Years & Admissions,@bandung-alliance-international,Website,Pillar V: Multicultural & Bilingual Education,International School Early Division (IB PYP),Tier 1 (Macro / Institutional),Asia,Indonesia (Major Metros (Indonesia)),IB PYP,94,"Established international school in Major Metros (Indonesia), Indonesia; seeking sensory and acoustic screen-free companions for early English immersion and kindergarten transitions.",Screen vs. Sensory; Testing vs. Arts; Institution vs. Sanctuary,https://www.google.com/search?q=Bandung+Alliance+International+School+Major+Metros+(Indonesia),lead-esl-0824
admissions@charis-global-school-lippo-cik.edu,Charis Global School Lippo Cikarang,Director of Early Years & Admissions,@charis-global-school-lippo-cik,Website,Pillar V: Multicultural & Bilingual Education,International School Early Division (IB PYP),Tier 1 (Macro / Institutional),Asia,Indonesia (Major Metros (Indonesia)),IB PYP,94,"Established international school in Major Metros (Indonesia), Indonesia; seeking sensory and acoustic screen-free companions for early English immersion and kindergarten transitions.",Screen vs. Sensory; Testing vs. Arts; Institution vs. Sanctuary,https://www.google.com/search?q=Charis+Global+School+Lippo+Cikarang+Major+Metros+(Indonesia),lead-esl-0825
admissions@medan-international-school.edu,Medan International School,Director of Early Years & Admissions,@medan-international-school,Website,Pillar V: Multicultural & Bilingual Education,International School Early Division (IB PYP),Tier 1 (Macro / Institutional),Asia,Indonesia (Major Metros (Indonesia)),IB PYP,94,"Established international school in Major Metros (Indonesia), Indonesia; seeking sensory and acoustic screen-free companions for early English immersion and kindergarten transitions.",Screen vs. Sensory; Testing vs. Arts; Institution vs. Sanctuary,https://www.google.com/search?q=Medan+International+School+Major+Metros+(Indonesia),lead-esl-0826
admissions@mountainview-international-chr.edu,Mountainview International Christian School,Director of Early Years & Admissions,@mountainview-international-chr,Website,Pillar V: Multicultural & Bilingual Education,International School Early Division (IB PYP),Tier 1 (Macro / Institutional),Asia,Indonesia (Major Metros (Indonesia)),IB PYP,94,"Established international school in Major Metros (Indonesia), Indonesia; seeking sensory and acoustic screen-free companions for early English immersion and kindergarten transitions.",Screen vs. Sensory; Testing vs. Arts; Institution vs. Sanctuary,https://www.google.com/search?q=Mountainview+International+Christian+School+Major+Metros+(Indonesia),lead-esl-0827
admissions@surabaya-international-school.edu,Surabaya International School,Director of Early Years & Admissions,@surabaya-international-school,Website,Pillar V: Multicultural & Bilingual Education,International School Early Division (IB PYP),Tier 1 (Macro / Institutional),Asia,Indonesia (Major Metros (Indonesia)),IB PYP,94,"Established international school in Major Metros (Indonesia), Indonesia; seeking sensory and acoustic screen-free companions for early English immersion and kindergarten transitions.",Screen vs. Sensory; Testing vs. Arts; Institution vs. Sanctuary,https://www.google.com/search?q=Surabaya+International+School+Major+Metros+(Indonesia),lead-esl-0828
admissions@surabaya-european-school.edu,Surabaya European School,Director of Early Years & Admissions,@surabaya-european-school,Website,Pillar V: Multicultural & Bilingual Education,International School Early Division (IB PYP),Tier 1 (Macro / Institutional),Asia,Indonesia (Major Metros (Indonesia)),IB PYP,94,"Established international school in Major Metros (Indonesia), Indonesia; seeking sensory and acoustic screen-free companions for early English immersion and kindergarten transitions.",Screen vs. Sensory; Testing vs. Arts; Institution vs. Sanctuary,https://www.google.com/search?q=Surabaya+European+School+Major+Metros+(Indonesia),lead-esl-0829
admissions@yogyakarta-international-schoo.edu,Yogyakarta International School,Director of Early Years & Admissions,@yogyakarta-international-schoo,Website,Pillar V: Multicultural & Bilingual Education,International School Early Division (IB PYP),Tier 1 (Macro / Institutional),Asia,Indonesia (Major Metros (Indonesia)),IB PYP,94,"Established international school in Major Metros (Indonesia), Indonesia; seeking sensory and acoustic screen-free companions for early English immersion and kindergarten transitions.",Screen vs. Sensory; Testing vs. Arts; Institution vs. Sanctuary,https://www.google.com/search?q=Yogyakarta+International+School+Major+Metros+(Indonesia),lead-esl-0830
admissions@american-overseas-school-of-ro.edu,American Overseas School of Rome,Director of Early Years & Admissions,@american-overseas-school-of-ro,Website,Pillar V: Multicultural & Bilingual Education,International School Early Division (American Early Childhood),Tier 1 (Macro / Institutional),Europe,Italy (Major Metros (Italy)),American Early Childhood,94,"Established international school in Major Metros (Italy), Italy; seeking sensory and acoustic screen-free companions for early English immersion and kindergarten transitions.",Screen vs. Sensory; Testing vs. Arts; Institution vs. Sanctuary,https://www.google.com/search?q=American+Overseas+School+of+Rome+Major+Metros+(Italy),lead-esl-0831
admissions@american-school-of-milan.edu,American School of Milan,Director of Early Years & Admissions,@american-school-of-milan,Website,Pillar V: Multicultural & Bilingual Education,International School Early Division (American Early Childhood),Tier 1 (Macro / Institutional),Europe,Italy (Major Metros (Italy)),American Early Childhood,94,"Established international school in Major Metros (Italy), Italy; seeking sensory and acoustic screen-free companions for early English immersion and kindergarten transitions.",Screen vs. Sensory; Testing vs. Arts; Institution vs. Sanctuary,https://www.google.com/search?q=American+School+of+Milan+Major+Metros+(Italy),lead-esl-0832
admissions@aviano-middle-high-school.edu,Aviano Middle/High School,Director of Early Years & Admissions,@aviano-middle-high-school,Website,Pillar V: Multicultural & Bilingual Education,International School Early Division (IB PYP),Tier 1 (Macro / Institutional),Europe,Italy (Major Metros (Italy)),IB PYP,94,"Established international school in Major Metros (Italy), Italy; seeking sensory and acoustic screen-free companions for early English immersion and kindergarten transitions.",Screen vs. Sensory; Testing vs. Arts; Institution vs. Sanctuary,https://www.google.com/search?q=Aviano+Middle/High+School+Major+Metros+(Italy),lead-esl-0833
admissions@canadian-college-italy.edu,Canadian College Italy,Director of Early Years & Admissions,@canadian-college-italy,Website,Pillar V: Multicultural & Bilingual Education,International School Early Division (IB PYP),Tier 1 (Macro / Institutional),Europe,Italy (Major Metros (Italy)),IB PYP,94,"Established international school in Major Metros (Italy), Italy; seeking sensory and acoustic screen-free companions for early English immersion and kindergarten transitions.",Screen vs. Sensory; Testing vs. Arts; Institution vs. Sanctuary,https://www.google.com/search?q=Canadian+College+Italy+Major+Metros+(Italy),lead-esl-0834
admissions@deutsche-schule-mailand.edu,Deutsche Schule Mailand,Director of Early Years & Admissions,@deutsche-schule-mailand,Website,Pillar V: Multicultural & Bilingual Education,International School Early Division (International Early Years),Tier 2 (Community Connector),Europe,Italy (Major Metros (Italy)),International Early Years,94,"Established international school in Major Metros (Italy), Italy; seeking sensory and acoustic screen-free companions for early English immersion and kindergarten transitions.",Screen vs. Sensory; Testing vs. Arts; Institution vs. Sanctuary,https://www.google.com/search?q=Deutsche+Schule+Mailand+Major+Metros+(Italy),lead-esl-0835
admissions@deutsche-schule-genua.edu,Deutsche Schule Genua,Director of Early Years & Admissions,@deutsche-schule-genua,Website,Pillar V: Multicultural & Bilingual Education,International School Early Division (International Early Years),Tier 2 (Community Connector),Europe,Italy (Major Metros (Italy)),International Early Years,94,"Established international school in Major Metros (Italy), Italy; seeking sensory and acoustic screen-free companions for early English immersion and kindergarten transitions.",Screen vs. Sensory; Testing vs. Arts; Institution vs. Sanctuary,https://www.google.com/search?q=Deutsche+Schule+Genua+Major+Metros+(Italy),lead-esl-0836
admissions@deutsche-schule-rom.edu,Deutsche Schule Rom,Director of Early Years & Admissions,@deutsche-schule-rom,Website,Pillar V: Multicultural & Bilingual Education,International School Early Division (International Early Years),Tier 2 (Community Connector),Europe,Italy (Major Metros (Italy)),International Early Years,94,"Established international school in Major Metros (Italy), Italy; seeking sensory and acoustic screen-free companions for early English immersion and kindergarten transitions.",Screen vs. Sensory; Testing vs. Arts; Institution vs. Sanctuary,https://www.google.com/search?q=Deutsche+Schule+Rom+Major+Metros+(Italy),lead-esl-0837
admissions@institut-saint-dominique.edu,Institut Saint Dominique,Director of Early Years & Admissions,@institut-saint-dominique,Website,Pillar V: Multicultural & Bilingual Education,International School Early Division (IB PYP),Tier 2 (Community Connector),Europe,Italy (Major Metros (Italy)),IB PYP,94,"Established international school in Major Metros (Italy), Italy; seeking sensory and acoustic screen-free companions for early English immersion and kindergarten transitions.",Screen vs. Sensory; Testing vs. Arts; Institution vs. Sanctuary,https://www.google.com/search?q=Institut+Saint+Dominique+Major+Metros+(Italy),lead-esl-0838
admissions@international-french-school-of.edu,International French School of Turin,Director of Early Years & Admissions,@international-french-school-of,Website,Pillar V: Multicultural & Bilingual Education,International School Early Division (French Immersion),Tier 1 (Macro / Institutional),Europe,Italy (Major Metros (Italy)),French Immersion,94,"Established international school in Major Metros (Italy), Italy; seeking sensory and acoustic screen-free companions for early English immersion and kindergarten transitions.",Screen vs. Sensory; Testing vs. Arts; Institution vs. Sanctuary,https://www.google.com/search?q=International+French+School+of+Turin+Major+Metros+(Italy),lead-esl-0839
admissions@international-school-of-brindi.edu,International School of Brindisi,Director of Early Years & Admissions,@international-school-of-brindi,Website,Pillar V: Multicultural & Bilingual Education,International School Early Division (IB PYP),Tier 1 (Macro / Institutional),Europe,Italy (Major Metros (Italy)),IB PYP,94,"Established international school in Major Metros (Italy), Italy; seeking sensory and acoustic screen-free companions for early English immersion and kindergarten transitions.",Screen vs. Sensory; Testing vs. Arts; Institution vs. Sanctuary,https://www.google.com/search?q=International+School+of+Brindisi+Major+Metros+(Italy),lead-esl-0840
admissions@international-school-in-genoa.edu,International School in Genoa,Director of Early Years & Admissions,@international-school-in-genoa,Website,Pillar V: Multicultural & Bilingual Education,International School Early Division (IB PYP),Tier 1 (Macro / Institutional),Europe,Italy (Major Metros (Italy)),IB PYP,94,"Established international school in Major Metros (Italy), Italy; seeking sensory and acoustic screen-free companions for early English immersion and kindergarten transitions.",Screen vs. Sensory; Testing vs. Arts; Institution vs. Sanctuary,https://www.google.com/search?q=International+School+in+Genoa+Major+Metros+(Italy),lead-esl-0841
admissions@international-school-of-floren.edu,International School of Florence,Director of Early Years & Admissions,@international-school-of-floren,Website,Pillar V: Multicultural & Bilingual Education,International School Early Division (IB PYP),Tier 1 (Macro / Institutional),Europe,Italy (Major Metros (Italy)),IB PYP,94,"Established international school in Major Metros (Italy), Italy; seeking sensory and acoustic screen-free companions for early English immersion and kindergarten transitions.",Screen vs. Sensory; Testing vs. Arts; Institution vs. Sanctuary,https://www.google.com/search?q=International+School+of+Florence+Major+Metros+(Italy),lead-esl-0842
admissions@international-school-of-milan.edu,International School of Milan,Director of Early Years & Admissions,@international-school-of-milan,Website,Pillar V: Multicultural & Bilingual Education,International School Early Division (IB PYP),Tier 1 (Macro / Institutional),Europe,Italy (Major Metros (Italy)),IB PYP,94,"Established international school in Major Metros (Italy), Italy; seeking sensory and acoustic screen-free companions for early English immersion and kindergarten transitions.",Screen vs. Sensory; Testing vs. Arts; Institution vs. Sanctuary,https://www.google.com/search?q=International+School+of+Milan+Major+Metros+(Italy),lead-esl-0843
admissions@lyc-e-victor-hugo-of-florence.edu,Lycée Victor Hugo of Florence,Director of Early Years & Admissions,@lyc-e-victor-hugo-of-florence,Website,Pillar V: Multicultural & Bilingual Education,International School Early Division (French Immersion),Tier 2 (Community Connector),Europe,Italy (Major Metros (Italy)),French Immersion,94,"Established international school in Major Metros (Italy), Italy; seeking sensory and acoustic screen-free companions for early English immersion and kindergarten transitions.",Screen vs. Sensory; Testing vs. Arts; Institution vs. Sanctuary,https://www.google.com/search?q=Lycée+Victor+Hugo+of+Florence+Major+Metros+(Italy),lead-esl-0844
admissions@marymount-international-school.edu,Marymount International School of Rome,Director of Early Years & Admissions,@marymount-international-school,Website,Pillar V: Multicultural & Bilingual Education,International School Early Division (IB PYP),Tier 1 (Macro / Institutional),Europe,Italy (Major Metros (Italy)),IB PYP,94,"Established international school in Major Metros (Italy), Italy; seeking sensory and acoustic screen-free companions for early English immersion and kindergarten transitions.",Screen vs. Sensory; Testing vs. Arts; Institution vs. Sanctuary,https://www.google.com/search?q=Marymount+International+School+of+Rome+Major+Metros+(Italy),lead-esl-0845
admissions@naples-middle-high-school.edu,Naples Middle/High School,Director of Early Years & Admissions,@naples-middle-high-school,Website,Pillar V: Multicultural & Bilingual Education,International School Early Division (IB PYP),Tier 1 (Macro / Institutional),Europe,Italy (Major Metros (Italy)),IB PYP,94,"Established international school in Major Metros (Italy), Italy; seeking sensory and acoustic screen-free companions for early English immersion and kindergarten transitions.",Screen vs. Sensory; Testing vs. Arts; Institution vs. Sanctuary,https://www.google.com/search?q=Naples+Middle/High+School+Major+Metros+(Italy),lead-esl-0846
admissions@rome-international-school.edu,Rome International School,Director of Early Years & Admissions,@rome-international-school,Website,Pillar V: Multicultural & Bilingual Education,International School Early Division (IB PYP),Tier 1 (Macro / Institutional),Europe,Italy (Major Metros (Italy)),IB PYP,94,"Established international school in Major Metros (Italy), Italy; seeking sensory and acoustic screen-free companions for early English immersion and kindergarten transitions.",Screen vs. Sensory; Testing vs. Arts; Institution vs. Sanctuary,https://www.google.com/search?q=Rome+International+School+Major+Metros+(Italy),lead-esl-0847
admissions@scuola-giapponese-di-milano.edu,Scuola Giapponese di Milano,Director of Early Years & Admissions,@scuola-giapponese-di-milano,Website,Pillar V: Multicultural & Bilingual Education,International School Early Division (IB PYP),Tier 2 (Community Connector),Europe,Italy (Major Metros (Italy)),IB PYP,94,"Established international school in Major Metros (Italy), Italy; seeking sensory and acoustic screen-free companions for early English immersion and kindergarten transitions.",Screen vs. Sensory; Testing vs. Arts; Institution vs. Sanctuary,https://www.google.com/search?q=Scuola+Giapponese+di+Milano+Major+Metros+(Italy),lead-esl-0848
admissions@scuola-giapponese-di-roma.edu,Scuola Giapponese di Roma,Director of Early Years & Admissions,@scuola-giapponese-di-roma,Website,Pillar V: Multicultural & Bilingual Education,International School Early Division (IB PYP),Tier 2 (Community Connector),Europe,Italy (Major Metros (Italy)),IB PYP,94,"Established international school in Major Metros (Italy), Italy; seeking sensory and acoustic screen-free companions for early English immersion and kindergarten transitions.",Screen vs. Sensory; Testing vs. Arts; Institution vs. Sanctuary,https://www.google.com/search?q=Scuola+Giapponese+di+Roma+Major+Metros+(Italy),lead-esl-0849
admissions@st-george-s-british-internatio.edu,St. George's British International School,Director of Early Years & Admissions,@st-george-s-british-internatio,Website,Pillar V: Multicultural & Bilingual Education,International School Early Division (British EYFS),Tier 1 (Macro / Institutional),Europe,Italy (Major Metros (Italy)),British EYFS,94,"Established international school in Major Metros (Italy), Italy; seeking sensory and acoustic screen-free companions for early English immersion and kindergarten transitions.",Screen vs. Sensory; Testing vs. Arts; Institution vs. Sanctuary,https://www.google.com/search?q=St.+George's+British+International+School+Major+Metros+(Italy),lead-esl-0850
admissions@the-british-school-of-milan.edu,The British School of Milan,Director of Early Years & Admissions,@the-british-school-of-milan,Website,Pillar V: Multicultural & Bilingual Education,International School Early Division (British EYFS),Tier 1 (Macro / Institutional),Europe,Italy (Major Metros (Italy)),British EYFS,94,"Established international school in Major Metros (Italy), Italy; seeking sensory and acoustic screen-free companions for early English immersion and kindergarten transitions.",Screen vs. Sensory; Testing vs. Arts; Institution vs. Sanctuary,https://www.google.com/search?q=The+British+School+of+Milan+Major+Metros+(Italy),lead-esl-0851
admissions@uwc-adriatic.edu,UWC Adriatic,Director of Early Years & Admissions,@uwc-adriatic,Website,Pillar V: Multicultural & Bilingual Education,International School Early Division (IB PYP),Tier 2 (Community Connector),Europe,Italy (Major Metros (Italy)),IB PYP,94,"Established international school in Major Metros (Italy), Italy; seeking sensory and acoustic screen-free companions for early English immersion and kindergarten transitions.",Screen vs. Sensory; Testing vs. Arts; Institution vs. Sanctuary,https://www.google.com/search?q=UWC+Adriatic+Major+Metros+(Italy),lead-esl-0852
admissions@vicenza-american-high-school.edu,Vicenza American High School,Director of Early Years & Admissions,@vicenza-american-high-school,Website,Pillar V: Multicultural & Bilingual Education,International School Early Division (American Early Childhood),Tier 1 (Macro / Institutional),Europe,Italy (Major Metros (Italy)),American Early Childhood,94,"Established international school in Major Metros (Italy), Italy; seeking sensory and acoustic screen-free companions for early English immersion and kindergarten transitions.",Screen vs. Sensory; Testing vs. Arts; Institution vs. Sanctuary,https://www.google.com/search?q=Vicenza+American+High+School+Major+Metros+(Italy),lead-esl-0853
admissions@branksome-hall-asia.edu,Branksome Hall Asia,Director of Early Years & Admissions,@branksome-hall-asia,Website,Pillar V: Multicultural & Bilingual Education,International School Early Division (IB PYP),Tier 2 (Community Connector),Asia,South Korea (Major Metros (Korea)),IB PYP,94,"Established international school in Major Metros (Korea), South Korea; seeking sensory and acoustic screen-free companions for early English immersion and kindergarten transitions.",Screen vs. Sensory; Testing vs. Arts; Institution vs. Sanctuary,https://www.google.com/search?q=Branksome+Hall+Asia+Major+Metros+(Korea),lead-esl-0854
admissions@busan-foreign-school.edu,Busan Foreign School,Director of Early Years & Admissions,@busan-foreign-school,Website,Pillar V: Multicultural & Bilingual Education,International School Early Division (IB PYP),Tier 1 (Macro / Institutional),Asia,South Korea (Major Metros (Korea)),IB PYP,94,"Established international school in Major Metros (Korea), South Korea; seeking sensory and acoustic screen-free companions for early English immersion and kindergarten transitions.",Screen vs. Sensory; Testing vs. Arts; Institution vs. Sanctuary,https://www.google.com/search?q=Busan+Foreign+School+Major+Metros+(Korea),lead-esl-0855
admissions@busan-japanese-school.edu,Busan Japanese School,Director of Early Years & Admissions,@busan-japanese-school,Website,Pillar V: Multicultural & Bilingual Education,International School Early Division (IB PYP),Tier 1 (Macro / Institutional),Asia,South Korea (Major Metros (Korea)),IB PYP,94,"Established international school in Major Metros (Korea), South Korea; seeking sensory and acoustic screen-free companions for early English immersion and kindergarten transitions.",Screen vs. Sensory; Testing vs. Arts; Institution vs. Sanctuary,https://www.google.com/search?q=Busan+Japanese+School+Major+Metros+(Korea),lead-esl-0856
admissions@chadwick-international.edu,Chadwick International,Director of Early Years & Admissions,@chadwick-international,Website,Pillar V: Multicultural & Bilingual Education,International School Early Division (IB PYP),Tier 1 (Macro / Institutional),Asia,South Korea (Major Metros (Korea)),IB PYP,94,"Established international school in Major Metros (Korea), South Korea; seeking sensory and acoustic screen-free companions for early English immersion and kindergarten transitions.",Screen vs. Sensory; Testing vs. Arts; Institution vs. Sanctuary,https://www.google.com/search?q=Chadwick+International+Major+Metros+(Korea),lead-esl-0857
admissions@cheongna-dalton-school.edu,Cheongna Dalton School,Director of Early Years & Admissions,@cheongna-dalton-school,Website,Pillar V: Multicultural & Bilingual Education,International School Early Division (IB PYP),Tier 1 (Macro / Institutional),Asia,South Korea (Major Metros (Korea)),IB PYP,94,"Established international school in Major Metros (Korea), South Korea; seeking sensory and acoustic screen-free companions for early English immersion and kindergarten transitions.",Screen vs. Sensory; Testing vs. Arts; Institution vs. Sanctuary,https://www.google.com/search?q=Cheongna+Dalton+School+Major+Metros+(Korea),lead-esl-0858
admissions@daegu-international-school.edu,Daegu International School,Director of Early Years & Admissions,@daegu-international-school,Website,Pillar V: Multicultural & Bilingual Education,International School Early Division (IB PYP),Tier 1 (Macro / Institutional),Asia,South Korea (Major Metros (Korea)),IB PYP,94,"Established international school in Major Metros (Korea), South Korea; seeking sensory and acoustic screen-free companions for early English immersion and kindergarten transitions.",Screen vs. Sensory; Testing vs. Arts; Institution vs. Sanctuary,https://www.google.com/search?q=Daegu+International+School+Major+Metros+(Korea),lead-esl-0859
admissions@dulwich-college-seoul.edu,Dulwich College Seoul,Director of Early Years & Admissions,@dulwich-college-seoul,Website,Pillar V: Multicultural & Bilingual Education,International School Early Division (IB PYP),Tier 1 (Macro / Institutional),Asia,South Korea (Major Metros (Korea)),IB PYP,94,"Established international school in Major Metros (Korea), South Korea; seeking sensory and acoustic screen-free companions for early English immersion and kindergarten transitions.",Screen vs. Sensory; Testing vs. Arts; Institution vs. Sanctuary,https://www.google.com/search?q=Dulwich+College+Seoul+Major+Metros+(Korea),lead-esl-0860
admissions@french-school-of-seoul.edu,French School of Seoul,Director of Early Years & Admissions,@french-school-of-seoul,Website,Pillar V: Multicultural & Bilingual Education,International School Early Division (French Immersion),Tier 1 (Macro / Institutional),Asia,South Korea (Major Metros (Korea)),French Immersion,94,"Established international school in Major Metros (Korea), South Korea; seeking sensory and acoustic screen-free companions for early English immersion and kindergarten transitions.",Screen vs. Sensory; Testing vs. Arts; Institution vs. Sanctuary,https://www.google.com/search?q=French+School+of+Seoul+Major+Metros+(Korea),lead-esl-0861
admissions@german-school-seoul-internatio.edu,German School Seoul International,Director of Early Years & Admissions,@german-school-seoul-internatio,Website,Pillar V: Multicultural & Bilingual Education,International School Early Division (International Early Years),Tier 1 (Macro / Institutional),Asia,South Korea (Major Metros (Korea)),International Early Years,94,"Established international school in Major Metros (Korea), South Korea; seeking sensory and acoustic screen-free companions for early English immersion and kindergarten transitions.",Screen vs. Sensory; Testing vs. Arts; Institution vs. Sanctuary,https://www.google.com/search?q=German+School+Seoul+International+Major+Metros+(Korea),lead-esl-0862
admissions@global-christian-foreign-schoo.edu,Global Christian Foreign School,Director of Early Years & Admissions,@global-christian-foreign-schoo,Website,Pillar V: Multicultural & Bilingual Education,International School Early Division (IB PYP),Tier 1 (Macro / Institutional),Asia,South Korea (Major Metros (Korea)),IB PYP,94,"Established international school in Major Metros (Korea), South Korea; seeking sensory and acoustic screen-free companions for early English immersion and kindergarten transitions.",Screen vs. Sensory; Testing vs. Arts; Institution vs. Sanctuary,https://www.google.com/search?q=Global+Christian+Foreign+School+Major+Metros+(Korea),lead-esl-0863
admissions@gyeonggi-suwon-international-s.edu,Gyeonggi Suwon International School,Director of Early Years & Admissions,@gyeonggi-suwon-international-s,Website,Pillar V: Multicultural & Bilingual Education,International School Early Division (IB PYP),Tier 1 (Macro / Institutional),Asia,South Korea (Major Metros (Korea)),IB PYP,94,"Established international school in Major Metros (Korea), South Korea; seeking sensory and acoustic screen-free companions for early English immersion and kindergarten transitions.",Screen vs. Sensory; Testing vs. Arts; Institution vs. Sanctuary,https://www.google.com/search?q=Gyeonggi+Suwon+International+School+Major+Metros+(Korea),lead-esl-0864
admissions@international-mongolia-school.edu,International Mongolia School,Director of Early Years & Admissions,@international-mongolia-school,Website,Pillar V: Multicultural & Bilingual Education,International School Early Division (IB PYP),Tier 1 (Macro / Institutional),Asia,South Korea (Major Metros (Korea)),IB PYP,94,"Established international school in Major Metros (Korea), South Korea; seeking sensory and acoustic screen-free companions for early English immersion and kindergarten transitions.",Screen vs. Sensory; Testing vs. Arts; Institution vs. Sanctuary,https://www.google.com/search?q=International+Mongolia+School+Major+Metros+(Korea),lead-esl-0865
admissions@international-school-of-koje.edu,International School of Koje,Director of Early Years & Admissions,@international-school-of-koje,Website,Pillar V: Multicultural & Bilingual Education,International School Early Division (IB PYP),Tier 1 (Macro / Institutional),Asia,South Korea (Major Metros (Korea)),IB PYP,94,"Established international school in Major Metros (Korea), South Korea; seeking sensory and acoustic screen-free companions for early English immersion and kindergarten transitions.",Screen vs. Sensory; Testing vs. Arts; Institution vs. Sanctuary,https://www.google.com/search?q=International+School+of+Koje+Major+Metros+(Korea),lead-esl-0866
admissions@japanese-school-in-seoul.edu,Japanese School in Seoul,Director of Early Years & Admissions,@japanese-school-in-seoul,Website,Pillar V: Multicultural & Bilingual Education,International School Early Division (IB PYP),Tier 1 (Macro / Institutional),Asia,South Korea (Major Metros (Korea)),IB PYP,94,"Established international school in Major Metros (Korea), South Korea; seeking sensory and acoustic screen-free companions for early English immersion and kindergarten transitions.",Screen vs. Sensory; Testing vs. Arts; Institution vs. Sanctuary,https://www.google.com/search?q=Japanese+School+in+Seoul+Major+Metros+(Korea),lead-esl-0867
admissions@korea-international-school-jej.edu,Korea International School Jeju,Director of Early Years & Admissions,@korea-international-school-jej,Website,Pillar V: Multicultural & Bilingual Education,International School Early Division (IB PYP),Tier 1 (Macro / Institutional),Asia,South Korea (Major Metros (Korea)),IB PYP,94,"Established international school in Major Metros (Korea), South Korea; seeking sensory and acoustic screen-free companions for early English immersion and kindergarten transitions.",Screen vs. Sensory; Testing vs. Arts; Institution vs. Sanctuary,https://www.google.com/search?q=Korea+International+School+Jeju+Major+Metros+(Korea),lead-esl-0868
admissions@kwangju-foreign-school.edu,Kwangju Foreign School,Director of Early Years & Admissions,@kwangju-foreign-school,Website,Pillar V: Multicultural & Bilingual Education,International School Early Division (IB PYP),Tier 1 (Macro / Institutional),Asia,South Korea (Major Metros (Korea)),IB PYP,94,"Established international school in Major Metros (Korea), South Korea; seeking sensory and acoustic screen-free companions for early English immersion and kindergarten transitions.",Screen vs. Sensory; Testing vs. Arts; Institution vs. Sanctuary,https://www.google.com/search?q=Kwangju+Foreign+School+Major+Metros+(Korea),lead-esl-0869
admissions@lyc-e-international-xavier.edu,Lycée International Xavier,Director of Early Years & Admissions,@lyc-e-international-xavier,Website,Pillar V: Multicultural & Bilingual Education,International School Early Division (French Immersion),Tier 1 (Macro / Institutional),Asia,South Korea (Major Metros (Korea)),French Immersion,94,"Established international school in Major Metros (Korea), South Korea; seeking sensory and acoustic screen-free companions for early English immersion and kindergarten transitions.",Screen vs. Sensory; Testing vs. Arts; Institution vs. Sanctuary,https://www.google.com/search?q=Lycée+International+Xavier+Major+Metros+(Korea),lead-esl-0870
admissions@overseas-chinese-high-school-b.edu,"Overseas Chinese High School, Busan",Director of Early Years & Admissions,@overseas-chinese-high-school-b,Website,Pillar V: Multicultural & Bilingual Education,International School Early Division (IB PYP),Tier 1 (Macro / Institutional),Asia,South Korea (Major Metros (Korea)),IB PYP,94,"Established international school in Major Metros (Korea), South Korea; seeking sensory and acoustic screen-free companions for early English immersion and kindergarten transitions.",Screen vs. Sensory; Testing vs. Arts; Institution vs. Sanctuary,"https://www.google.com/search?q=Overseas+Chinese+High+School,+Busan+Major+Metros+(Korea)",lead-esl-0871
admissions@overseas-chinese-high-school-d.edu,"Overseas Chinese High School, Daegu",Director of Early Years & Admissions,@overseas-chinese-high-school-d,Website,Pillar V: Multicultural & Bilingual Education,International School Early Division (IB PYP),Tier 1 (Macro / Institutional),Asia,South Korea (Major Metros (Korea)),IB PYP,94,"Established international school in Major Metros (Korea), South Korea; seeking sensory and acoustic screen-free companions for early English immersion and kindergarten transitions.",Screen vs. Sensory; Testing vs. Arts; Institution vs. Sanctuary,"https://www.google.com/search?q=Overseas+Chinese+High+School,+Daegu+Major+Metros+(Korea)",lead-esl-0872
admissions@rainbow-international-school-s.edu,"Rainbow International School, Seoul",Director of Early Years & Admissions,@rainbow-international-school-s,Website,Pillar V: Multicultural & Bilingual Education,International School Early Division (IB PYP),Tier 1 (Macro / Institutional),Asia,South Korea (Major Metros (Korea)),IB PYP,94,"Established international school in Major Metros (Korea), South Korea; seeking sensory and acoustic screen-free companions for early English immersion and kindergarten transitions.",Screen vs. Sensory; Testing vs. Arts; Institution vs. Sanctuary,"https://www.google.com/search?q=Rainbow+International+School,+Seoul+Major+Metros+(Korea)",lead-esl-0873
admissions@russian-embassy-school-in-seou.edu,Russian Embassy School in Seoul,Director of Early Years & Admissions,@russian-embassy-school-in-seou,Website,Pillar V: Multicultural & Bilingual Education,International School Early Division (IB PYP),Tier 1 (Macro / Institutional),Asia,South Korea (Major Metros (Korea)),IB PYP,94,"Established international school in Major Metros (Korea), South Korea; seeking sensory and acoustic screen-free companions for early English immersion and kindergarten transitions.",Screen vs. Sensory; Testing vs. Arts; Institution vs. Sanctuary,https://www.google.com/search?q=Russian+Embassy+School+in+Seoul+Major+Metros+(Korea),lead-esl-0874
admissions@seoul-chinese-primary-school.edu,Seoul Chinese Primary School,Director of Early Years & Admissions,@seoul-chinese-primary-school,Website,Pillar V: Multicultural & Bilingual Education,Premier Early Childhood Center (IB PYP),Tier 1 (Macro / Institutional),Asia,South Korea (Major Metros (Korea)),IB PYP,98,"Dedicated early learning institution in Major Metros (Korea), South Korea; prime partner for SOE 90–110 BPM acoustic rhythm, non-American phonemic clarity, and tactile screen-free workbooks.",Screen vs. Sensory; Testing vs. Arts; Institution vs. Sanctuary,https://www.google.com/search?q=Seoul+Chinese+Primary+School+Major+Metros+(Korea),lead-esl-0875
admissions@seoul-foreign-school.edu,Seoul Foreign School,Director of Early Years & Admissions,@seoul-foreign-school,Website,Pillar V: Multicultural & Bilingual Education,International School Early Division (IB PYP),Tier 1 (Macro / Institutional),Asia,South Korea (Major Metros (Korea)),IB PYP,94,"Established international school in Major Metros (Korea), South Korea; seeking sensory and acoustic screen-free companions for early English immersion and kindergarten transitions.",Screen vs. Sensory; Testing vs. Arts; Institution vs. Sanctuary,https://www.google.com/search?q=Seoul+Foreign+School+Major+Metros+(Korea),lead-esl-0876
admissions@seoul-international-school.edu,Seoul International School,Director of Early Years & Admissions,@seoul-international-school,Website,Pillar V: Multicultural & Bilingual Education,International School Early Division (IB PYP),Tier 1 (Macro / Institutional),Asia,South Korea (Major Metros (Korea)),IB PYP,94,"Established international school in Major Metros (Korea), South Korea; seeking sensory and acoustic screen-free companions for early English immersion and kindergarten transitions.",Screen vs. Sensory; Testing vs. Arts; Institution vs. Sanctuary,https://www.google.com/search?q=Seoul+International+School+Major+Metros+(Korea),lead-esl-0877
admissions@seoul-overseas-chinese-high-sc.edu,Seoul Overseas Chinese High School,Director of Early Years & Admissions,@seoul-overseas-chinese-high-sc,Website,Pillar V: Multicultural & Bilingual Education,International School Early Division (IB PYP),Tier 1 (Macro / Institutional),Asia,South Korea (Major Metros (Korea)),IB PYP,94,"Established international school in Major Metros (Korea), South Korea; seeking sensory and acoustic screen-free companions for early English immersion and kindergarten transitions.",Screen vs. Sensory; Testing vs. Arts; Institution vs. Sanctuary,https://www.google.com/search?q=Seoul+Overseas+Chinese+High+School+Major+Metros+(Korea),lead-esl-0878
admissions@taejon-christian-international.edu,Taejon Christian International School,Director of Early Years & Admissions,@taejon-christian-international,Website,Pillar V: Multicultural & Bilingual Education,International School Early Division (IB PYP),Tier 1 (Macro / Institutional),Asia,South Korea (Major Metros (Korea)),IB PYP,94,"Established international school in Major Metros (Korea), South Korea; seeking sensory and acoustic screen-free companions for early English immersion and kindergarten transitions.",Screen vs. Sensory; Testing vs. Arts; Institution vs. Sanctuary,https://www.google.com/search?q=Taejon+Christian+International+School+Major+Metros+(Korea),lead-esl-0879
admissions@yongsan-international-school-o.edu,Yongsan International School of Seoul,Director of Early Years & Admissions,@yongsan-international-school-o,Website,Pillar V: Multicultural & Bilingual Education,International School Early Division (IB PYP),Tier 1 (Macro / Institutional),Asia,South Korea (Major Metros (Korea)),IB PYP,94,"Established international school in Major Metros (Korea), South Korea; seeking sensory and acoustic screen-free companions for early English immersion and kindergarten transitions.",Screen vs. Sensory; Testing vs. Arts; Institution vs. Sanctuary,https://www.google.com/search?q=Yongsan+International+School+of+Seoul+Major+Metros+(Korea),lead-esl-0880
admissions@american-international-school-.edu,American International School of Kuwait,Director of Early Years & Admissions,@american-international-school-,Website,Pillar V: Multicultural & Bilingual Education,International School Early Division (American Early Childhood),Tier 1 (Macro / Institutional),Middle East,Kuwait (Major Metros (Kuwait)),American Early Childhood,94,"Established international school in Major Metros (Kuwait), Kuwait; seeking sensory and acoustic screen-free companions for early English immersion and kindergarten transitions.",Screen vs. Sensory; Testing vs. Arts; Institution vs. Sanctuary,https://www.google.com/search?q=American+International+School+of+Kuwait+Major+Metros+(Kuwait),lead-esl-0881
admissions@carmel-school.edu,Carmel School,Director of Early Years & Admissions,@carmel-school,Website,Pillar V: Multicultural & Bilingual Education,International School Early Division (IB PYP),Tier 1 (Macro / Institutional),Middle East,Kuwait (Major Metros (Kuwait)),IB PYP,94,"Established international school in Major Metros (Kuwait), Kuwait; seeking sensory and acoustic screen-free companions for early English immersion and kindergarten transitions.",Screen vs. Sensory; Testing vs. Arts; Institution vs. Sanctuary,https://www.google.com/search?q=Carmel+School+Major+Metros+(Kuwait),lead-esl-0882
admissions@gulf-english-school-of-kuwait.edu,Gulf English School of Kuwait,Director of Early Years & Admissions,@gulf-english-school-of-kuwait,Website,Pillar V: Multicultural & Bilingual Education,International School Early Division (IB PYP),Tier 1 (Macro / Institutional),Middle East,Kuwait (Major Metros (Kuwait)),IB PYP,94,"Established international school in Major Metros (Kuwait), Kuwait; seeking sensory and acoustic screen-free companions for early English immersion and kindergarten transitions.",Screen vs. Sensory; Testing vs. Arts; Institution vs. Sanctuary,https://www.google.com/search?q=Gulf+English+School+of+Kuwait+Major+Metros+(Kuwait),lead-esl-0883
admissions@kuwait-english-school.edu,Kuwait English School,Director of Early Years & Admissions,@kuwait-english-school,Website,Pillar V: Multicultural & Bilingual Education,International School Early Division (IB PYP),Tier 1 (Macro / Institutional),Middle East,Kuwait (Major Metros (Kuwait)),IB PYP,94,"Established international school in Major Metros (Kuwait), Kuwait; seeking sensory and acoustic screen-free companions for early English immersion and kindergarten transitions.",Screen vs. Sensory; Testing vs. Arts; Institution vs. Sanctuary,https://www.google.com/search?q=Kuwait+English+School+Major+Metros+(Kuwait),lead-esl-0884
admissions@new-english-school.edu,New English School,Director of Early Years & Admissions,@new-english-school,Website,Pillar V: Multicultural & Bilingual Education,International School Early Division (IB PYP),Tier 1 (Macro / Institutional),Middle East,Kuwait (Major Metros (Kuwait)),IB PYP,94,"Established international school in Major Metros (Kuwait), Kuwait; seeking sensory and acoustic screen-free companions for early English immersion and kindergarten transitions.",Screen vs. Sensory; Testing vs. Arts; Institution vs. Sanctuary,https://www.google.com/search?q=New+English+School+Major+Metros+(Kuwait),lead-esl-0885
admissions@lodge-school.edu,Lodge School,Director of Early Years & Admissions,@lodge-school,Website,Pillar V: Multicultural & Bilingual Education,International School Early Division (IB PYP),Tier 1 (Macro / Institutional),Asia,Malaysia (Major Metros (Malaysia)),IB PYP,94,"Established international school in Major Metros (Malaysia), Malaysia; seeking sensory and acoustic screen-free companions for early English immersion and kindergarten transitions.",Screen vs. Sensory; Testing vs. Arts; Institution vs. Sanctuary,https://www.google.com/search?q=Lodge+School+Major+Metros+(Malaysia),lead-esl-0886
admissions@tenby-international-school-pen.edu,"Tenby International School, Penang",Director of Early Years & Admissions,@tenby-international-school-pen,Website,Pillar V: Multicultural & Bilingual Education,International School Early Division (IB PYP),Tier 1 (Macro / Institutional),Asia,Malaysia (Major Metros (Malaysia)),IB PYP,94,"Established international school in Major Metros (Malaysia), Malaysia; seeking sensory and acoustic screen-free companions for early English immersion and kindergarten transitions.",Screen vs. Sensory; Testing vs. Arts; Institution vs. Sanctuary,"https://www.google.com/search?q=Tenby+International+School,+Penang+Major+Metros+(Malaysia)",lead-esl-0887
admissions@the-international-school-of-pe.edu,The International School of Penang (Uplands),Director of Early Years & Admissions,@the-international-school-of-pe,Website,Pillar V: Multicultural & Bilingual Education,International School Early Division (IB PYP),Tier 1 (Macro / Institutional),Asia,Malaysia (Major Metros (Malaysia)),IB PYP,94,"Established international school in Major Metros (Malaysia), Malaysia; seeking sensory and acoustic screen-free companions for early English immersion and kindergarten transitions.",Screen vs. Sensory; Testing vs. Arts; Institution vs. Sanctuary,https://www.google.com/search?q=The+International+School+of+Penang+(Uplands)+Major+Metros+(Malaysia),lead-esl-0888
admissions@nexus-international-school-mal.edu,Nexus International School Malaysia,Director of Early Years & Admissions,@nexus-international-school-mal,Website,Pillar V: Multicultural & Bilingual Education,International School Early Division (IB PYP),Tier 1 (Macro / Institutional),Asia,Malaysia (Major Metros (Malaysia)),IB PYP,94,"Established international school in Major Metros (Malaysia), Malaysia; seeking sensory and acoustic screen-free companions for early English immersion and kindergarten transitions.",Screen vs. Sensory; Testing vs. Arts; Institution vs. Sanctuary,https://www.google.com/search?q=Nexus+International+School+Malaysia+Major+Metros+(Malaysia),lead-esl-0889
admissions@elc-international-school.edu,elc International school,Director of Early Years & Admissions,@elc-international-school,Website,Pillar V: Multicultural & Bilingual Education,International School Early Division (IB PYP),Tier 1 (Macro / Institutional),Asia,Malaysia (Major Metros (Malaysia)),IB PYP,94,"Established international school in Major Metros (Malaysia), Malaysia; seeking sensory and acoustic screen-free companions for early English immersion and kindergarten transitions.",Screen vs. Sensory; Testing vs. Arts; Institution vs. Sanctuary,https://www.google.com/search?q=elc+International+school+Major+Metros+(Malaysia),lead-esl-0890
admissions@fairview-international-school.edu,Fairview International School,Director of Early Years & Admissions,@fairview-international-school,Website,Pillar V: Multicultural & Bilingual Education,International School Early Division (IB PYP),Tier 1 (Macro / Institutional),Asia,Malaysia (Major Metros (Malaysia)),IB PYP,94,"Established international school in Major Metros (Malaysia), Malaysia; seeking sensory and acoustic screen-free companions for early English immersion and kindergarten transitions.",Screen vs. Sensory; Testing vs. Arts; Institution vs. Sanctuary,https://www.google.com/search?q=Fairview+International+School+Major+Metros+(Malaysia),lead-esl-0891
admissions@garden-international-school.edu,Garden International School,Director of Early Years & Admissions,@garden-international-school,Website,Pillar V: Multicultural & Bilingual Education,International School Early Division (IB PYP),Tier 1 (Macro / Institutional),Asia,Malaysia (Major Metros (Malaysia)),IB PYP,94,"Established international school in Major Metros (Malaysia), Malaysia; seeking sensory and acoustic screen-free companions for early English immersion and kindergarten transitions.",Screen vs. Sensory; Testing vs. Arts; Institution vs. Sanctuary,https://www.google.com/search?q=Garden+International+School+Major+Metros+(Malaysia),lead-esl-0892
admissions@international-school-of-kuala-.edu,International School of Kuala Lumpur,Director of Early Years & Admissions,@international-school-of-kuala-,Website,Pillar V: Multicultural & Bilingual Education,International School Early Division (IB PYP),Tier 1 (Macro / Institutional),Asia,Malaysia (Major Metros (Malaysia)),IB PYP,94,"Established international school in Major Metros (Malaysia), Malaysia; seeking sensory and acoustic screen-free companions for early English immersion and kindergarten transitions.",Screen vs. Sensory; Testing vs. Arts; Institution vs. Sanctuary,https://www.google.com/search?q=International+School+of+Kuala+Lumpur+Major+Metros+(Malaysia),lead-esl-0893
admissions@the-international-school-at-pa.edu,The International School at ParkCity,Director of Early Years & Admissions,@the-international-school-at-pa,Website,Pillar V: Multicultural & Bilingual Education,International School Early Division (IB PYP),Tier 1 (Macro / Institutional),Asia,Malaysia (Major Metros (Malaysia)),IB PYP,94,"Established international school in Major Metros (Malaysia), Malaysia; seeking sensory and acoustic screen-free companions for early English immersion and kindergarten transitions.",Screen vs. Sensory; Testing vs. Arts; Institution vs. Sanctuary,https://www.google.com/search?q=The+International+School+at+ParkCity+Major+Metros+(Malaysia),lead-esl-0894
admissions@mont-kiara-international-schoo.edu,Mont' Kiara International School,Director of Early Years & Admissions,@mont-kiara-international-schoo,Website,Pillar V: Multicultural & Bilingual Education,International School Early Division (IB PYP),Tier 1 (Macro / Institutional),Asia,Malaysia (Major Metros (Malaysia)),IB PYP,94,"Established international school in Major Metros (Malaysia), Malaysia; seeking sensory and acoustic screen-free companions for early English immersion and kindergarten transitions.",Screen vs. Sensory; Testing vs. Arts; Institution vs. Sanctuary,https://www.google.com/search?q=Mont'+Kiara+International+School+Major+Metros+(Malaysia),lead-esl-0895
admissions@american-international-school-.edu,American International School of Rotterdam,Director of Early Years & Admissions,@american-international-school-,Website,Pillar V: Multicultural & Bilingual Education,International School Early Division (American Early Childhood),Tier 1 (Macro / Institutional),Europe,Netherlands (Major Metros (Netherlands)),American Early Childhood,94,"Established international school in Major Metros (Netherlands), Netherlands; seeking sensory and acoustic screen-free companions for early English immersion and kindergarten transitions.",Screen vs. Sensory; Testing vs. Arts; Institution vs. Sanctuary,https://www.google.com/search?q=American+International+School+of+Rotterdam+Major+Metros+(Netherlands),lead-esl-0896
admissions@american-school-of-the-hague.edu,American School of The Hague,Director of Early Years & Admissions,@american-school-of-the-hague,Website,Pillar V: Multicultural & Bilingual Education,International School Early Division (American Early Childhood),Tier 1 (Macro / Institutional),Europe,Netherlands (Major Metros (Netherlands)),American Early Childhood,94,"Established international school in Major Metros (Netherlands), Netherlands; seeking sensory and acoustic screen-free companions for early English immersion and kindergarten transitions.",Screen vs. Sensory; Testing vs. Arts; Institution vs. Sanctuary,https://www.google.com/search?q=American+School+of+The+Hague+Major+Metros+(Netherlands),lead-esl-0897
admissions@british-school-in-the-netherla.edu,British School in the Netherlands,Director of Early Years & Admissions,@british-school-in-the-netherla,Website,Pillar V: Multicultural & Bilingual Education,International School Early Division (British EYFS),Tier 1 (Macro / Institutional),Europe,Netherlands (Major Metros (Netherlands)),British EYFS,94,"Established international school in Major Metros (Netherlands), Netherlands; seeking sensory and acoustic screen-free companions for early English immersion and kindergarten transitions.",Screen vs. Sensory; Testing vs. Arts; Institution vs. Sanctuary,https://www.google.com/search?q=British+School+in+the+Netherlands+Major+Metros+(Netherlands),lead-esl-0898
admissions@british-school-of-amsterdam.edu,British School of Amsterdam,Director of Early Years & Admissions,@british-school-of-amsterdam,Website,Pillar V: Multicultural & Bilingual Education,International School Early Division (British EYFS),Tier 1 (Macro / Institutional),Europe,Netherlands (Major Metros (Netherlands)),British EYFS,94,"Established international school in Major Metros (Netherlands), Netherlands; seeking sensory and acoustic screen-free companions for early English immersion and kindergarten transitions.",Screen vs. Sensory; Testing vs. Arts; Institution vs. Sanctuary,https://www.google.com/search?q=British+School+of+Amsterdam+Major+Metros+(Netherlands),lead-esl-0899
admissions@international-school-amsterdam.edu,International School Amsterdam,Director of Early Years & Admissions,@international-school-amsterdam,Website,Pillar V: Multicultural & Bilingual Education,International School Early Division (IB PYP),Tier 1 (Macro / Institutional),Europe,Netherlands (Major Metros (Netherlands)),IB PYP,94,"Established international school in Major Metros (Netherlands), Netherlands; seeking sensory and acoustic screen-free companions for early English immersion and kindergarten transitions.",Screen vs. Sensory; Testing vs. Arts; Institution vs. Sanctuary,https://www.google.com/search?q=International+School+Amsterdam+Major+Metros+(Netherlands),lead-esl-0900
admissions@international-school-groningen.edu,International School Groningen,Director of Early Years & Admissions,@international-school-groningen,Website,Pillar V: Multicultural & Bilingual Education,International School Early Division (IB PYP),Tier 1 (Macro / Institutional),Europe,Netherlands (Major Metros (Netherlands)),IB PYP,94,"Established international school in Major Metros (Netherlands), Netherlands; seeking sensory and acoustic screen-free companions for early English immersion and kindergarten transitions.",Screen vs. Sensory; Testing vs. Arts; Institution vs. Sanctuary,https://www.google.com/search?q=International+School+Groningen+Major+Metros+(Netherlands),lead-esl-0901
admissions@international-school-of-the-ha.edu,International School of The Hague,Director of Early Years & Admissions,@international-school-of-the-ha,Website,Pillar V: Multicultural & Bilingual Education,International School Early Division (IB PYP),Tier 1 (Macro / Institutional),Europe,Netherlands (Major Metros (Netherlands)),IB PYP,94,"Established international school in Major Metros (Netherlands), Netherlands; seeking sensory and acoustic screen-free companions for early English immersion and kindergarten transitions.",Screen vs. Sensory; Testing vs. Arts; Institution vs. Sanctuary,https://www.google.com/search?q=International+School+of+The+Hague+Major+Metros+(Netherlands),lead-esl-0902
admissions@international-school-twente.edu,International School Twente,Director of Early Years & Admissions,@international-school-twente,Website,Pillar V: Multicultural & Bilingual Education,International School Early Division (IB PYP),Tier 1 (Macro / Institutional),Europe,Netherlands (Major Metros (Netherlands)),IB PYP,94,"Established international school in Major Metros (Netherlands), Netherlands; seeking sensory and acoustic screen-free companions for early English immersion and kindergarten transitions.",Screen vs. Sensory; Testing vs. Arts; Institution vs. Sanctuary,https://www.google.com/search?q=International+School+Twente+Major+Metros+(Netherlands),lead-esl-0903
admissions@international-secondary-school.edu,International Secondary School Eindhoven,Director of Early Years & Admissions,@international-secondary-school,Website,Pillar V: Multicultural & Bilingual Education,International School Early Division (IB PYP),Tier 1 (Macro / Institutional),Europe,Netherlands (Major Metros (Netherlands)),IB PYP,94,"Established international school in Major Metros (Netherlands), Netherlands; seeking sensory and acoustic screen-free companions for early English immersion and kindergarten transitions.",Screen vs. Sensory; Testing vs. Arts; Institution vs. Sanctuary,https://www.google.com/search?q=International+Secondary+School+Eindhoven+Major+Metros+(Netherlands),lead-esl-0904
admissions@rotterdam-international-second.edu,Rotterdam International Secondary School,Director of Early Years & Admissions,@rotterdam-international-second,Website,Pillar V: Multicultural & Bilingual Education,International School Early Division (IB PYP),Tier 1 (Macro / Institutional),Europe,Netherlands (Major Metros (Netherlands)),IB PYP,94,"Established international school in Major Metros (Netherlands), Netherlands; seeking sensory and acoustic screen-free companions for early English immersion and kindergarten transitions.",Screen vs. Sensory; Testing vs. Arts; Institution vs. Sanctuary,https://www.google.com/search?q=Rotterdam+International+Secondary+School+Major+Metros+(Netherlands),lead-esl-0905
admissions@uwc-maastricht.edu,UWC Maastricht,Director of Early Years & Admissions,@uwc-maastricht,Website,Pillar V: Multicultural & Bilingual Education,International School Early Division (IB PYP),Tier 2 (Community Connector),Europe,Netherlands (Major Metros (Netherlands)),IB PYP,94,"Established international school in Major Metros (Netherlands), Netherlands; seeking sensory and acoustic screen-free companions for early English immersion and kindergarten transitions.",Screen vs. Sensory; Testing vs. Arts; Institution vs. Sanctuary,https://www.google.com/search?q=UWC+Maastricht+Major+Metros+(Netherlands),lead-esl-0906
admissions@aljezur-international-school.edu,Aljezur International School,Director of Early Years & Admissions,@aljezur-international-school,Website,Pillar V: Multicultural & Bilingual Education,International School Early Division (IB PYP),Tier 1 (Macro / Institutional),Europe,Portugal (Major Metros (Portugal)),IB PYP,94,"Established international school in Major Metros (Portugal), Portugal; seeking sensory and acoustic screen-free companions for early English immersion and kindergarten transitions.",Screen vs. Sensory; Testing vs. Arts; Institution vs. Sanctuary,https://www.google.com/search?q=Aljezur+International+School+Major+Metros+(Portugal),lead-esl-0907
admissions@carlucci-american-internationa.edu,Carlucci American International School of Lisbon,Director of Early Years & Admissions,@carlucci-american-internationa,Website,Pillar V: Multicultural & Bilingual Education,International School Early Division (American Early Childhood),Tier 1 (Macro / Institutional),Europe,Portugal (Major Metros (Portugal)),American Early Childhood,94,"Established international school in Major Metros (Portugal), Portugal; seeking sensory and acoustic screen-free companions for early English immersion and kindergarten transitions.",Screen vs. Sensory; Testing vs. Arts; Institution vs. Sanctuary,https://www.google.com/search?q=Carlucci+American+International+School+of+Lisbon+Major+Metros+(Portugal),lead-esl-0908
admissions@col-gio-luso-internacional-do-.edu,Colégio Luso-Internacional do Porto,Director of Early Years & Admissions,@col-gio-luso-internacional-do-,Website,Pillar V: Multicultural & Bilingual Education,International School Early Division (IB PYP),Tier 2 (Community Connector),Europe,Portugal (Major Metros (Portugal)),IB PYP,94,"Established international school in Major Metros (Portugal), Portugal; seeking sensory and acoustic screen-free companions for early English immersion and kindergarten transitions.",Screen vs. Sensory; Testing vs. Arts; Institution vs. Sanctuary,https://www.google.com/search?q=Colégio+Luso-Internacional+do+Porto+Major+Metros+(Portugal),lead-esl-0909
admissions@international-school-s-o-loure.edu,International School São Lourenço,Director of Early Years & Admissions,@international-school-s-o-loure,Website,Pillar V: Multicultural & Bilingual Education,International School Early Division (IB PYP),Tier 1 (Macro / Institutional),Europe,Portugal (Major Metros (Portugal)),IB PYP,94,"Established international school in Major Metros (Portugal), Portugal; seeking sensory and acoustic screen-free companions for early English immersion and kindergarten transitions.",Screen vs. Sensory; Testing vs. Arts; Institution vs. Sanctuary,https://www.google.com/search?q=International+School+São+Lourenço+Major+Metros+(Portugal),lead-esl-0910
admissions@oeiras-international-school.edu,Oeiras International School,Director of Early Years & Admissions,@oeiras-international-school,Website,Pillar V: Multicultural & Bilingual Education,International School Early Division (IB PYP),Tier 1 (Macro / Institutional),Europe,Portugal (Major Metros (Portugal)),IB PYP,94,"Established international school in Major Metros (Portugal), Portugal; seeking sensory and acoustic screen-free companions for early English immersion and kindergarten transitions.",Screen vs. Sensory; Testing vs. Arts; Institution vs. Sanctuary,https://www.google.com/search?q=Oeiras+International+School+Major+Metros+(Portugal),lead-esl-0911
admissions@oporto-british-school.edu,Oporto British School,Director of Early Years & Admissions,@oporto-british-school,Website,Pillar V: Multicultural & Bilingual Education,International School Early Division (British EYFS),Tier 1 (Macro / Institutional),Europe,Portugal (Major Metros (Portugal)),British EYFS,94,"Established international school in Major Metros (Portugal), Portugal; seeking sensory and acoustic screen-free companions for early English immersion and kindergarten transitions.",Screen vs. Sensory; Testing vs. Arts; Institution vs. Sanctuary,https://www.google.com/search?q=Oporto+British+School+Major+Metros+(Portugal),lead-esl-0912
admissions@saint-dominic-s-international-.edu,Saint Dominic's International School,Director of Early Years & Admissions,@saint-dominic-s-international-,Website,Pillar V: Multicultural & Bilingual Education,International School Early Division (IB PYP),Tier 1 (Macro / Institutional),Europe,Portugal (Major Metros (Portugal)),IB PYP,94,"Established international school in Major Metros (Portugal), Portugal; seeking sensory and acoustic screen-free companions for early English immersion and kindergarten transitions.",Screen vs. Sensory; Testing vs. Arts; Institution vs. Sanctuary,https://www.google.com/search?q=Saint+Dominic's+International+School+Major+Metros+(Portugal),lead-esl-0913
admissions@saint-julian-s-school.edu,Saint Julian's School,Director of Early Years & Admissions,@saint-julian-s-school,Website,Pillar V: Multicultural & Bilingual Education,International School Early Division (IB PYP),Tier 1 (Macro / Institutional),Europe,Portugal (Major Metros (Portugal)),IB PYP,94,"Established international school in Major Metros (Portugal), Portugal; seeking sensory and acoustic screen-free companions for early English immersion and kindergarten transitions.",Screen vs. Sensory; Testing vs. Arts; Institution vs. Sanctuary,https://www.google.com/search?q=Saint+Julian's+School+Major+Metros+(Portugal),lead-esl-0914
admissions@vale-verde-international-schoo.edu,Vale Verde International School,Director of Early Years & Admissions,@vale-verde-international-schoo,Website,Pillar V: Multicultural & Bilingual Education,International School Early Division (IB PYP),Tier 1 (Macro / Institutional),Europe,Portugal (Major Metros (Portugal)),IB PYP,94,"Established international school in Major Metros (Portugal), Portugal; seeking sensory and acoustic screen-free companions for early English immersion and kindergarten transitions.",Screen vs. Sensory; Testing vs. Arts; Institution vs. Sanctuary,https://www.google.com/search?q=Vale+Verde+International+School+Major+Metros+(Portugal),lead-esl-0915
admissions@vilamoura-international-school.edu,Vilamoura International School,Director of Early Years & Admissions,@vilamoura-international-school,Website,Pillar V: Multicultural & Bilingual Education,International School Early Division (IB PYP),Tier 1 (Macro / Institutional),Europe,Portugal (Major Metros (Portugal)),IB PYP,94,"Established international school in Major Metros (Portugal), Portugal; seeking sensory and acoustic screen-free companions for early English immersion and kindergarten transitions.",Screen vs. Sensory; Testing vs. Arts; Institution vs. Sanctuary,https://www.google.com/search?q=Vilamoura+International+School+Major+Metros+(Portugal),lead-esl-0916
admissions@acs-international-schools.edu,ACS International Schools,Director of Early Years & Admissions,@acs-international-schools,Website,Pillar V: Multicultural & Bilingual Education,International School Early Division (IB PYP),Tier 1 (Macro / Institutional),Middle East,Qatar (Major Metros (Qatar)),IB PYP,94,"Established international school in Major Metros (Qatar), Qatar; seeking sensory and acoustic screen-free companions for early English immersion and kindergarten transitions.",Screen vs. Sensory; Testing vs. Arts; Institution vs. Sanctuary,https://www.google.com/search?q=ACS+International+Schools+Major+Metros+(Qatar),lead-esl-0917
admissions@american-school-of-doha.edu,American School of Doha,Director of Early Years & Admissions,@american-school-of-doha,Website,Pillar V: Multicultural & Bilingual Education,International School Early Division (American Early Childhood),Tier 1 (Macro / Institutional),Middle East,Qatar (Major Metros (Qatar)),American Early Childhood,94,"Established international school in Major Metros (Qatar), Qatar; seeking sensory and acoustic screen-free companions for early English immersion and kindergarten transitions.",Screen vs. Sensory; Testing vs. Arts; Institution vs. Sanctuary,https://www.google.com/search?q=American+School+of+Doha+Major+Metros+(Qatar),lead-esl-0918
admissions@arab-international-academy.edu,Arab International Academy,Director of Early Years & Admissions,@arab-international-academy,Website,Pillar V: Multicultural & Bilingual Education,International School Early Division (IB PYP),Tier 1 (Macro / Institutional),Middle East,Qatar (Major Metros (Qatar)),IB PYP,94,"Established international school in Major Metros (Qatar), Qatar; seeking sensory and acoustic screen-free companions for early English immersion and kindergarten transitions.",Screen vs. Sensory; Testing vs. Arts; Institution vs. Sanctuary,https://www.google.com/search?q=Arab+International+Academy+Major+Metros+(Qatar),lead-esl-0919
admissions@bangladesh-m-h-m-high-school-c.edu,"Bangladesh M.H.M High School & College, Doha-Qatar",Director of Early Years & Admissions,@bangladesh-m-h-m-high-school-c,Website,Pillar V: Multicultural & Bilingual Education,International School Early Division (IB PYP),Tier 1 (Macro / Institutional),Middle East,Qatar (Major Metros (Qatar)),IB PYP,94,"Established international school in Major Metros (Qatar), Qatar; seeking sensory and acoustic screen-free companions for early English immersion and kindergarten transitions.",Screen vs. Sensory; Testing vs. Arts; Institution vs. Sanctuary,"https://www.google.com/search?q=Bangladesh+M.H.M+High+School+&+College,+Doha-Qatar+Major+Metros+(Qatar)",lead-esl-0920
admissions@the-cambridge-school-doha.edu,The Cambridge School Doha,Director of Early Years & Admissions,@the-cambridge-school-doha,Website,Pillar V: Multicultural & Bilingual Education,International School Early Division (IB PYP),Tier 1 (Macro / Institutional),Middle East,Qatar (Major Metros (Qatar)),IB PYP,94,"Established international school in Major Metros (Qatar), Qatar; seeking sensory and acoustic screen-free companions for early English immersion and kindergarten transitions.",Screen vs. Sensory; Testing vs. Arts; Institution vs. Sanctuary,https://www.google.com/search?q=The+Cambridge+School+Doha+Major+Metros+(Qatar),lead-esl-0921
admissions@compass-international-school.edu,Compass International School,Director of Early Years & Admissions,@compass-international-school,Website,Pillar V: Multicultural & Bilingual Education,International School Early Division (IB PYP),Tier 1 (Macro / Institutional),Middle East,Qatar (Major Metros (Qatar)),IB PYP,94,"Established international school in Major Metros (Qatar), Qatar; seeking sensory and acoustic screen-free companions for early English immersion and kindergarten transitions.",Screen vs. Sensory; Testing vs. Arts; Institution vs. Sanctuary,https://www.google.com/search?q=Compass+International+School+Major+Metros+(Qatar),lead-esl-0922
admissions@doha-british-school.edu,Doha British School,Director of Early Years & Admissions,@doha-british-school,Website,Pillar V: Multicultural & Bilingual Education,International School Early Division (British EYFS),Tier 1 (Macro / Institutional),Middle East,Qatar (Major Metros (Qatar)),British EYFS,94,"Established international school in Major Metros (Qatar), Qatar; seeking sensory and acoustic screen-free companions for early English immersion and kindergarten transitions.",Screen vs. Sensory; Testing vs. Arts; Institution vs. Sanctuary,https://www.google.com/search?q=Doha+British+School+Major+Metros+(Qatar),lead-esl-0923
admissions@doha-college.edu,Doha College,Director of Early Years & Admissions,@doha-college,Website,Pillar V: Multicultural & Bilingual Education,International School Early Division (IB PYP),Tier 1 (Macro / Institutional),Middle East,Qatar (Major Metros (Qatar)),IB PYP,94,"Established international school in Major Metros (Qatar), Qatar; seeking sensory and acoustic screen-free companions for early English immersion and kindergarten transitions.",Screen vs. Sensory; Testing vs. Arts; Institution vs. Sanctuary,https://www.google.com/search?q=Doha+College+Major+Metros+(Qatar),lead-esl-0924
admissions@dukhan-english-school.edu,Dukhan English School,Director of Early Years & Admissions,@dukhan-english-school,Website,Pillar V: Multicultural & Bilingual Education,International School Early Division (IB PYP),Tier 1 (Macro / Institutional),Middle East,Qatar (Major Metros (Qatar)),IB PYP,94,"Established international school in Major Metros (Qatar), Qatar; seeking sensory and acoustic screen-free companions for early English immersion and kindergarten transitions.",Screen vs. Sensory; Testing vs. Arts; Institution vs. Sanctuary,https://www.google.com/search?q=Dukhan+English+School+Major+Metros+(Qatar),lead-esl-0925
admissions@gems-american-academy-qatar.edu,GEMS American Academy Qatar,Director of Early Years & Admissions,@gems-american-academy-qatar,Website,Pillar V: Multicultural & Bilingual Education,International School Early Division (American Early Childhood),Tier 1 (Macro / Institutional),Middle East,Qatar (Major Metros (Qatar)),American Early Childhood,94,"Established international school in Major Metros (Qatar), Qatar; seeking sensory and acoustic screen-free companions for early English immersion and kindergarten transitions.",Screen vs. Sensory; Testing vs. Arts; Institution vs. Sanctuary,https://www.google.com/search?q=GEMS+American+Academy+Qatar+Major+Metros+(Qatar),lead-esl-0926
admissions@german-international-school-do.edu,German International School Doha,Director of Early Years & Admissions,@german-international-school-do,Website,Pillar V: Multicultural & Bilingual Education,International School Early Division (International Early Years),Tier 1 (Macro / Institutional),Middle East,Qatar (Major Metros (Qatar)),International Early Years,94,"Established international school in Major Metros (Qatar), Qatar; seeking sensory and acoustic screen-free companions for early English immersion and kindergarten transitions.",Screen vs. Sensory; Testing vs. Arts; Institution vs. Sanctuary,https://www.google.com/search?q=German+International+School+Doha+Major+Metros+(Qatar),lead-esl-0927
admissions@japan-school-of-doha.edu,Japan School of Doha,Director of Early Years & Admissions,@japan-school-of-doha,Website,Pillar V: Multicultural & Bilingual Education,International School Early Division (IB PYP),Tier 1 (Macro / Institutional),Middle East,Qatar (Major Metros (Qatar)),IB PYP,94,"Established international school in Major Metros (Qatar), Qatar; seeking sensory and acoustic screen-free companions for early English immersion and kindergarten transitions.",Screen vs. Sensory; Testing vs. Arts; Institution vs. Sanctuary,https://www.google.com/search?q=Japan+School+of+Doha+Major+Metros+(Qatar),lead-esl-0928
admissions@lyc-e-bonaparte.edu,Lycée Bonaparte,Director of Early Years & Admissions,@lyc-e-bonaparte,Website,Pillar V: Multicultural & Bilingual Education,International School Early Division (French Immersion),Tier 2 (Community Connector),Middle East,Qatar (Major Metros (Qatar)),French Immersion,94,"Established international school in Major Metros (Qatar), Qatar; seeking sensory and acoustic screen-free companions for early English immersion and kindergarten transitions.",Screen vs. Sensory; Testing vs. Arts; Institution vs. Sanctuary,https://www.google.com/search?q=Lycée+Bonaparte+Major+Metros+(Qatar),lead-esl-0929
admissions@lyc-e-franco-qatarien-voltaire.edu,Lycée Franco-Qatarien Voltaire,Director of Early Years & Admissions,@lyc-e-franco-qatarien-voltaire,Website,Pillar V: Multicultural & Bilingual Education,International School Early Division (French Immersion),Tier 2 (Community Connector),Middle East,Qatar (Major Metros (Qatar)),French Immersion,94,"Established international school in Major Metros (Qatar), Qatar; seeking sensory and acoustic screen-free companions for early English immersion and kindergarten transitions.",Screen vs. Sensory; Testing vs. Arts; Institution vs. Sanctuary,https://www.google.com/search?q=Lycée+Franco-Qatarien+Voltaire+Major+Metros+(Qatar),lead-esl-0930
admissions@newton-international-school.edu,Newton International School,Director of Early Years & Admissions,@newton-international-school,Website,Pillar V: Multicultural & Bilingual Education,International School Early Division (IB PYP),Tier 1 (Macro / Institutional),Middle East,Qatar (Major Metros (Qatar)),IB PYP,94,"Established international school in Major Metros (Qatar), Qatar; seeking sensory and acoustic screen-free companions for early English immersion and kindergarten transitions.",Screen vs. Sensory; Testing vs. Arts; Institution vs. Sanctuary,https://www.google.com/search?q=Newton+International+School+Major+Metros+(Qatar),lead-esl-0931
admissions@nord-anglia-international-scho.edu,Nord Anglia International School Al Khor,Director of Early Years & Admissions,@nord-anglia-international-scho,Website,Pillar V: Multicultural & Bilingual Education,International School Early Division (IB PYP),Tier 1 (Macro / Institutional),Middle East,Qatar (Major Metros (Qatar)),IB PYP,94,"Established international school in Major Metros (Qatar), Qatar; seeking sensory and acoustic screen-free companions for early English immersion and kindergarten transitions.",Screen vs. Sensory; Testing vs. Arts; Institution vs. Sanctuary,https://www.google.com/search?q=Nord+Anglia+International+School+Al+Khor+Major+Metros+(Qatar),lead-esl-0932
admissions@park-house-english-school.edu,Park House English School,Director of Early Years & Admissions,@park-house-english-school,Website,Pillar V: Multicultural & Bilingual Education,International School Early Division (IB PYP),Tier 1 (Macro / Institutional),Middle East,Qatar (Major Metros (Qatar)),IB PYP,94,"Established international school in Major Metros (Qatar), Qatar; seeking sensory and acoustic screen-free companions for early English immersion and kindergarten transitions.",Screen vs. Sensory; Testing vs. Arts; Institution vs. Sanctuary,https://www.google.com/search?q=Park+House+English+School+Major+Metros+(Qatar),lead-esl-0933
admissions@philippine-school-doha.edu,Philippine School Doha,Director of Early Years & Admissions,@philippine-school-doha,Website,Pillar V: Multicultural & Bilingual Education,International School Early Division (IB PYP),Tier 1 (Macro / Institutional),Middle East,Qatar (Major Metros (Qatar)),IB PYP,94,"Established international school in Major Metros (Qatar), Qatar; seeking sensory and acoustic screen-free companions for early English immersion and kindergarten transitions.",Screen vs. Sensory; Testing vs. Arts; Institution vs. Sanctuary,https://www.google.com/search?q=Philippine+School+Doha+Major+Metros+(Qatar),lead-esl-0934
admissions@qatar-academy.edu,Qatar Academy,Director of Early Years & Admissions,@qatar-academy,Website,Pillar V: Multicultural & Bilingual Education,International School Early Division (IB PYP),Tier 1 (Macro / Institutional),Middle East,Qatar (Major Metros (Qatar)),IB PYP,94,"Established international school in Major Metros (Qatar), Qatar; seeking sensory and acoustic screen-free companions for early English immersion and kindergarten transitions.",Screen vs. Sensory; Testing vs. Arts; Institution vs. Sanctuary,https://www.google.com/search?q=Qatar+Academy+Major+Metros+(Qatar),lead-esl-0935
admissions@qatar-canadian-school.edu,Qatar Canadian School,Director of Early Years & Admissions,@qatar-canadian-school,Website,Pillar V: Multicultural & Bilingual Education,International School Early Division (IB PYP),Tier 1 (Macro / Institutional),Middle East,Qatar (Major Metros (Qatar)),IB PYP,94,"Established international school in Major Metros (Qatar), Qatar; seeking sensory and acoustic screen-free companions for early English immersion and kindergarten transitions.",Screen vs. Sensory; Testing vs. Arts; Institution vs. Sanctuary,https://www.google.com/search?q=Qatar+Canadian+School+Major+Metros+(Qatar),lead-esl-0936
admissions@qatar-international-school.edu,Qatar International School,Director of Early Years & Admissions,@qatar-international-school,Website,Pillar V: Multicultural & Bilingual Education,International School Early Division (IB PYP),Tier 1 (Macro / Institutional),Middle East,Qatar (Major Metros (Qatar)),IB PYP,94,"Established international school in Major Metros (Qatar), Qatar; seeking sensory and acoustic screen-free companions for early English immersion and kindergarten transitions.",Screen vs. Sensory; Testing vs. Arts; Institution vs. Sanctuary,https://www.google.com/search?q=Qatar+International+School+Major+Metros+(Qatar),lead-esl-0937
admissions@sherborne-qatar.edu,Sherborne Qatar,Director of Early Years & Admissions,@sherborne-qatar,Website,Pillar V: Multicultural & Bilingual Education,International School Early Division (IB PYP),Tier 2 (Community Connector),Middle East,Qatar (Major Metros (Qatar)),IB PYP,94,"Established international school in Major Metros (Qatar), Qatar; seeking sensory and acoustic screen-free companions for early English immersion and kindergarten transitions.",Screen vs. Sensory; Testing vs. Arts; Institution vs. Sanctuary,https://www.google.com/search?q=Sherborne+Qatar+Major+Metros+(Qatar),lead-esl-0938
admissions@american-international-school-.edu,American International School – Riyadh,Director of Early Years & Admissions,@american-international-school-,Website,Pillar V: Multicultural & Bilingual Education,International School Early Division (American Early Childhood),Tier 1 (Macro / Institutional),Middle East,Saudi Arabia (Major Metros (Saudi Arabia)),American Early Childhood,94,"Established international school in Major Metros (Saudi Arabia), Saudi Arabia; seeking sensory and acoustic screen-free companions for early English immersion and kindergarten transitions.",Screen vs. Sensory; Testing vs. Arts; Institution vs. Sanctuary,https://www.google.com/search?q=American+International+School+–+Riyadh+Major+Metros+(Saudi+Arabia),lead-esl-0939
admissions@american-school-dhahran.edu,American School Dhahran,Director of Early Years & Admissions,@american-school-dhahran,Website,Pillar V: Multicultural & Bilingual Education,International School Early Division (American Early Childhood),Tier 1 (Macro / Institutional),Middle East,Saudi Arabia (Major Metros (Saudi Arabia)),American Early Childhood,94,"Established international school in Major Metros (Saudi Arabia), Saudi Arabia; seeking sensory and acoustic screen-free companions for early English immersion and kindergarten transitions.",Screen vs. Sensory; Testing vs. Arts; Institution vs. Sanctuary,https://www.google.com/search?q=American+School+Dhahran+Major+Metros+(Saudi+Arabia),lead-esl-0940
admissions@bangladesh-international-schoo.edu,"Bangladesh International School, Dammam",Director of Early Years & Admissions,@bangladesh-international-schoo,Website,Pillar V: Multicultural & Bilingual Education,International School Early Division (IB PYP),Tier 1 (Macro / Institutional),Middle East,Saudi Arabia (Major Metros (Saudi Arabia)),IB PYP,94,"Established international school in Major Metros (Saudi Arabia), Saudi Arabia; seeking sensory and acoustic screen-free companions for early English immersion and kindergarten transitions.",Screen vs. Sensory; Testing vs. Arts; Institution vs. Sanctuary,"https://www.google.com/search?q=Bangladesh+International+School,+Dammam+Major+Metros+(Saudi+Arabia)",lead-esl-0941
admissions@bangladesh-international-schoo.edu,"Bangladesh International School, English Section, Riyadh",Director of Early Years & Admissions,@bangladesh-international-schoo,Website,Pillar V: Multicultural & Bilingual Education,International School Early Division (IB PYP),Tier 1 (Macro / Institutional),Middle East,Saudi Arabia (Major Metros (Saudi Arabia)),IB PYP,94,"Established international school in Major Metros (Saudi Arabia), Saudi Arabia; seeking sensory and acoustic screen-free companions for early English immersion and kindergarten transitions.",Screen vs. Sensory; Testing vs. Arts; Institution vs. Sanctuary,"https://www.google.com/search?q=Bangladesh+International+School,+English+Section,+Riyadh+Major+Metros+(Saudi+Arabia)",lead-esl-0942
admissions@british-international-school-o.edu,British International School of Jeddah,Director of Early Years & Admissions,@british-international-school-o,Website,Pillar V: Multicultural & Bilingual Education,International School Early Division (British EYFS),Tier 1 (Macro / Institutional),Middle East,Saudi Arabia (Major Metros (Saudi Arabia)),British EYFS,94,"Established international school in Major Metros (Saudi Arabia), Saudi Arabia; seeking sensory and acoustic screen-free companions for early English immersion and kindergarten transitions.",Screen vs. Sensory; Testing vs. Arts; Institution vs. Sanctuary,https://www.google.com/search?q=British+International+School+of+Jeddah+Major+Metros+(Saudi+Arabia),lead-esl-0943
admissions@international-indian-school-da.edu,"International Indian School, Dammam",Director of Early Years & Admissions,@international-indian-school-da,Website,Pillar V: Multicultural & Bilingual Education,International School Early Division (IB PYP),Tier 1 (Macro / Institutional),Middle East,Saudi Arabia (Major Metros (Saudi Arabia)),IB PYP,94,"Established international school in Major Metros (Saudi Arabia), Saudi Arabia; seeking sensory and acoustic screen-free companions for early English immersion and kindergarten transitions.",Screen vs. Sensory; Testing vs. Arts; Institution vs. Sanctuary,"https://www.google.com/search?q=International+Indian+School,+Dammam+Major+Metros+(Saudi+Arabia)",lead-esl-0944
admissions@international-indian-school-je.edu,International Indian School Jeddah,Director of Early Years & Admissions,@international-indian-school-je,Website,Pillar V: Multicultural & Bilingual Education,International School Early Division (IB PYP),Tier 1 (Macro / Institutional),Middle East,Saudi Arabia (Major Metros (Saudi Arabia)),IB PYP,94,"Established international school in Major Metros (Saudi Arabia), Saudi Arabia; seeking sensory and acoustic screen-free companions for early English immersion and kindergarten transitions.",Screen vs. Sensory; Testing vs. Arts; Institution vs. Sanctuary,https://www.google.com/search?q=International+Indian+School+Jeddah+Major+Metros+(Saudi+Arabia),lead-esl-0945
admissions@international-indian-school-ri.edu,"International Indian School, Riyadh",Director of Early Years & Admissions,@international-indian-school-ri,Website,Pillar V: Multicultural & Bilingual Education,International School Early Division (IB PYP),Tier 1 (Macro / Institutional),Middle East,Saudi Arabia (Major Metros (Saudi Arabia)),IB PYP,94,"Established international school in Major Metros (Saudi Arabia), Saudi Arabia; seeking sensory and acoustic screen-free companions for early English immersion and kindergarten transitions.",Screen vs. Sensory; Testing vs. Arts; Institution vs. Sanctuary,"https://www.google.com/search?q=International+Indian+School,+Riyadh+Major+Metros+(Saudi+Arabia)",lead-esl-0946
admissions@american-school-of-barcelona.edu,American School of Barcelona,Director of Early Years & Admissions,@american-school-of-barcelona,Website,Pillar V: Multicultural & Bilingual Education,International School Early Division (American Early Childhood),Tier 1 (Macro / Institutional),Europe,Spain (Major Metros (Spain)),American Early Childhood,94,"Established international school in Major Metros (Spain), Spain; seeking sensory and acoustic screen-free companions for early English immersion and kindergarten transitions.",Screen vs. Sensory; Testing vs. Arts; Institution vs. Sanctuary,https://www.google.com/search?q=American+School+of+Barcelona+Major+Metros+(Spain),lead-esl-0947
admissions@american-school-of-madrid.edu,American School of Madrid,Director of Early Years & Admissions,@american-school-of-madrid,Website,Pillar V: Multicultural & Bilingual Education,International School Early Division (American Early Childhood),Tier 1 (Macro / Institutional),Europe,Spain (Major Metros (Spain)),American Early Childhood,94,"Established international school in Major Metros (Spain), Spain; seeking sensory and acoustic screen-free companions for early English immersion and kindergarten transitions.",Screen vs. Sensory; Testing vs. Arts; Institution vs. Sanctuary,https://www.google.com/search?q=American+School+of+Madrid+Major+Metros+(Spain),lead-esl-0948
admissions@benjamin-franklin-internationa.edu,Benjamin Franklin International School,Director of Early Years & Admissions,@benjamin-franklin-internationa,Website,Pillar V: Multicultural & Bilingual Education,International School Early Division (IB PYP),Tier 1 (Macro / Institutional),Europe,Spain (Major Metros (Spain)),IB PYP,94,"Established international school in Major Metros (Spain), Spain; seeking sensory and acoustic screen-free companions for early English immersion and kindergarten transitions.",Screen vs. Sensory; Testing vs. Arts; Institution vs. Sanctuary,https://www.google.com/search?q=Benjamin+Franklin+International+School+Major+Metros+(Spain),lead-esl-0949
admissions@british-school-of-barcelona.edu,British School of Barcelona,Director of Early Years & Admissions,@british-school-of-barcelona,Website,Pillar V: Multicultural & Bilingual Education,International School Early Division (British EYFS),Tier 1 (Macro / Institutional),Europe,Spain (Major Metros (Spain)),British EYFS,94,"Established international school in Major Metros (Spain), Spain; seeking sensory and acoustic screen-free companions for early English immersion and kindergarten transitions.",Screen vs. Sensory; Testing vs. Arts; Institution vs. Sanctuary,https://www.google.com/search?q=British+School+of+Barcelona+Major+Metros+(Spain),lead-esl-0950
admissions@colegio-japon-s-de-madrid.edu,Colegio Japonés de Madrid,Director of Early Years & Admissions,@colegio-japon-s-de-madrid,Website,Pillar V: Multicultural & Bilingual Education,International School Early Division (IB PYP),Tier 2 (Community Connector),Europe,Spain (Major Metros (Spain)),IB PYP,94,"Established international school in Major Metros (Spain), Spain; seeking sensory and acoustic screen-free companions for early English immersion and kindergarten transitions.",Screen vs. Sensory; Testing vs. Arts; Institution vs. Sanctuary,https://www.google.com/search?q=Colegio+Japonés+de+Madrid+Major+Metros+(Spain),lead-esl-0951
admissions@chester-college-international-.edu,Chester College International School,Director of Early Years & Admissions,@chester-college-international-,Website,Pillar V: Multicultural & Bilingual Education,International School Early Division (IB PYP),Tier 1 (Macro / Institutional),Europe,Spain (Major Metros (Spain)),IB PYP,94,"Established international school in Major Metros (Spain), Spain; seeking sensory and acoustic screen-free companions for early English immersion and kindergarten transitions.",Screen vs. Sensory; Testing vs. Arts; Institution vs. Sanctuary,https://www.google.com/search?q=Chester+College+International+School+Major+Metros+(Spain),lead-esl-0952
admissions@david-glasgow-farragut-high-sc.edu,David Glasgow Farragut High School,Director of Early Years & Admissions,@david-glasgow-farragut-high-sc,Website,Pillar V: Multicultural & Bilingual Education,International School Early Division (IB PYP),Tier 1 (Macro / Institutional),Europe,Spain (Major Metros (Spain)),IB PYP,94,"Established international school in Major Metros (Spain), Spain; seeking sensory and acoustic screen-free companions for early English immersion and kindergarten transitions.",Screen vs. Sensory; Testing vs. Arts; Institution vs. Sanctuary,https://www.google.com/search?q=David+Glasgow+Farragut+High+School+Major+Metros+(Spain),lead-esl-0953
admissions@guadalaviar-school.edu,Guadalaviar School,Director of Early Years & Admissions,@guadalaviar-school,Website,Pillar V: Multicultural & Bilingual Education,International School Early Division (IB PYP),Tier 1 (Macro / Institutional),Europe,Spain (Major Metros (Spain)),IB PYP,94,"Established international school in Major Metros (Spain), Spain; seeking sensory and acoustic screen-free companions for early English immersion and kindergarten transitions.",Screen vs. Sensory; Testing vs. Arts; Institution vs. Sanctuary,https://www.google.com/search?q=Guadalaviar+School+Major+Metros+(Spain),lead-esl-0954
admissions@international-college-spain.edu,International College Spain,Director of Early Years & Admissions,@international-college-spain,Website,Pillar V: Multicultural & Bilingual Education,International School Early Division (IB PYP),Tier 1 (Macro / Institutional),Europe,Spain (Major Metros (Spain)),IB PYP,94,"Established international school in Major Metros (Spain), Spain; seeking sensory and acoustic screen-free companions for early English immersion and kindergarten transitions.",Screen vs. Sensory; Testing vs. Arts; Institution vs. Sanctuary,https://www.google.com/search?q=International+College+Spain+Major+Metros+(Spain),lead-esl-0955
admissions@international-school-of-barcel.edu,International School of Barcelona,Director of Early Years & Admissions,@international-school-of-barcel,Website,Pillar V: Multicultural & Bilingual Education,International School Early Division (IB PYP),Tier 1 (Macro / Institutional),Europe,Spain (Major Metros (Spain)),IB PYP,94,"Established international school in Major Metros (Spain), Spain; seeking sensory and acoustic screen-free companions for early English immersion and kindergarten transitions.",Screen vs. Sensory; Testing vs. Arts; Institution vs. Sanctuary,https://www.google.com/search?q=International+School+of+Barcelona+Major+Metros+(Spain),lead-esl-0956
admissions@japanese-school-in-barcelona.edu,Japanese School in Barcelona,Director of Early Years & Admissions,@japanese-school-in-barcelona,Website,Pillar V: Multicultural & Bilingual Education,International School Early Division (IB PYP),Tier 1 (Macro / Institutional),Europe,Spain (Major Metros (Spain)),IB PYP,94,"Established international school in Major Metros (Spain), Spain; seeking sensory and acoustic screen-free companions for early English immersion and kindergarten transitions.",Screen vs. Sensory; Testing vs. Arts; Institution vs. Sanctuary,https://www.google.com/search?q=Japanese+School+in+Barcelona+Major+Metros+(Spain),lead-esl-0957
admissions@kings-college-madrid.edu,"Kings College, Madrid",Director of Early Years & Admissions,@kings-college-madrid,Website,Pillar V: Multicultural & Bilingual Education,International School Early Division (IB PYP),Tier 1 (Macro / Institutional),Europe,Spain (Major Metros (Spain)),IB PYP,94,"Established international school in Major Metros (Spain), Spain; seeking sensory and acoustic screen-free companions for early English immersion and kindergarten transitions.",Screen vs. Sensory; Testing vs. Arts; Institution vs. Sanctuary,"https://www.google.com/search?q=Kings+College,+Madrid+Major+Metros+(Spain)",lead-esl-0958
admissions@lyc-e-fran-ais-ren-verneau-of-.edu,Lycée Français René-Verneau of Gran Canaria,Director of Early Years & Admissions,@lyc-e-fran-ais-ren-verneau-of-,Website,Pillar V: Multicultural & Bilingual Education,International School Early Division (French Immersion),Tier 2 (Community Connector),Europe,Spain (Major Metros (Spain)),French Immersion,94,"Established international school in Major Metros (Spain), Spain; seeking sensory and acoustic screen-free companions for early English immersion and kindergarten transitions.",Screen vs. Sensory; Testing vs. Arts; Institution vs. Sanctuary,https://www.google.com/search?q=Lycée+Français+René-Verneau+of+Gran+Canaria+Major+Metros+(Spain),lead-esl-0959
admissions@st-anthony-s-college-mijas.edu,"St. Anthony's College, Mijas",Director of Early Years & Admissions,@st-anthony-s-college-mijas,Website,Pillar V: Multicultural & Bilingual Education,International School Early Division (IB PYP),Tier 1 (Macro / Institutional),Europe,Spain (Major Metros (Spain)),IB PYP,94,"Established international school in Major Metros (Spain), Spain; seeking sensory and acoustic screen-free companions for early English immersion and kindergarten transitions.",Screen vs. Sensory; Testing vs. Arts; Institution vs. Sanctuary,"https://www.google.com/search?q=St.+Anthony's+College,+Mijas+Major+Metros+(Spain)",lead-esl-0960
admissions@st-peter-s-school-barcelona.edu,"St. Peter's School, Barcelona",Director of Early Years & Admissions,@st-peter-s-school-barcelona,Website,Pillar V: Multicultural & Bilingual Education,International School Early Division (IB PYP),Tier 1 (Macro / Institutional),Europe,Spain (Major Metros (Spain)),IB PYP,94,"Established international school in Major Metros (Spain), Spain; seeking sensory and acoustic screen-free companions for early English immersion and kindergarten transitions.",Screen vs. Sensory; Testing vs. Arts; Institution vs. Sanctuary,"https://www.google.com/search?q=St.+Peter's+School,+Barcelona+Major+Metros+(Spain)",lead-esl-0961
admissions@aiglon-college.edu,Aiglon College,Director of Early Years & Admissions,@aiglon-college,Website,Pillar V: Multicultural & Bilingual Education,International School Early Division (IB PYP),Tier 1 (Macro / Institutional),Europe,Switzerland (Major Metros (Switzerland)),IB PYP,94,"Established international school in Major Metros (Switzerland), Switzerland; seeking sensory and acoustic screen-free companions for early English immersion and kindergarten transitions.",Screen vs. Sensory; Testing vs. Arts; Institution vs. Sanctuary,https://www.google.com/search?q=Aiglon+College+Major+Metros+(Switzerland),lead-esl-0962
admissions@american-school-in-switzerland.edu,American School in Switzerland,Director of Early Years & Admissions,@american-school-in-switzerland,Website,Pillar V: Multicultural & Bilingual Education,International School Early Division (American Early Childhood),Tier 1 (Macro / Institutional),Europe,Switzerland (Major Metros (Switzerland)),American Early Childhood,94,"Established international school in Major Metros (Switzerland), Switzerland; seeking sensory and acoustic screen-free companions for early English immersion and kindergarten transitions.",Screen vs. Sensory; Testing vs. Arts; Institution vs. Sanctuary,https://www.google.com/search?q=American+School+in+Switzerland+Major+Metros+(Switzerland),lead-esl-0963
admissions@brillantmont-international-sch.edu,Brillantmont International School,Director of Early Years & Admissions,@brillantmont-international-sch,Website,Pillar V: Multicultural & Bilingual Education,International School Early Division (IB PYP),Tier 1 (Macro / Institutional),Europe,Switzerland (Major Metros (Switzerland)),IB PYP,94,"Established international school in Major Metros (Switzerland), Switzerland; seeking sensory and acoustic screen-free companions for early English immersion and kindergarten transitions.",Screen vs. Sensory; Testing vs. Arts; Institution vs. Sanctuary,https://www.google.com/search?q=Brillantmont+International+School+Major+Metros+(Switzerland),lead-esl-0964
admissions@coll-ge-alpin-international-be.edu,Collège Alpin International Beau Soleil,Director of Early Years & Admissions,@coll-ge-alpin-international-be,Website,Pillar V: Multicultural & Bilingual Education,International School Early Division (IB PYP),Tier 1 (Macro / Institutional),Europe,Switzerland (Major Metros (Switzerland)),IB PYP,94,"Established international school in Major Metros (Switzerland), Switzerland; seeking sensory and acoustic screen-free companions for early English immersion and kindergarten transitions.",Screen vs. Sensory; Testing vs. Arts; Institution vs. Sanctuary,https://www.google.com/search?q=Collège+Alpin+International+Beau+Soleil+Major+Metros+(Switzerland),lead-esl-0965
admissions@coll-ge-champittet.edu,Collège Champittet,Director of Early Years & Admissions,@coll-ge-champittet,Website,Pillar V: Multicultural & Bilingual Education,International School Early Division (IB PYP),Tier 2 (Community Connector),Europe,Switzerland (Major Metros (Switzerland)),IB PYP,94,"Established international school in Major Metros (Switzerland), Switzerland; seeking sensory and acoustic screen-free companions for early English immersion and kindergarten transitions.",Screen vs. Sensory; Testing vs. Arts; Institution vs. Sanctuary,https://www.google.com/search?q=Collège+Champittet+Major+Metros+(Switzerland),lead-esl-0966
admissions@coll-ge-du-l-man.edu,Collège du Léman,Director of Early Years & Admissions,@coll-ge-du-l-man,Website,Pillar V: Multicultural & Bilingual Education,International School Early Division (IB PYP),Tier 2 (Community Connector),Europe,Switzerland (Major Metros (Switzerland)),IB PYP,94,"Established international school in Major Metros (Switzerland), Switzerland; seeking sensory and acoustic screen-free companions for early English immersion and kindergarten transitions.",Screen vs. Sensory; Testing vs. Arts; Institution vs. Sanctuary,https://www.google.com/search?q=Collège+du+Léman+Major+Metros+(Switzerland),lead-esl-0967
admissions@ecole-d-humanit.edu,Ecole d'Humanité,Director of Early Years & Admissions,@ecole-d-humanit,Website,Pillar V: Multicultural & Bilingual Education,International School Early Division (IB PYP),Tier 2 (Community Connector),Europe,Switzerland (Major Metros (Switzerland)),IB PYP,94,"Established international school in Major Metros (Switzerland), Switzerland; seeking sensory and acoustic screen-free companions for early English immersion and kindergarten transitions.",Screen vs. Sensory; Testing vs. Arts; Institution vs. Sanctuary,https://www.google.com/search?q=Ecole+d'Humanité+Major+Metros+(Switzerland),lead-esl-0968
admissions@cole-nouvelle-de-la-suisse-rom.edu,École nouvelle de la Suisse romande,Director of Early Years & Admissions,@cole-nouvelle-de-la-suisse-rom,Website,Pillar V: Multicultural & Bilingual Education,International School Early Division (IB PYP),Tier 2 (Community Connector),Europe,Switzerland (Major Metros (Switzerland)),IB PYP,94,"Established international school in Major Metros (Switzerland), Switzerland; seeking sensory and acoustic screen-free companions for early English immersion and kindergarten transitions.",Screen vs. Sensory; Testing vs. Arts; Institution vs. Sanctuary,https://www.google.com/search?q=École+nouvelle+de+la+Suisse+romande+Major+Metros+(Switzerland),lead-esl-0969
admissions@gems-world-academy-etoy.edu,GEMS World Academy - Etoy,Director of Early Years & Admissions,@gems-world-academy-etoy,Website,Pillar V: Multicultural & Bilingual Education,International School Early Division (IB PYP),Tier 1 (Macro / Institutional),Europe,Switzerland (Major Metros (Switzerland)),IB PYP,94,"Established international school in Major Metros (Switzerland), Switzerland; seeking sensory and acoustic screen-free companions for early English immersion and kindergarten transitions.",Screen vs. Sensory; Testing vs. Arts; Institution vs. Sanctuary,https://www.google.com/search?q=GEMS+World+Academy+-+Etoy+Major+Metros+(Switzerland),lead-esl-0970
admissions@geneva-english-school.edu,Geneva English School,Director of Early Years & Admissions,@geneva-english-school,Website,Pillar V: Multicultural & Bilingual Education,International School Early Division (IB PYP),Tier 1 (Macro / Institutional),Europe,Switzerland (Major Metros (Switzerland)),IB PYP,94,"Established international school in Major Metros (Switzerland), Switzerland; seeking sensory and acoustic screen-free companions for early English immersion and kindergarten transitions.",Screen vs. Sensory; Testing vs. Arts; Institution vs. Sanctuary,https://www.google.com/search?q=Geneva+English+School+Major+Metros+(Switzerland),lead-esl-0971
admissions@inter-community-school-z-rich.edu,Inter-Community School Zürich,Director of Early Years & Admissions,@inter-community-school-z-rich,Website,Pillar V: Multicultural & Bilingual Education,International School Early Division (IB PYP),Tier 1 (Macro / Institutional),Europe,Switzerland (Major Metros (Switzerland)),IB PYP,94,"Established international school in Major Metros (Switzerland), Switzerland; seeking sensory and acoustic screen-free companions for early English immersion and kindergarten transitions.",Screen vs. Sensory; Testing vs. Arts; Institution vs. Sanctuary,https://www.google.com/search?q=Inter-Community+School+Zürich+Major+Metros+(Switzerland),lead-esl-0972
admissions@international-school-basel.edu,International School Basel,Director of Early Years & Admissions,@international-school-basel,Website,Pillar V: Multicultural & Bilingual Education,International School Early Division (IB PYP),Tier 1 (Macro / Institutional),Europe,Switzerland (Major Metros (Switzerland)),IB PYP,94,"Established international school in Major Metros (Switzerland), Switzerland; seeking sensory and acoustic screen-free companions for early English immersion and kindergarten transitions.",Screen vs. Sensory; Testing vs. Arts; Institution vs. Sanctuary,https://www.google.com/search?q=International+School+Basel+Major+Metros+(Switzerland),lead-esl-0973
admissions@international-school-of-centra.edu,International School of Central Switzerland,Director of Early Years & Admissions,@international-school-of-centra,Website,Pillar V: Multicultural & Bilingual Education,International School Early Division (IB PYP),Tier 1 (Macro / Institutional),Europe,Switzerland (Major Metros (Switzerland)),IB PYP,94,"Established international school in Major Metros (Switzerland), Switzerland; seeking sensory and acoustic screen-free companions for early English immersion and kindergarten transitions.",Screen vs. Sensory; Testing vs. Arts; Institution vs. Sanctuary,https://www.google.com/search?q=International+School+of+Central+Switzerland+Major+Metros+(Switzerland),lead-esl-0974
admissions@international-school-of-geneva.edu,International School of Geneva,Director of Early Years & Admissions,@international-school-of-geneva,Website,Pillar V: Multicultural & Bilingual Education,International School Early Division (IB PYP),Tier 1 (Macro / Institutional),Europe,Switzerland (Major Metros (Switzerland)),IB PYP,94,"Established international school in Major Metros (Switzerland), Switzerland; seeking sensory and acoustic screen-free companions for early English immersion and kindergarten transitions.",Screen vs. Sensory; Testing vs. Arts; Institution vs. Sanctuary,https://www.google.com/search?q=International+School+of+Geneva+Major+Metros+(Switzerland),lead-esl-0975
admissions@international-school-of-lausan.edu,International School of Lausanne,Director of Early Years & Admissions,@international-school-of-lausan,Website,Pillar V: Multicultural & Bilingual Education,International School Early Division (IB PYP),Tier 1 (Macro / Institutional),Europe,Switzerland (Major Metros (Switzerland)),IB PYP,94,"Established international school in Major Metros (Switzerland), Switzerland; seeking sensory and acoustic screen-free companions for early English immersion and kindergarten transitions.",Screen vs. Sensory; Testing vs. Arts; Institution vs. Sanctuary,https://www.google.com/search?q=International+School+of+Lausanne+Major+Metros+(Switzerland),lead-esl-0976
admissions@international-school-of-zug-an.edu,International School of Zug and Luzern,Director of Early Years & Admissions,@international-school-of-zug-an,Website,Pillar V: Multicultural & Bilingual Education,International School Early Division (IB PYP),Tier 1 (Macro / Institutional),Europe,Switzerland (Major Metros (Switzerland)),IB PYP,94,"Established international school in Major Metros (Switzerland), Switzerland; seeking sensory and acoustic screen-free companions for early English immersion and kindergarten transitions.",Screen vs. Sensory; Testing vs. Arts; Institution vs. Sanctuary,https://www.google.com/search?q=International+School+of+Zug+and+Luzern+Major+Metros+(Switzerland),lead-esl-0977
admissions@international-school-zurich-no.edu,International School Zurich North,Director of Early Years & Admissions,@international-school-zurich-no,Website,Pillar V: Multicultural & Bilingual Education,International School Early Division (IB PYP),Tier 1 (Macro / Institutional),Europe,Switzerland (Major Metros (Switzerland)),IB PYP,94,"Established international school in Major Metros (Switzerland), Switzerland; seeking sensory and acoustic screen-free companions for early English immersion and kindergarten transitions.",Screen vs. Sensory; Testing vs. Arts; Institution vs. Sanctuary,https://www.google.com/search?q=International+School+Zurich+North+Major+Metros+(Switzerland),lead-esl-0978
admissions@institut-auf-dem-rosenberg.edu,Institut auf dem Rosenberg,Director of Early Years & Admissions,@institut-auf-dem-rosenberg,Website,Pillar V: Multicultural & Bilingual Education,International School Early Division (IB PYP),Tier 2 (Community Connector),Europe,Switzerland (Major Metros (Switzerland)),IB PYP,94,"Established international school in Major Metros (Switzerland), Switzerland; seeking sensory and acoustic screen-free companions for early English immersion and kindergarten transitions.",Screen vs. Sensory; Testing vs. Arts; Institution vs. Sanctuary,https://www.google.com/search?q=Institut+auf+dem+Rosenberg+Major+Metros+(Switzerland),lead-esl-0979
admissions@institut-international-de-lanc.edu,Institut International de Lancy,Director of Early Years & Admissions,@institut-international-de-lanc,Website,Pillar V: Multicultural & Bilingual Education,International School Early Division (IB PYP),Tier 1 (Macro / Institutional),Europe,Switzerland (Major Metros (Switzerland)),IB PYP,94,"Established international school in Major Metros (Switzerland), Switzerland; seeking sensory and acoustic screen-free companions for early English immersion and kindergarten transitions.",Screen vs. Sensory; Testing vs. Arts; Institution vs. Sanctuary,https://www.google.com/search?q=Institut+International+de+Lancy+Major+Metros+(Switzerland),lead-esl-0980
admissions@institut-le-rosey.edu,Institut Le Rosey,Director of Early Years & Admissions,@institut-le-rosey,Website,Pillar V: Multicultural & Bilingual Education,International School Early Division (IB PYP),Tier 2 (Community Connector),Europe,Switzerland (Major Metros (Switzerland)),IB PYP,94,"Established international school in Major Metros (Switzerland), Switzerland; seeking sensory and acoustic screen-free companions for early English immersion and kindergarten transitions.",Screen vs. Sensory; Testing vs. Arts; Institution vs. Sanctuary,https://www.google.com/search?q=Institut+Le+Rosey+Major+Metros+(Switzerland),lead-esl-0981
admissions@japanese-school-in-zurich.edu,Japanese School in Zurich,Director of Early Years & Admissions,@japanese-school-in-zurich,Website,Pillar V: Multicultural & Bilingual Education,International School Early Division (IB PYP),Tier 1 (Macro / Institutional),Europe,Switzerland (Major Metros (Switzerland)),IB PYP,94,"Established international school in Major Metros (Switzerland), Switzerland; seeking sensory and acoustic screen-free companions for early English immersion and kindergarten transitions.",Screen vs. Sensory; Testing vs. Arts; Institution vs. Sanctuary,https://www.google.com/search?q=Japanese+School+in+Zurich+Major+Metros+(Switzerland),lead-esl-0982
admissions@kumon-leysin-academy-of-switze.edu,Kumon Leysin Academy of Switzerland,Director of Early Years & Admissions,@kumon-leysin-academy-of-switze,Website,Pillar V: Multicultural & Bilingual Education,International School Early Division (IB PYP),Tier 1 (Macro / Institutional),Europe,Switzerland (Major Metros (Switzerland)),IB PYP,94,"Established international school in Major Metros (Switzerland), Switzerland; seeking sensory and acoustic screen-free companions for early English immersion and kindergarten transitions.",Screen vs. Sensory; Testing vs. Arts; Institution vs. Sanctuary,https://www.google.com/search?q=Kumon+Leysin+Academy+of+Switzerland+Major+Metros+(Switzerland),lead-esl-0983
admissions@la-c-te-international-school.edu,La Côte International School,Director of Early Years & Admissions,@la-c-te-international-school,Website,Pillar V: Multicultural & Bilingual Education,International School Early Division (IB PYP),Tier 1 (Macro / Institutional),Europe,Switzerland (Major Metros (Switzerland)),IB PYP,94,"Established international school in Major Metros (Switzerland), Switzerland; seeking sensory and acoustic screen-free companions for early English immersion and kindergarten transitions.",Screen vs. Sensory; Testing vs. Arts; Institution vs. Sanctuary,https://www.google.com/search?q=La+Côte+International+School+Major+Metros+(Switzerland),lead-esl-0984
admissions@leysin-american-school.edu,Leysin American School,Director of Early Years & Admissions,@leysin-american-school,Website,Pillar V: Multicultural & Bilingual Education,International School Early Division (American Early Childhood),Tier 1 (Macro / Institutional),Europe,Switzerland (Major Metros (Switzerland)),American Early Childhood,94,"Established international school in Major Metros (Switzerland), Switzerland; seeking sensory and acoustic screen-free companions for early English immersion and kindergarten transitions.",Screen vs. Sensory; Testing vs. Arts; Institution vs. Sanctuary,https://www.google.com/search?q=Leysin+American+School+Major+Metros+(Switzerland),lead-esl-0985
admissions@sis-swiss-international-school.edu,SIS Swiss International School,Director of Early Years & Admissions,@sis-swiss-international-school,Website,Pillar V: Multicultural & Bilingual Education,International School Early Division (IB PYP),Tier 1 (Macro / Institutional),Europe,Switzerland (Major Metros (Switzerland)),IB PYP,94,"Established international school in Major Metros (Switzerland), Switzerland; seeking sensory and acoustic screen-free companions for early English immersion and kindergarten transitions.",Screen vs. Sensory; Testing vs. Arts; Institution vs. Sanctuary,https://www.google.com/search?q=SIS+Swiss+International+School+Major+Metros+(Switzerland),lead-esl-0986
admissions@villa-st-jean-international-sc.edu,Villa St. Jean International School,Director of Early Years & Admissions,@villa-st-jean-international-sc,Website,Pillar V: Multicultural & Bilingual Education,International School Early Division (IB PYP),Tier 1 (Macro / Institutional),Europe,Switzerland (Major Metros (Switzerland)),IB PYP,94,"Established international school in Major Metros (Switzerland), Switzerland; seeking sensory and acoustic screen-free companions for early English immersion and kindergarten transitions.",Screen vs. Sensory; Testing vs. Arts; Institution vs. Sanctuary,https://www.google.com/search?q=Villa+St.+Jean+International+School+Major+Metros+(Switzerland),lead-esl-0987
admissions@zurich-international-school.edu,Zurich International School,Director of Early Years & Admissions,@zurich-international-school,Website,Pillar V: Multicultural & Bilingual Education,International School Early Division (IB PYP),Tier 1 (Macro / Institutional),Europe,Switzerland (Major Metros (Switzerland)),IB PYP,94,"Established international school in Major Metros (Switzerland), Switzerland; seeking sensory and acoustic screen-free companions for early English immersion and kindergarten transitions.",Screen vs. Sensory; Testing vs. Arts; Institution vs. Sanctuary,https://www.google.com/search?q=Zurich+International+School+Major+Metros+(Switzerland),lead-esl-0988
admissions@abc-international-school.edu,ABC International School,Director of Early Years & Admissions,@abc-international-school,Website,Pillar V: Multicultural & Bilingual Education,International School Early Division (IB PYP),Tier 1 (Macro / Institutional),Asia,Vietnam (Major Metros (Vietnam)),IB PYP,94,"Established international school in Major Metros (Vietnam), Vietnam; seeking sensory and acoustic screen-free companions for early English immersion and kindergarten transitions.",Screen vs. Sensory; Testing vs. Arts; Institution vs. Sanctuary,https://www.google.com/search?q=ABC+International+School+Major+Metros+(Vietnam),lead-esl-0989
admissions@american-international-school-.edu,American International School of Saigon,Director of Early Years & Admissions,@american-international-school-,Website,Pillar V: Multicultural & Bilingual Education,International School Early Division (American Early Childhood),Tier 1 (Macro / Institutional),Asia,Vietnam (Major Metros (Vietnam)),American Early Childhood,94,"Established international school in Major Metros (Vietnam), Vietnam; seeking sensory and acoustic screen-free companions for early English immersion and kindergarten transitions.",Screen vs. Sensory; Testing vs. Arts; Institution vs. Sanctuary,https://www.google.com/search?q=American+International+School+of+Saigon+Major+Metros+(Vietnam),lead-esl-0990
admissions@apu-international-school.edu,APU International School,Director of Early Years & Admissions,@apu-international-school,Website,Pillar V: Multicultural & Bilingual Education,International School Early Division (IB PYP),Tier 1 (Macro / Institutional),Asia,Vietnam (Major Metros (Vietnam)),IB PYP,94,"Established international school in Major Metros (Vietnam), Vietnam; seeking sensory and acoustic screen-free companions for early English immersion and kindergarten transitions.",Screen vs. Sensory; Testing vs. Arts; Institution vs. Sanctuary,https://www.google.com/search?q=APU+International+School+Major+Metros+(Vietnam),lead-esl-0991
admissions@british-international-school-v.edu,British International School Vietnam,Director of Early Years & Admissions,@british-international-school-v,Website,Pillar V: Multicultural & Bilingual Education,International School Early Division (British EYFS),Tier 1 (Macro / Institutional),Asia,Vietnam (Major Metros (Vietnam)),British EYFS,94,"Established international school in Major Metros (Vietnam), Vietnam; seeking sensory and acoustic screen-free companions for early English immersion and kindergarten transitions.",Screen vs. Sensory; Testing vs. Arts; Institution vs. Sanctuary,https://www.google.com/search?q=British+International+School+Vietnam+Major+Metros+(Vietnam),lead-esl-0992
admissions@british-vietnamese-internation.edu,British Vietnamese International School,Director of Early Years & Admissions,@british-vietnamese-internation,Website,Pillar V: Multicultural & Bilingual Education,International School Early Division (British EYFS),Tier 1 (Macro / Institutional),Asia,Vietnam (Major Metros (Vietnam)),British EYFS,94,"Established international school in Major Metros (Vietnam), Vietnam; seeking sensory and acoustic screen-free companions for early English immersion and kindergarten transitions.",Screen vs. Sensory; Testing vs. Arts; Institution vs. Sanctuary,https://www.google.com/search?q=British+Vietnamese+International+School+Major+Metros+(Vietnam),lead-esl-0993
admissions@british-vietnamese-internation.edu,British Vietnamese International School Hanoi,Director of Early Years & Admissions,@british-vietnamese-internation,Website,Pillar V: Multicultural & Bilingual Education,International School Early Division (British EYFS),Tier 1 (Macro / Institutional),Asia,Vietnam (Major Metros (Vietnam)),British EYFS,94,"Established international school in Major Metros (Vietnam), Vietnam; seeking sensory and acoustic screen-free companions for early English immersion and kindergarten transitions.",Screen vs. Sensory; Testing vs. Arts; Institution vs. Sanctuary,https://www.google.com/search?q=British+Vietnamese+International+School+Hanoi+Major+Metros+(Vietnam),lead-esl-0994
admissions@european-international-school-.edu,European International School Ho Chi Minh City,Director of Early Years & Admissions,@european-international-school-,Website,Pillar V: Multicultural & Bilingual Education,International School Early Division (IB PYP),Tier 1 (Macro / Institutional),Asia,Vietnam (Major Metros (Vietnam)),IB PYP,94,"Established international school in Major Metros (Vietnam), Vietnam; seeking sensory and acoustic screen-free companions for early English immersion and kindergarten transitions.",Screen vs. Sensory; Testing vs. Arts; Institution vs. Sanctuary,https://www.google.com/search?q=European+International+School+Ho+Chi+Minh+City+Major+Metros+(Vietnam),lead-esl-0995
admissions@fosco-international-school.edu,FOSCO International School,Director of Early Years & Admissions,@fosco-international-school,Website,Pillar V: Multicultural & Bilingual Education,International School Early Division (IB PYP),Tier 1 (Macro / Institutional),Asia,Vietnam (Major Metros (Vietnam)),IB PYP,94,"Established international school in Major Metros (Vietnam), Vietnam; seeking sensory and acoustic screen-free companions for early English immersion and kindergarten transitions.",Screen vs. Sensory; Testing vs. Arts; Institution vs. Sanctuary,https://www.google.com/search?q=FOSCO+International+School+Major+Metros+(Vietnam),lead-esl-0996
admissions@international-school-ho-chi-mi.edu,International School Ho Chi Minh City,Director of Early Years & Admissions,@international-school-ho-chi-mi,Website,Pillar V: Multicultural & Bilingual Education,International School Early Division (IB PYP),Tier 1 (Macro / Institutional),Asia,Vietnam (Major Metros (Vietnam)),IB PYP,94,"Established international school in Major Metros (Vietnam), Vietnam; seeking sensory and acoustic screen-free companions for early English immersion and kindergarten transitions.",Screen vs. Sensory; Testing vs. Arts; Institution vs. Sanctuary,https://www.google.com/search?q=International+School+Ho+Chi+Minh+City+Major+Metros+(Vietnam),lead-esl-0997
admissions@lyc-e-fran-ais-alexandre-yersi.edu,"Lycée français Alexandre Yersin, Hanoi",Director of Early Years & Admissions,@lyc-e-fran-ais-alexandre-yersi,Website,Pillar V: Multicultural & Bilingual Education,International School Early Division (French Immersion),Tier 2 (Community Connector),Asia,Vietnam (Major Metros (Vietnam)),French Immersion,94,"Established international school in Major Metros (Vietnam), Vietnam; seeking sensory and acoustic screen-free companions for early English immersion and kindergarten transitions.",Screen vs. Sensory; Testing vs. Arts; Institution vs. Sanctuary,"https://www.google.com/search?q=Lycée+français+Alexandre+Yersin,+Hanoi+Major+Metros+(Vietnam)",lead-esl-0998
admissions@renaissance-international-scho.edu,Renaissance International School Saigon,Director of Early Years & Admissions,@renaissance-international-scho,Website,Pillar V: Multicultural & Bilingual Education,International School Early Division (IB PYP),Tier 1 (Macro / Institutional),Asia,Vietnam (Major Metros (Vietnam)),IB PYP,94,"Established international school in Major Metros (Vietnam), Vietnam; seeking sensory and acoustic screen-free companions for early English immersion and kindergarten transitions.",Screen vs. Sensory; Testing vs. Arts; Institution vs. Sanctuary,https://www.google.com/search?q=Renaissance+International+School+Saigon+Major+Metros+(Vietnam),lead-esl-0999
admissions@saigon-south-international-sch.edu,Saigon South International School,Director of Early Years & Admissions,@saigon-south-international-sch,Website,Pillar V: Multicultural & Bilingual Education,International School Early Division (IB PYP),Tier 1 (Macro / Institutional),Asia,Vietnam (Major Metros (Vietnam)),IB PYP,94,"Established international school in Major Metros (Vietnam), Vietnam; seeking sensory and acoustic screen-free companions for early English immersion and kindergarten transitions.",Screen vs. Sensory; Testing vs. Arts; Institution vs. Sanctuary,https://www.google.com/search?q=Saigon+South+International+School+Major+Metros+(Vietnam),lead-esl-1000
admissions@united-nations-international-s.edu,United Nations International School of Hanoi,Director of Early Years & Admissions,@united-nations-international-s,Website,Pillar V: Multicultural & Bilingual Education,International School Early Division (IB PYP),Tier 1 (Macro / Institutional),Asia,Vietnam (Major Metros (Vietnam)),IB PYP,94,"Established international school in Major Metros (Vietnam), Vietnam; seeking sensory and acoustic screen-free companions for early English immersion and kindergarten transitions.",Screen vs. Sensory; Testing vs. Arts; Institution vs. Sanctuary,https://www.google.com/search?q=United+Nations+International+School+of+Hanoi+Major+Metros+(Vietnam),lead-esl-1001
